date,close
2000-01-03,39.625000
2000-01-04,38.812500
2000-01-05,39.437500
2000-01-06,38.875000
2000-01-07,39.875000
2000-01-10,40.062500
2000-01-11,41.000000
2000-01-12,42.750000
2000-01-13,42.312500
2000-01-14,42.609375
2000-01-18,41.500000
2000-01-19,42.375000
2000-01-20,42.562500
2000-01-21,41.062500
2000-01-24,39.500000
2000-01-25,39.812500
2000-01-26,35.750000
2000-01-27,37.625000
2000-01-28,36.750000
2000-01-31,37.375000
2000-02-01,36.625000
2000-02-02,35.500000
2000-02-03,35.000000
2000-02-04,35.125000
2000-02-07,34.937500
2000-02-08,36.312500
2000-02-09,35.875000
2000-02-10,35.500000
2000-02-11,34.937500
2000-02-14,33.875000
2000-02-15,33.750000
2000-02-16,33.375000
2000-02-17,33.750000
2000-02-18,32.500000
2000-02-22,32.312500
2000-02-23,32.625000
2000-02-24,31.375000
2000-02-25,31.000000
2000-02-28,31.125000
2000-02-29,31.750000
2000-03-01,31.250000
2000-03-02,30.875000
2000-03-03,32.312500
2000-03-06,31.562500
2000-03-07,29.875000
2000-03-08,30.750000
2000-03-09,32.000000
2000-03-10,31.750000
2000-03-13,32.437500
2000-03-14,30.500000
2000-03-15,32.500000
2000-03-16,34.062500
2000-03-17,33.812500
2000-03-20,34.562500
2000-03-21,35.250000
2000-03-22,35.250000
2000-03-23,35.187500
2000-03-24,34.812500
2000-03-27,34.750000
2000-03-28,35.125000
2000-03-29,36.812500
2000-03-30,37.625000
2000-03-31,37.375000
2000-04-03,38.500000
2000-04-04,38.531250
2000-04-05,38.562500
2000-04-06,37.000000
2000-04-07,37.000000
2000-04-10,36.375000
2000-04-11,37.687500
2000-04-12,36.312500
2000-04-13,34.125000
2000-04-14,33.562500
2000-04-17,33.687500
2000-04-18,32.500000
2000-04-19,33.062500
2000-04-20,35.812500
2000-04-24,39.000000
2000-04-25,38.750000
2000-04-26,38.875000
2000-04-27,38.812500
2000-04-28,38.062500
2000-05-01,38.875000
2000-05-02,39.187500
2000-05-03,37.312500
2000-05-04,35.750000
2000-05-05,35.687500
2000-05-08,35.812500
2000-05-09,37.000000
2000-05-10,38.625000
2000-05-11,38.187500
2000-05-12,37.562500
2000-05-15,38.187500
2000-05-16,39.187500
2000-05-17,39.062500
2000-05-18,38.625000
2000-05-19,37.812500
2000-05-22,38.875000
2000-05-23,39.125000
2000-05-24,38.750000
2000-05-25,37.312500
2000-05-26,37.750000
2000-05-30,36.562500
2000-05-31,35.812500
2000-06-01,35.625000
2000-06-02,36.125000
2000-06-05,35.500000
2000-06-06,35.125000
2000-06-07,34.875000
2000-06-08,35.437500
2000-06-09,33.875000
2000-06-12,32.625000
2000-06-13,32.375000
2000-06-14,31.750000
2000-06-15,32.125000
2000-06-16,31.312500
2000-06-19,31.500000
2000-06-20,31.500000
2000-06-21,31.312500
2000-06-22,31.437500
2000-06-23,32.625000
2000-06-26,33.437500
2000-06-27,32.687500
2000-06-28,32.218750
2000-06-29,31.250000
2000-06-30,32.937500
2000-07-03,32.500000
2000-07-05,31.812500
2000-07-06,32.187500
2000-07-07,32.500000
2000-07-10,32.250000
2000-07-11,32.562500
2000-07-12,32.000000
2000-07-13,31.500000
2000-07-14,31.375000
2000-07-17,31.312500
2000-07-18,31.312500
2000-07-19,31.375000
2000-07-20,31.687500
2000-07-21,30.875000
2000-07-24,30.250000
2000-07-25,31.312500
2000-07-26,31.687500
2000-07-27,32.187500
2000-07-28,32.000000
2000-07-31,31.687500
2000-08-01,32.625000
2000-08-02,33.437500
2000-08-03,33.250000
2000-08-04,33.375000
2000-08-07,33.687500
2000-08-08,33.500000
2000-08-09,32.687500
2000-08-10,32.812500
2000-08-11,33.437500
2000-08-14,33.312500
2000-08-15,32.437500
2000-08-16,32.375000
2000-08-17,31.250000
2000-08-18,31.562500
2000-08-21,31.562500
2000-08-22,31.312500
2000-08-23,31.187500
2000-08-24,30.375000
2000-08-25,30.375000
2000-08-28,30.375000
2000-08-29,30.437500
2000-08-30,30.375000
2000-08-31,29.890625
2000-09-01,29.562500
2000-09-05,29.687500
2000-09-06,30.125000
2000-09-07,29.500000
2000-09-08,28.750000
2000-09-11,28.375000
2000-09-12,29.000000
2000-09-13,27.187500
2000-09-14,27.250000
2000-09-15,28.000000
2000-09-18,28.500000
2000-09-19,27.875000
2000-09-20,27.687500
2000-09-21,27.000000
2000-09-22,28.687500
2000-09-25,29.437500
2000-09-26,29.875000
2000-09-27,29.875000
2000-09-28,29.875000
2000-09-29,30.187500
2000-10-02,30.062500
2000-10-03,30.250000
2000-10-04,30.000000
2000-10-05,30.125000
2000-10-06,29.875000
2000-10-09,30.062500
2000-10-10,29.937500
2000-10-11,30.000000
2000-10-12,28.375000
2000-10-13,28.875000
2000-10-16,29.000000
2000-10-17,28.000000
2000-10-18,28.062500
2000-10-19,27.875000
2000-10-20,28.250000
2000-10-23,29.125000
2000-10-24,29.125000
2000-10-25,29.000000
2000-10-26,28.937500
2000-10-27,29.750000
2000-10-30,31.187500
2000-10-31,31.000000
2000-11-01,31.625000
2000-11-02,31.937500
2000-11-03,32.375000
2000-11-06,32.000000
2000-11-07,31.750000
2000-11-08,31.625000
2000-11-09,31.750000
2000-11-10,33.062500
2000-11-13,33.062500
2000-11-14,33.437500
2000-11-15,33.312500
2000-11-16,32.687500
2000-11-17,33.437500
2000-11-20,33.500000
2000-11-21,33.937500
2000-11-22,34.250000
2000-11-24,33.687500
2000-11-27,31.937500
2000-11-28,31.250000
2000-11-29,32.500000
2000-11-30,31.875000
2000-12-01,30.937500
2000-12-04,31.437500
2000-12-05,30.500000
2000-12-06,29.625000
2000-12-07,30.250000
2000-12-08,29.500000
2000-12-11,29.937500
2000-12-12,30.875000
2000-12-13,31.125000
2000-12-14,31.562500
2000-12-15,31.500000
2000-12-18,32.312500
2000-12-19,32.875000
2000-12-20,31.375000
2000-12-21,32.687500
2000-12-22,32.687500
2000-12-26,32.500000
2000-12-27,33.125000
2000-12-28,33.875000
2000-12-29,34.000000
2001-01-02,33.500000
2001-01-03,33.687500
2001-01-04,33.000000
2001-01-05,32.937500
2001-01-08,33.000000
2001-01-09,33.062500
2001-01-10,33.187500
2001-01-11,32.687500
2001-01-12,33.625000
2001-01-16,34.125000
2001-01-17,34.687500
2001-01-18,33.625000
2001-01-19,32.812500
2001-01-22,33.500000
2001-01-23,32.875000
2001-01-24,30.812500
2001-01-25,29.562500
2001-01-26,29.000000
2001-01-29,29.520000
2001-01-30,29.450001
2001-01-31,29.350000
2001-02-01,29.030001
2001-02-02,29.430000
2001-02-05,29.360001
2001-02-06,30.030001
2001-02-07,29.270000
2001-02-08,29.340000
2001-02-09,29.760000
2001-02-12,29.830000
2001-02-13,30.000000
2001-02-14,29.250000
2001-02-15,30.080000
2001-02-16,30.219999
2001-02-20,30.440001
2001-02-21,29.680000
2001-02-22,30.059999
2001-02-23,30.120001
2001-02-26,29.879999
2001-02-27,30.049999
2001-02-28,29.400000
2001-03-01,29.209999
2001-03-02,28.850000
2001-03-05,28.559999
2001-03-06,28.850000
2001-03-07,28.400000
2001-03-08,29.299999
2001-03-09,28.950001
2001-03-12,28.059999
2001-03-13,27.799999
2001-03-14,27.549999
2001-03-15,27.240000
2001-03-16,26.500000
2001-03-19,26.379999
2001-03-20,25.770000
2001-03-21,25.650000
2001-03-22,25.110001
2001-03-23,25.000000
2001-03-26,25.299999
2001-03-27,25.330000
2001-03-28,25.280001
2001-03-29,26.490000
2001-03-30,26.549999
2001-04-02,26.639999
2001-04-03,25.790001
2001-04-04,26.090000
2001-04-05,26.000000
2001-04-06,26.250000
2001-04-09,26.690001
2001-04-10,27.000000
2001-04-11,26.730000
2001-04-12,26.889999
2001-04-16,27.219999
2001-04-17,27.170000
2001-04-18,27.490000
2001-04-19,27.469999
2001-04-20,27.090000
2001-04-23,26.959999
2001-04-24,26.840000
2001-04-25,27.000000
2001-04-26,27.020000
2001-04-27,27.110001
2001-04-30,27.500000
2001-05-01,27.780001
2001-05-02,27.549999
2001-05-03,26.900000
2001-05-04,26.820000
2001-05-07,26.770000
2001-05-08,26.549999
2001-05-09,27.200001
2001-05-10,26.910000
2001-05-11,27.740000
2001-05-14,27.750000
2001-05-15,27.500000
2001-05-16,27.700001
2001-05-17,28.500000
2001-05-18,29.799999
2001-05-21,29.860001
2001-05-22,30.500000
2001-05-23,30.240000
2001-05-24,30.760000
2001-05-25,30.510000
2001-05-29,30.750000
2001-05-30,30.690001
2001-05-31,30.280001
2001-06-01,29.709999
2001-06-04,29.230000
2001-06-05,29.410000
2001-06-06,29.700001
2001-06-07,29.889999
2001-06-08,29.450001
2001-06-11,29.910000
2001-06-12,29.809999
2001-06-13,30.000000
2001-06-14,29.959999
2001-06-15,28.670000
2001-06-18,28.500000
2001-06-19,28.200001
2001-06-20,28.219999
2001-06-21,28.639999
2001-06-22,28.120001
2001-06-25,27.799999
2001-06-26,27.540001
2001-06-27,27.510000
2001-06-28,27.680000
2001-06-29,27.059999
2001-07-02,27.400000
2001-07-03,27.240000
2001-07-05,27.059999
2001-07-06,26.549999
2001-07-09,26.570000
2001-07-10,26.900000
2001-07-11,26.639999
2001-07-12,27.000000
2001-07-13,27.650000
2001-07-16,27.629999
2001-07-17,27.719999
2001-07-18,27.700001
2001-07-19,27.670000
2001-07-20,27.520000
2001-07-23,27.770000
2001-07-24,28.389999
2001-07-25,29.299999
2001-07-26,28.930000
2001-07-27,28.639999
2001-07-30,28.900000
2001-07-31,29.139999
2001-08-01,29.379999
2001-08-02,29.150000
2001-08-03,29.010000
2001-08-06,28.799999
2001-08-07,28.799999
2001-08-08,28.420000
2001-08-09,28.290001
2001-08-10,28.090000
2001-08-13,28.020000
2001-08-14,27.990000
2001-08-15,28.490000
2001-08-16,29.700001
2001-08-17,30.000000
2001-08-20,30.049999
2001-08-21,30.000000
2001-08-22,30.250000
2001-08-23,30.840000
2001-08-24,30.490000
2001-08-27,30.270000
2001-08-28,29.889999
2001-08-29,30.000000
2001-08-30,30.020000
2001-08-31,30.030001
2001-09-04,30.780001
2001-09-05,30.750000
2001-09-06,30.400000
2001-09-07,29.959999
2001-09-10,28.920000
2001-09-17,28.379999
2001-09-18,28.010000
2001-09-19,28.500000
2001-09-20,27.370001
2001-09-21,27.080000
2001-09-24,26.719999
2001-09-25,26.340000
2001-09-26,26.250000
2001-09-27,27.000000
2001-09-28,27.139999
2001-10-01,27.330000
2001-10-02,27.620001
2001-10-03,28.650000
2001-10-04,28.930000
2001-10-05,28.889999
2001-10-08,28.360001
2001-10-09,28.790001
2001-10-10,29.450001
2001-10-11,30.049999
2001-10-12,29.490000
2001-10-15,29.510000
2001-10-16,29.700001
2001-10-17,29.400000
2001-10-18,29.240000
2001-10-19,28.580000
2001-10-22,28.400000
2001-10-23,27.660000
2001-10-24,27.990000
2001-10-25,28.350000
2001-10-26,28.950001
2001-10-29,27.280001
2001-10-30,25.990000
2001-10-31,26.070000
2001-11-01,26.200001
2001-11-02,26.790001
2001-11-05,26.780001
2001-11-06,27.000000
2001-11-07,27.020000
2001-11-08,26.299999
2001-11-09,26.580000
2001-11-12,26.760000
2001-11-13,27.459999
2001-11-14,27.540001
2001-11-15,28.360001
2001-11-16,28.010000
2001-11-19,27.860001
2001-11-20,27.219999
2001-11-21,27.180000
2001-11-23,27.520000
2001-11-26,27.400000
2001-11-27,27.020000
2001-11-28,26.760000
2001-11-29,26.790001
2001-11-30,26.840000
2001-12-03,26.719999
2001-12-04,26.870001
2001-12-05,27.480000
2001-12-06,27.620001
2001-12-07,26.900000
2001-12-10,27.020000
2001-12-11,26.500000
2001-12-12,25.639999
2001-12-13,25.639999
2001-12-14,26.799999
2001-12-17,26.059999
2001-12-18,26.400000
2001-12-19,26.170000
2001-12-20,25.650000
2001-12-21,25.900000
2001-12-24,25.850000
2001-12-26,26.100000
2001-12-27,26.730000
2001-12-28,26.600000
2001-12-31,26.469999
2002-01-02,26.490000
2002-01-03,26.790001
2002-01-04,26.990000
2002-01-07,27.200001
2002-01-08,27.360001
2002-01-09,26.879999
2002-01-10,26.809999
2002-01-11,26.340000
2002-01-14,26.020000
2002-01-15,26.200001
2002-01-16,26.059999
2002-01-17,26.480000
2002-01-18,26.430000
2002-01-22,26.799999
2002-01-23,27.400000
2002-01-24,26.469999
2002-01-25,25.620001
2002-01-28,26.379999
2002-01-29,26.260000
2002-01-30,26.990000
2002-01-31,27.180000
2002-02-01,26.629999
2002-02-04,26.600000
2002-02-05,27.200001
2002-02-06,27.190001
2002-02-07,27.059999
2002-02-08,26.719999
2002-02-11,27.000000
2002-02-12,26.850000
2002-02-13,26.930000
2002-02-14,26.860001
2002-02-15,26.750000
2002-02-19,26.200001
2002-02-20,26.969999
2002-02-21,26.520000
2002-02-22,26.950001
2002-02-25,26.820000
2002-02-26,26.500000
2002-02-27,26.379999
2002-02-28,26.100000
2002-03-01,26.170000
2002-03-04,26.850000
2002-03-05,27.620001
2002-03-06,28.059999
2002-03-07,27.740000
2002-03-08,27.910000
2002-03-11,27.900000
2002-03-12,28.350000
2002-03-13,27.900000
2002-03-14,28.150000
2002-03-15,28.719999
2002-03-18,28.440001
2002-03-19,28.799999
2002-03-20,28.750000
2002-03-21,28.700001
2002-03-22,27.650000
2002-03-25,27.219999
2002-03-26,27.490000
2002-03-27,27.940001
2002-03-28,27.750000
2002-04-01,27.250000
2002-04-02,27.500000
2002-04-03,27.490000
2002-04-04,27.790001
2002-04-05,28.350000
2002-04-08,28.490000
2002-04-09,28.150000
2002-04-10,27.950001
2002-04-11,27.709999
2002-04-12,27.799999
2002-04-15,27.400000
2002-04-16,27.500000
2002-04-17,27.160000
2002-04-18,28.620001
2002-04-19,28.600000
2002-04-22,28.500000
2002-04-23,28.770000
2002-04-24,28.500000
2002-04-25,28.330000
2002-04-26,28.230000
2002-04-29,28.209999
2002-04-30,28.400000
2002-05-01,28.480000
2002-05-02,28.500000
2002-05-03,29.290001
2002-05-06,29.100000
2002-05-07,29.209999
2002-05-08,28.879999
2002-05-09,29.280001
2002-05-10,29.809999
2002-05-13,30.410000
2002-05-14,29.980000
2002-05-15,30.059999
2002-05-16,29.969999
2002-05-17,30.010000
2002-05-20,30.129999
2002-05-21,30.400000
2002-05-22,30.650000
2002-05-23,30.400000
2002-05-24,30.260000
2002-05-28,30.150000
2002-05-29,30.010000
2002-05-30,29.770000
2002-05-31,29.940001
2002-06-03,29.500000
2002-06-04,29.280001
2002-06-05,29.990000
2002-06-06,30.000000
2002-06-07,29.930000
2002-06-10,30.309999
2002-06-11,29.799999
2002-06-12,29.750000
2002-06-13,29.809999
2002-06-14,29.120001
2002-06-17,29.820000
2002-06-18,29.799999
2002-06-19,29.980000
2002-06-20,29.520000
2002-06-21,29.000000
2002-06-24,29.160000
2002-06-25,29.049999
2002-06-26,28.780001
2002-06-27,28.670000
2002-06-28,28.450001
2002-07-01,28.100000
2002-07-02,27.709999
2002-07-03,27.430000
2002-07-05,27.840000
2002-07-08,27.900000
2002-07-09,27.799999
2002-07-10,28.090000
2002-07-11,27.389999
2002-07-12,27.120001
2002-07-15,26.549999
2002-07-16,26.049999
2002-07-17,25.700001
2002-07-18,25.110001
2002-07-19,24.170000
2002-07-22,23.299999
2002-07-23,23.840000
2002-07-24,23.770000
2002-07-25,21.850000
2002-07-26,23.490000
2002-07-29,24.680000
2002-07-30,24.500000
2002-07-31,24.750000
2002-08-01,24.340000
2002-08-02,23.799999
2002-08-05,23.840000
2002-08-06,22.980000
2002-08-07,23.360001
2002-08-08,22.500000
2002-08-09,22.760000
2002-08-12,22.920000
2002-08-13,22.660000
2002-08-14,23.000000
2002-08-15,24.160000
2002-08-16,23.799999
2002-08-19,24.610001
2002-08-20,24.370001
2002-08-21,24.520000
2002-08-22,24.400000
2002-08-23,24.150000
2002-08-26,23.959999
2002-08-27,23.850000
2002-08-28,23.570000
2002-08-29,23.809999
2002-08-30,23.760000
2002-09-03,23.030001
2002-09-04,22.240000
2002-09-05,21.969999
2002-09-06,21.360001
2002-09-09,21.450001
2002-09-10,21.299999
2002-09-11,21.340000
2002-09-12,20.309999
2002-09-13,20.530001
2002-09-16,21.690001
2002-09-17,18.910000
2002-09-18,18.160000
2002-09-19,17.850000
2002-09-20,17.950001
2002-09-23,18.160000
2002-09-24,17.900000
2002-09-25,18.100000
2002-09-26,18.450001
2002-09-27,18.370001
2002-09-30,17.660000
2002-10-01,18.280001
2002-10-02,18.190001
2002-10-03,17.790001
2002-10-04,17.500000
2002-10-07,17.450001
2002-10-08,17.559999
2002-10-09,16.559999
2002-10-10,17.170000
2002-10-11,17.969999
2002-10-14,17.969999
2002-10-15,18.059999
2002-10-16,17.500000
2002-10-17,17.830000
2002-10-18,17.480000
2002-10-21,18.299999
2002-10-22,18.950001
2002-10-23,19.250000
2002-10-24,18.709999
2002-10-25,18.500000
2002-10-28,18.320000
2002-10-29,18.420000
2002-10-30,18.200001
2002-10-31,18.110001
2002-11-01,18.129999
2002-11-04,18.430000
2002-11-05,18.930000
2002-11-06,19.059999
2002-11-07,19.309999
2002-11-08,17.790001
2002-11-11,17.090000
2002-11-12,17.090000
2002-11-13,17.150000
2002-11-14,17.299999
2002-11-15,17.379999
2002-11-18,17.750000
2002-11-19,17.840000
2002-11-20,18.049999
2002-11-21,18.700001
2002-11-22,18.639999
2002-11-25,18.230000
2002-11-26,18.219999
2002-11-27,18.500000
2002-11-29,18.500000
2002-12-02,18.740000
2002-12-03,18.240000
2002-12-04,18.370001
2002-12-05,18.780001
2002-12-06,17.969999
2002-12-09,17.400000
2002-12-10,17.350000
2002-12-11,17.200001
2002-12-12,17.400000
2002-12-13,17.340000
2002-12-16,17.379999
2002-12-17,15.990000
2002-12-18,15.960000
2002-12-19,15.640000
2002-12-20,15.750000
2002-12-23,15.550000
2002-12-24,15.480000
2002-12-26,15.580000
2002-12-27,15.500000
2002-12-30,15.750000
2002-12-31,16.080000
2003-01-02,16.549999
2003-01-03,16.120001
2003-01-06,16.650000
2003-01-07,16.670000
2003-01-08,16.840000
2003-01-09,16.870001
2003-01-10,17.240000
2003-01-13,17.330000
2003-01-14,16.959999
2003-01-15,16.690001
2003-01-16,15.850000
2003-01-17,15.450000
2003-01-21,15.340000
2003-01-22,15.360000
2003-01-23,15.000000
2003-01-24,14.900000
2003-01-27,14.700000
2003-01-28,14.670000
2003-01-29,14.380000
2003-01-30,14.460000
2003-01-31,14.240000
2003-02-03,14.520000
2003-02-04,14.300000
2003-02-05,14.060000
2003-02-06,13.680000
2003-02-07,13.550000
2003-02-10,13.700000
2003-02-11,13.900000
2003-02-12,13.830000
2003-02-13,13.570000
2003-02-14,13.620000
2003-02-18,13.450000
2003-02-19,13.500000
2003-02-20,13.380000
2003-02-21,13.580000
2003-02-24,13.270000
2003-02-25,13.150000
2003-02-26,12.810000
2003-02-27,13.250000
2003-02-28,13.610000
2003-03-03,13.190000
2003-03-04,12.910000
2003-03-05,12.770000
2003-03-06,12.610000
2003-03-07,12.820000
2003-03-10,12.500000
2003-03-11,12.470000
2003-03-12,12.380000
2003-03-13,12.800000
2003-03-14,13.540000
2003-03-17,13.700000
2003-03-18,14.310000
2003-03-19,14.570000
2003-03-20,14.380000
2003-03-21,14.650000
2003-03-24,14.030000
2003-03-25,14.160000
2003-03-26,14.230000
2003-03-27,14.500000
2003-03-28,14.840000
2003-03-31,14.460000
2003-04-01,14.050000
2003-04-02,14.320000
2003-04-03,14.080000
2003-04-04,14.550000
2003-04-07,15.800000
2003-04-08,15.840000
2003-04-09,15.500000
2003-04-10,15.800000
2003-04-11,15.780000
2003-04-14,15.700000
2003-04-15,15.850000
2003-04-16,15.750000
2003-04-17,16.000000
2003-04-21,16.010000
2003-04-22,16.049999
2003-04-23,15.850000
2003-04-24,15.920000
2003-04-25,15.810000
2003-04-28,16.930000
2003-04-29,17.280001
2003-04-30,17.100000
2003-05-01,17.160000
2003-05-02,17.590000
2003-05-05,17.490000
2003-05-06,17.879999
2003-05-07,17.389999
2003-05-08,17.250000
2003-05-09,17.580000
2003-05-12,18.290001
2003-05-13,18.270000
2003-05-14,18.559999
2003-05-15,18.600000
2003-05-16,18.520000
2003-05-19,18.160000
2003-05-20,16.950001
2003-05-21,17.299999
2003-05-22,17.500000
2003-05-23,17.799999
2003-05-27,17.770000
2003-05-28,18.260000
2003-05-29,18.340000
2003-05-30,18.730000
2003-06-02,18.900000
2003-06-03,19.170000
2003-06-04,18.990000
2003-06-05,19.280001
2003-06-06,21.059999
2003-06-09,20.870001
2003-06-10,21.670000
2003-06-11,21.639999
2003-06-12,21.620001
2003-06-13,21.459999
2003-06-16,22.200001
2003-06-17,22.200001
2003-06-18,22.049999
2003-06-19,21.559999
2003-06-20,22.020000
2003-06-23,22.370001
2003-06-24,22.530001
2003-06-25,22.240000
2003-06-26,22.450001
2003-06-27,22.370001
2003-06-30,22.059999
2003-07-01,21.940001
2003-07-02,22.719999
2003-07-03,22.620001
2003-07-07,22.900000
2003-07-08,22.799999
2003-07-09,22.850000
2003-07-10,22.260000
2003-07-11,22.580000
2003-07-14,21.920000
2003-07-15,21.080000
2003-07-16,21.120001
2003-07-17,20.490000
2003-07-18,21.389999
2003-07-21,20.870001
2003-07-22,21.080000
2003-07-23,21.209999
2003-07-24,21.080000
2003-07-25,21.440001
2003-07-28,21.260000
2003-07-29,22.150000
2003-07-30,22.400000
2003-07-31,23.010000
2003-08-01,22.969999
2003-08-04,22.580000
2003-08-05,22.000000
2003-08-06,21.820000
2003-08-07,22.059999
2003-08-08,23.889999
2003-08-11,23.760000
2003-08-12,23.790001
2003-08-13,23.170000
2003-08-14,22.950001
2003-08-15,22.980000
2003-08-18,22.719999
2003-08-19,22.879999
2003-08-20,23.000000
2003-08-21,22.500000
2003-08-22,21.950001
2003-08-25,22.200001
2003-08-26,22.299999
2003-08-27,22.559999
2003-08-28,22.350000
2003-08-29,22.420000
2003-09-02,22.500000
2003-09-03,22.690001
2003-09-04,23.389999
2003-09-05,23.299999
2003-09-08,23.350000
2003-09-09,23.590000
2003-09-10,23.200001
2003-09-11,23.700001
2003-09-12,23.480000
2003-09-15,23.490000
2003-09-16,23.750000
2003-09-17,23.750000
2003-09-18,23.910000
2003-09-19,23.920000
2003-09-22,23.629999
2003-09-23,23.900000
2003-09-24,23.930000
2003-09-25,23.360001
2003-09-26,23.600000
2003-09-29,23.730000
2003-09-30,23.540001
2003-10-01,24.209999
2003-10-02,24.280001
2003-10-03,24.260000
2003-10-06,24.100000
2003-10-07,24.719999
2003-10-08,24.150000
2003-10-09,24.209999
2003-10-10,24.290001
2003-10-13,24.480000
2003-10-14,24.389999
2003-10-15,23.920000
2003-10-16,24.000000
2003-10-17,24.150000
2003-10-20,24.180000
2003-10-21,23.740000
2003-10-22,23.900000
2003-10-23,24.000000
2003-10-24,24.190001
2003-10-27,24.250000
2003-10-28,24.600000
2003-10-29,24.610001
2003-10-30,24.730000
2003-10-31,25.000000
2003-11-03,25.389999
2003-11-04,26.110001
2003-11-05,26.150000
2003-11-06,25.980000
2003-11-07,26.010000
2003-11-10,26.000000
2003-11-11,26.100000
2003-11-12,26.240000
2003-11-13,26.070000
2003-11-14,25.680000
2003-11-17,25.000000
2003-11-18,24.700001
2003-11-19,24.650000
2003-11-20,24.680000
2003-11-21,24.969999
2003-11-24,25.639999
2003-11-25,25.760000
2003-11-26,25.389999
2003-11-28,25.629999
2003-12-01,26.350000
2003-12-02,26.480000
2003-12-03,26.459999
2003-12-04,26.559999
2003-12-05,25.990000
2003-12-08,25.620001
2003-12-09,25.420000
2003-12-10,25.549999
2003-12-11,25.799999
2003-12-12,25.780001
2003-12-15,25.420000
2003-12-16,24.879999
2003-12-17,24.500000
2003-12-18,24.809999
2003-12-19,24.299999
2003-12-22,25.160000
2003-12-23,25.280001
2003-12-24,23.959999
2003-12-26,24.090000
2003-12-29,24.600000
2003-12-30,24.780001
2003-12-31,24.830000
2004-01-02,24.790001
2004-01-05,25.030001
2004-01-06,25.330000
2004-01-07,25.410000
2004-01-08,25.500000
2004-01-09,25.150000
2004-01-12,25.110001
2004-01-13,24.639999
2004-01-14,25.070000
2004-01-15,25.150000
2004-01-16,25.309999
2004-01-20,25.170000
2004-01-21,25.520000
2004-01-22,25.389999
2004-01-23,25.250000
2004-01-26,25.280001
2004-01-27,25.450001
2004-01-28,24.860001
2004-01-29,25.500000
2004-01-30,25.740000
2004-02-02,25.990000
2004-02-03,26.150000
2004-02-04,26.410000
2004-02-05,26.700001
2004-02-06,27.160000
2004-02-09,26.910000
2004-02-10,26.780001
2004-02-11,27.049999
2004-02-12,26.680000
2004-02-13,26.629999
2004-02-17,27.000000
2004-02-18,27.049999
2004-02-19,27.250000
2004-02-20,27.160000
2004-02-23,27.770000
2004-02-24,27.629999
2004-02-25,27.940001
2004-02-26,28.299999
2004-02-27,28.299999
2004-03-01,28.410000
2004-03-02,28.420000
2004-03-03,28.889999
2004-03-04,28.840000
2004-03-05,29.850000
2004-03-08,29.309999
2004-03-09,28.980000
2004-03-10,28.910000
2004-03-11,28.700001
2004-03-12,29.010000
2004-03-15,28.450001
2004-03-16,28.660000
2004-03-17,28.700001
2004-03-18,28.020000
2004-03-19,28.100000
2004-03-22,28.350000
2004-03-23,27.760000
2004-03-24,27.700001
2004-03-25,28.450001
2004-03-26,27.870001
2004-03-29,28.469999
2004-03-30,28.660000
2004-03-31,28.570000
2004-04-01,28.910000
2004-04-02,28.940001
2004-04-05,29.360001
2004-04-06,29.010000
2004-04-07,28.900000
2004-04-08,28.670000
2004-04-12,29.020000
2004-04-13,28.270000
2004-04-14,27.000000
2004-04-15,26.930000
2004-04-16,27.459999
2004-04-19,26.750000
2004-04-20,26.549999
2004-04-21,26.950001
2004-04-22,27.400000
2004-04-23,27.340000
2004-04-26,27.320000
2004-04-27,27.200001
2004-04-28,27.610001
2004-04-29,27.180000
2004-04-30,27.230000
2004-05-03,27.760000
2004-05-04,27.610001
2004-05-05,27.809999
2004-05-06,27.270000
2004-05-07,26.709999
2004-05-10,26.639999
2004-05-11,26.450001
2004-05-12,26.070000
2004-05-13,26.090000
2004-05-14,26.170000
2004-05-17,25.870001
2004-05-18,25.790001
2004-05-19,25.750000
2004-05-20,25.309999
2004-05-21,25.450001
2004-05-24,25.350000
2004-05-25,25.450001
2004-05-26,25.750000
2004-05-27,26.270000
2004-05-28,26.400000
2004-06-01,26.469999
2004-06-02,26.430000
2004-06-03,26.520000
2004-06-04,26.860001
2004-06-07,26.610001
2004-06-08,26.840000
2004-06-09,26.580000
2004-06-10,27.049999
2004-06-14,27.000000
2004-06-15,26.680000
2004-06-16,26.709999
2004-06-17,26.719999
2004-06-18,26.920000
2004-06-21,26.860001
2004-06-22,26.900000
2004-06-23,27.110001
2004-06-24,27.080000
2004-06-25,26.990000
2004-06-28,26.580000
2004-06-29,26.410000
2004-06-30,26.000000
2004-07-01,26.309999
2004-07-02,26.120001
2004-07-06,26.129999
2004-07-07,26.420000
2004-07-08,26.500000
2004-07-09,26.510000
2004-07-12,26.820000
2004-07-13,26.680000
2004-07-14,27.790001
2004-07-15,27.910000
2004-07-16,27.809999
2004-07-19,27.930000
2004-07-20,28.160000
2004-07-21,27.660000
2004-07-22,27.570000
2004-07-23,27.080000
2004-07-26,26.980000
2004-07-27,27.490000
2004-07-28,27.309999
2004-07-29,27.240000
2004-07-30,27.500000
2004-08-02,27.459999
2004-08-03,27.250000
2004-08-04,27.160000
2004-08-05,26.879999
2004-08-06,26.340000
2004-08-09,26.160000
2004-08-10,26.740000
2004-08-11,26.350000
2004-08-12,25.850000
2004-08-13,25.809999
2004-08-16,25.750000
2004-08-17,26.370001
2004-08-18,26.480000
2004-08-19,26.600000
2004-08-20,27.070000
2004-08-23,26.639999
2004-08-24,26.870001
2004-08-25,26.950001
2004-08-26,27.100000
2004-08-27,27.170000
2004-08-30,27.000000
2004-08-31,27.020000
2004-09-01,27.190001
2004-09-02,27.490000
2004-09-03,27.760000
2004-09-07,27.379999
2004-09-08,27.500000
2004-09-09,27.440001
2004-09-10,27.049999
2004-09-13,27.170000
2004-09-14,27.600000
2004-09-15,27.530001
2004-09-16,27.590000
2004-09-17,27.670000
2004-09-20,27.469999
2004-09-21,27.770000
2004-09-22,27.010000
2004-09-23,27.139999
2004-09-24,27.600000
2004-09-27,27.940001
2004-09-28,27.959999
2004-09-29,27.889999
2004-09-30,28.030001
2004-10-01,28.139999
2004-10-04,28.000000
2004-10-05,27.940001
2004-10-06,27.840000
2004-10-07,27.930000
2004-10-08,27.940001
2004-10-11,27.680000
2004-10-12,27.549999
2004-10-13,28.860001
2004-10-14,29.080000
2004-10-15,28.990000
2004-10-18,29.200001
2004-10-19,29.000000
2004-10-20,28.799999
2004-10-21,28.520000
2004-10-22,28.520000
2004-10-25,28.379999
2004-10-26,28.870001
2004-10-27,29.190001
2004-10-28,29.030001
2004-10-29,29.150000
2004-11-01,29.580000
2004-11-02,29.190001
2004-11-03,29.309999
2004-11-04,29.629999
2004-11-05,30.059999
2004-11-08,30.200001
2004-11-09,30.180000
2004-11-10,30.020000
2004-11-11,30.280001
2004-11-12,30.500000
2004-11-15,30.420000
2004-11-16,30.110001
2004-11-17,30.400000
2004-11-18,29.950001
2004-11-19,29.299999
2004-11-22,29.379999
2004-11-23,30.100000
2004-11-24,30.400000
2004-11-26,30.570000
2004-11-29,30.750000
2004-11-30,30.740000
2004-12-01,31.209999
2004-12-02,31.420000
2004-12-03,31.280001
2004-12-06,31.080000
2004-12-07,31.219999
2004-12-08,31.500000
2004-12-09,31.780001
2004-12-10,31.650000
2004-12-13,31.980000
2004-12-14,31.910000
2004-12-15,32.439999
2004-12-16,32.660000
2004-12-17,32.540001
2004-12-20,32.389999
2004-12-21,32.590000
2004-12-22,32.520000
2004-12-23,32.330002
2004-12-27,32.150002
2004-12-28,32.459999
2004-12-29,32.529999
2004-12-30,32.380001
2004-12-31,32.060001
2005-01-03,31.820000
2005-01-04,32.080002
2005-01-05,31.830000
2005-01-06,32.080002
2005-01-07,31.870001
2005-01-10,31.670000
2005-01-11,31.100000
2005-01-12,31.340000
2005-01-13,30.889999
2005-01-14,31.309999
2005-01-18,31.600000
2005-01-19,31.620001
2005-01-20,31.450001
2005-01-21,31.250000
2005-01-24,31.740000
2005-01-25,31.940001
2005-01-26,31.990000
2005-01-27,32.119999
2005-01-28,32.000000
2005-01-31,32.389999
2005-02-01,31.980000
2005-02-02,31.770000
2005-02-03,32.060001
2005-02-04,32.570000
2005-02-07,32.779999
2005-02-08,32.419998
2005-02-09,31.969999
2005-02-10,32.099998
2005-02-11,32.250000
2005-02-14,32.610001
2005-02-15,33.160000
2005-02-16,32.599998
2005-02-17,32.290001
2005-02-18,32.330002
2005-02-22,31.950001
2005-02-23,32.439999
2005-02-24,32.650002
2005-02-25,32.980000
2005-02-28,33.080002
2005-03-01,33.330002
2005-03-02,33.279999
2005-03-03,33.410000
2005-03-04,33.959999
2005-03-07,34.209999
2005-03-08,33.480000
2005-03-09,32.529999
2005-03-10,32.750000
2005-03-11,32.590000
2005-03-14,32.959999
2005-03-15,32.430000
2005-03-16,32.320000
2005-03-17,31.799999
2005-03-18,31.900000
2005-03-21,31.680000
2005-03-22,31.450001
2005-03-23,31.450001
2005-03-24,31.580000
2005-03-28,31.530001
2005-03-29,31.020000
2005-03-30,31.650000
2005-03-31,31.139999
2005-04-01,31.000000
2005-04-04,30.990000
2005-04-05,31.209999
2005-04-06,31.490000
2005-04-07,31.469999
2005-04-08,31.139999
2005-04-11,30.799999
2005-04-12,30.900000
2005-04-13,31.219999
2005-04-14,30.760000
2005-04-15,30.299999
2005-04-18,30.100000
2005-04-19,30.180000
2005-04-20,29.940001
2005-04-21,29.850000
2005-04-22,30.059999
2005-04-25,30.280001
2005-04-26,30.000000
2005-04-27,30.160000
2005-04-28,29.610001
2005-04-29,29.309999
2005-05-02,29.570000
2005-05-03,29.799999
2005-05-04,30.129999
2005-05-05,29.940001
2005-05-06,29.379999
2005-05-09,30.120001
2005-05-10,30.100000
2005-05-11,29.850000
2005-05-12,29.780001
2005-05-13,29.650000
2005-05-16,29.879999
2005-05-17,29.969999
2005-05-18,30.580000
2005-05-19,30.969999
2005-05-20,30.940001
2005-05-23,31.320000
2005-05-24,30.870001
2005-05-25,30.889999
2005-05-26,31.480000
2005-05-27,31.260000
2005-05-31,30.940001
2005-06-01,31.020000
2005-06-02,31.120001
2005-06-03,30.510000
2005-06-06,30.410000
2005-06-07,29.570000
2005-06-08,29.230000
2005-06-09,28.980000
2005-06-10,29.530001
2005-06-13,29.110001
2005-06-14,29.299999
2005-06-15,28.950001
2005-06-16,29.129999
2005-06-17,29.000000
2005-06-20,29.059999
2005-06-21,29.040001
2005-06-22,29.020000
2005-06-23,28.570000
2005-06-24,28.280001
2005-06-27,28.160000
2005-06-28,28.240000
2005-06-29,27.910000
2005-06-30,27.750000
2005-07-01,27.940001
2005-07-05,27.969999
2005-07-06,27.700001
2005-07-07,28.000000
2005-07-08,28.650000
2005-07-11,28.969999
2005-07-12,29.160000
2005-07-13,29.590000
2005-07-14,29.600000
2005-07-15,30.990000
2005-07-18,30.900000
2005-07-19,30.850000
2005-07-20,30.900000
2005-07-21,30.780001
2005-07-22,30.940001
2005-07-25,30.620001
2005-07-26,30.360001
2005-07-27,30.080000
2005-07-28,30.280001
2005-07-29,31.170000
2005-08-01,31.180000
2005-08-02,31.480000
2005-08-03,31.620001
2005-08-04,31.200001
2005-08-05,31.299999
2005-08-08,32.139999
2005-08-09,32.439999
2005-08-10,32.700001
2005-08-11,34.689999
2005-08-12,33.250000
2005-08-15,33.599998
2005-08-16,33.169998
2005-08-17,33.869999
2005-08-18,33.389999
2005-08-19,33.380001
2005-08-22,33.290001
2005-08-23,33.040001
2005-08-24,32.980000
2005-08-25,33.299999
2005-08-26,33.480000
2005-08-29,33.169998
2005-08-30,32.400002
2005-08-31,32.450001
2005-09-01,31.549999
2005-09-02,31.900000
2005-09-06,32.660000
2005-09-07,33.700001
2005-09-08,33.369999
2005-09-09,34.139999
2005-09-12,33.799999
2005-09-13,33.119999
2005-09-14,32.360001
2005-09-15,33.450001
2005-09-16,34.240002
2005-09-19,33.500000
2005-09-20,32.619999
2005-09-21,31.420000
2005-09-22,33.090000
2005-09-23,32.639999
2005-09-26,33.259998
2005-09-27,33.009998
2005-09-28,33.099998
2005-09-29,33.480000
2005-09-30,33.490002
2005-10-03,33.869999
2005-10-04,32.880001
2005-10-05,32.849998
2005-10-06,32.730000
2005-10-07,32.220001
2005-10-10,32.340000
2005-10-11,32.340000
2005-10-12,31.670000
2005-10-13,32.049999
2005-10-14,32.320000
2005-10-17,32.700001
2005-10-18,32.470001
2005-10-19,33.689999
2005-10-20,32.400002
2005-10-21,32.480000
2005-10-24,33.119999
2005-10-25,33.000000
2005-10-26,32.310001
2005-10-27,31.549999
2005-10-28,32.290001
2005-10-31,31.600000
2005-11-01,31.770000
2005-11-02,32.259998
2005-11-03,33.230000
2005-11-04,33.430000
2005-11-07,33.700001
2005-11-08,34.000000
2005-11-09,33.330002
2005-11-10,33.230000
2005-11-11,33.799999
2005-11-14,33.930000
2005-11-15,33.310001
2005-11-16,32.799999
2005-11-17,33.189999
2005-11-18,33.090000
2005-11-21,33.070000
2005-11-22,32.990002
2005-11-23,33.709999
2005-11-25,33.459999
2005-11-28,33.950001
2005-11-29,33.930000
2005-11-30,33.849998
2005-12-01,35.330002
2005-12-02,34.910000
2005-12-05,34.570000
2005-12-06,35.160000
2005-12-07,35.259998
2005-12-08,34.820000
2005-12-09,34.840000
2005-12-12,34.470001
2005-12-13,35.270000
2005-12-14,35.500000
2005-12-15,34.980000
2005-12-16,34.750000
2005-12-19,34.099998
2005-12-20,34.150002
2005-12-21,34.439999
2005-12-22,34.580002
2005-12-23,34.549999
2005-12-27,34.099998
2005-12-28,34.189999
2005-12-29,34.139999
2005-12-30,33.720001
2006-01-03,33.520000
2006-01-04,33.820000
2006-01-05,33.860001
2006-01-06,34.060001
2006-01-09,34.709999
2006-01-10,34.740002
2006-01-11,35.340000
2006-01-12,34.790001
2006-01-13,34.470001
2006-01-17,34.590000
2006-01-18,34.990002
2006-01-19,35.200001
2006-01-20,35.860001
2006-01-23,35.709999
2006-01-24,35.849998
2006-01-25,35.160000
2006-01-26,34.939999
2006-01-27,35.049999
2006-01-30,35.020000
2006-01-31,35.009998
2006-02-01,35.669998
2006-02-02,35.450001
2006-02-03,35.970001
2006-02-06,36.130001
2006-02-07,36.189999
2006-02-08,36.360001
2006-02-09,36.299999
2006-02-10,36.330002
2006-02-13,36.360001
2006-02-14,36.369999
2006-02-15,36.009998
2006-02-16,36.369999
2006-02-17,36.060001
2006-02-21,35.660000
2006-02-22,35.950001
2006-02-23,35.590000
2006-02-24,35.340000
2006-02-27,35.250000
2006-02-28,34.910000
2006-03-01,34.930000
2006-03-02,34.939999
2006-03-03,34.849998
2006-03-06,34.669998
2006-03-07,34.639999
2006-03-08,34.680000
2006-03-09,34.529999
2006-03-10,34.650002
2006-03-13,34.320000
2006-03-14,34.259998
2006-03-15,34.770000
2006-03-16,35.060001
2006-03-17,35.099998
2006-03-20,34.730000
2006-03-21,34.900002
2006-03-22,34.799999
2006-03-23,34.540001
2006-03-24,34.700001
2006-03-27,34.549999
2006-03-28,34.310001
2006-03-29,34.599998
2006-03-30,34.549999
2006-03-31,34.360001
2006-04-03,34.730000
2006-04-04,34.660000
2006-04-05,34.810001
2006-04-06,34.599998
2006-04-07,34.880001
2006-04-10,35.349998
2006-04-11,35.549999
2006-04-12,35.189999
2006-04-13,34.849998
2006-04-17,34.320000
2006-04-18,34.480000
2006-04-19,34.549999
2006-04-20,35.080002
2006-04-21,34.599998
2006-04-24,34.259998
2006-04-25,33.849998
2006-04-26,34.110001
2006-04-27,34.619999
2006-04-28,34.570000
2006-05-01,34.369999
2006-05-02,34.410000
2006-05-03,34.860001
2006-05-04,34.849998
2006-05-05,35.209999
2006-05-08,35.389999
2006-05-09,35.830002
2006-05-10,35.959999
2006-05-11,35.349998
2006-05-12,34.880001
2006-05-15,34.970001
2006-05-16,34.700001
2006-05-17,34.560001
2006-05-18,34.439999
2006-05-19,34.150002
2006-05-22,34.029999
2006-05-23,33.529999
2006-05-24,32.950001
2006-05-25,33.259998
2006-05-26,32.919998
2006-05-30,32.720001
2006-05-31,33.169998
2006-06-01,33.680000
2006-06-02,33.509998
2006-06-05,33.150002
2006-06-06,33.310001
2006-06-07,33.320000
2006-06-08,33.689999
2006-06-09,33.380001
2006-06-12,32.930000
2006-06-13,31.940001
2006-06-14,32.849998
2006-06-15,33.349998
2006-06-16,33.139999
2006-06-19,32.849998
2006-06-20,32.959999
2006-06-21,33.400002
2006-06-22,32.549999
2006-06-23,32.599998
2006-06-26,32.660000
2006-06-27,32.509998
2006-06-28,31.969999
2006-06-29,33.560001
2006-06-30,33.599998
2006-07-03,33.970001
2006-07-05,33.759998
2006-07-06,33.689999
2006-07-07,33.180000
2006-07-10,33.680000
2006-07-11,34.279999
2006-07-12,33.810001
2006-07-13,33.169998
2006-07-14,33.040001
2006-07-17,34.720001
2006-07-18,34.810001
2006-07-19,35.090000
2006-07-20,34.669998
2006-07-21,34.700001
2006-07-24,34.840000
2006-07-25,34.759998
2006-07-26,34.450001
2006-07-27,34.730000
2006-07-28,35.290001
2006-07-31,35.389999
2006-08-01,35.080002
2006-08-02,35.590000
2006-08-03,35.840000
2006-08-04,35.410000
2006-08-07,35.529999
2006-08-08,35.160000
2006-08-09,34.360001
2006-08-10,34.869999
2006-08-11,34.689999
2006-08-14,34.720001
2006-08-15,35.500000
2006-08-16,35.970001
2006-08-17,36.240002
2006-08-18,36.180000
2006-08-21,35.709999
2006-08-22,35.599998
2006-08-23,35.590000
2006-08-24,35.880001
2006-08-25,35.230000
2006-08-28,35.810001
2006-08-29,36.080002
2006-08-30,36.150002
2006-08-31,35.900002
2006-09-01,36.759998
2006-09-05,36.650002
2006-09-06,36.220001
2006-09-07,36.520000
2006-09-08,37.500000
2006-09-11,37.119999
2006-09-12,38.200001
2006-09-13,37.840000
2006-09-14,37.330002
2006-09-15,37.730000
2006-09-18,37.419998
2006-09-19,37.580002
2006-09-20,37.779999
2006-09-21,38.340000
2006-09-22,38.209999
2006-09-25,38.849998
2006-09-26,39.060001
2006-09-27,39.820000
2006-09-28,39.590000
2006-09-29,39.119999
2006-10-02,39.509998
2006-10-03,39.680000
2006-10-04,40.000000
2006-10-05,39.799999
2006-10-06,40.110001
2006-10-09,40.570000
2006-10-10,40.840000
2006-10-11,41.250000
2006-10-12,42.230000
2006-10-13,42.110001
2006-10-16,42.119999
2006-10-17,41.599998
2006-10-18,41.470001
2006-10-19,40.770000
2006-10-20,41.470001
2006-10-23,42.139999
2006-10-24,42.250000
2006-10-25,42.000000
2006-10-26,42.110001
2006-10-27,41.470001
2006-10-30,41.919998
2006-10-31,41.919998
2006-11-01,41.860001
2006-11-02,42.049999
2006-11-03,41.240002
2006-11-06,41.830002
2006-11-07,41.669998
2006-11-08,42.029999
2006-11-09,42.090000
2006-11-10,41.970001
2006-11-13,41.509998
2006-11-14,41.270000
2006-11-15,41.099998
2006-11-16,41.669998
2006-11-17,41.820000
2006-11-20,41.889999
2006-11-21,42.060001
2006-11-22,42.150002
2006-11-24,41.880001
2006-11-27,41.099998
2006-11-28,41.400002
2006-11-29,41.849998
2006-11-30,41.970001
2006-12-01,42.080002
2006-12-04,42.500000
2006-12-05,42.750000
2006-12-06,42.959999
2006-12-07,43.279999
2006-12-08,43.759998
2006-12-11,43.580002
2006-12-12,43.040001
2006-12-13,43.590000
2006-12-14,43.689999
2006-12-15,43.410000
2006-12-18,43.480000
2006-12-19,43.990002
2006-12-20,43.860001
2006-12-21,43.869999
2006-12-22,43.570000
2006-12-26,43.810001
2006-12-27,44.330002
2006-12-28,44.360001
2006-12-29,44.330002
2007-01-03,43.869999
2007-01-04,43.540001
2007-01-05,43.540001
2007-01-08,43.709999
2007-01-09,43.790001
2007-01-10,44.259998
2007-01-11,44.509998
2007-01-12,44.220001
2007-01-16,44.570000
2007-01-17,44.860001
2007-01-18,44.590000
2007-01-19,44.810001
2007-01-22,44.349998
2007-01-23,44.849998
2007-01-24,44.160000
2007-01-25,43.000000
2007-01-26,42.930000
2007-01-29,43.230000
2007-01-30,43.770000
2007-01-31,44.349998
2007-02-01,44.480000
2007-02-02,44.540001
2007-02-05,44.529999
2007-02-06,44.770000
2007-02-07,44.720001
2007-02-08,44.349998
2007-02-09,44.560001
2007-02-12,44.730000
2007-02-13,44.900002
2007-02-14,45.020000
2007-02-15,44.980000
2007-02-16,45.320000
2007-02-20,45.799999
2007-02-21,45.970001
2007-02-22,46.049999
2007-02-23,46.009998
2007-02-26,45.799999
2007-02-27,44.459999
2007-02-28,43.689999
2007-03-01,44.099998
2007-03-02,43.669998
2007-03-05,42.910000
2007-03-06,43.099998
2007-03-07,43.099998
2007-03-08,43.639999
2007-03-09,44.150002
2007-03-12,44.669998
2007-03-13,43.480000
2007-03-14,43.650002
2007-03-15,43.470001
2007-03-16,43.480000
2007-03-19,43.869999
2007-03-20,44.310001
2007-03-21,44.610001
2007-03-22,44.490002
2007-03-23,45.049999
2007-03-26,45.119999
2007-03-27,45.040001
2007-03-28,44.830002
2007-03-29,44.869999
2007-03-30,45.049999
2007-04-02,44.820000
2007-04-03,45.259998
2007-04-04,45.230000
2007-04-05,45.779999
2007-04-09,46.490002
2007-04-10,46.310001
2007-04-11,46.439999
2007-04-12,46.630001
2007-04-13,47.639999
2007-04-16,48.099998
2007-04-17,49.009998
2007-04-18,48.880001
2007-04-19,48.779999
2007-04-20,48.360001
2007-04-23,48.639999
2007-04-24,48.470001
2007-04-25,48.630001
2007-04-26,49.230000
2007-04-27,48.950001
2007-04-30,48.279999
2007-05-01,49.139999
2007-05-02,50.020000
2007-05-03,49.910000
2007-05-04,49.919998
2007-05-07,49.500000
2007-05-08,49.320000
2007-05-09,49.840000
2007-05-10,50.000000
2007-05-11,50.650002
2007-05-14,50.630001
2007-05-15,51.270000
2007-05-16,51.970001
2007-05-17,52.259998
2007-05-18,52.330002
2007-05-21,52.270000
2007-05-22,52.500000
2007-05-23,51.570000
2007-05-24,50.959999
2007-05-25,50.900002
2007-05-29,50.610001
2007-05-30,50.230000
2007-05-31,50.549999
2007-06-01,50.950001
2007-06-04,51.099998
2007-06-05,50.849998
2007-06-06,50.639999
2007-06-07,50.209999
2007-06-08,51.410000
2007-06-11,51.250000
2007-06-12,51.480000
2007-06-13,52.189999
2007-06-14,52.250000
2007-06-15,52.169998
2007-06-18,52.400002
2007-06-19,52.480000
2007-06-20,51.330002
2007-06-21,51.070000
2007-06-22,50.419998
2007-06-25,51.299999
2007-06-26,51.750000
2007-06-27,51.340000
2007-06-28,50.849998
2007-06-29,50.759998
2007-07-02,51.380001
2007-07-03,51.400002
2007-07-05,51.209999
2007-07-06,51.430000
2007-07-09,51.139999
2007-07-10,50.340000
2007-07-11,50.720001
2007-07-12,51.650002
2007-07-13,51.910000
2007-07-16,52.099998
2007-07-17,52.160000
2007-07-18,52.200001
2007-07-19,52.669998
2007-07-20,52.090000
2007-07-23,52.500000
2007-07-24,51.549999
2007-07-25,50.959999
2007-07-26,49.500000
2007-07-27,48.759998
2007-07-30,48.389999
2007-07-31,47.869999
2007-08-01,48.270000
2007-08-02,48.990002
2007-08-03,48.520000
2007-08-06,49.459999
2007-08-07,49.730000
2007-08-08,50.290001
2007-08-09,49.930000
2007-08-10,49.410000
2007-08-13,48.709999
2007-08-14,48.000000
2007-08-15,47.560001
2007-08-16,48.070000
2007-08-17,47.570000
2007-08-20,48.290001
2007-08-21,48.470001
2007-08-22,49.360001
2007-08-23,49.849998
2007-08-24,50.119999
2007-08-27,49.470001
2007-08-28,48.639999
2007-08-29,49.189999
2007-08-30,48.830002
2007-08-31,49.250000
2007-09-04,49.660000
2007-09-05,49.240002
2007-09-06,49.759998
2007-09-07,49.240002
2007-09-10,50.150002
2007-09-11,51.759998
2007-09-12,51.200001
2007-09-13,54.299999
2007-09-14,55.450001
2007-09-17,54.639999
2007-09-18,55.020000
2007-09-19,55.410000
2007-09-20,54.869999
2007-09-21,54.799999
2007-09-24,54.959999
2007-09-25,54.150002
2007-09-26,54.799999
2007-09-27,54.560001
2007-09-28,54.470001
2007-10-01,56.009998
2007-10-02,55.950001
2007-10-03,56.110001
2007-10-04,56.040001
2007-10-05,56.369999
2007-10-08,56.869999
2007-10-09,57.380001
2007-10-10,57.029999
2007-10-11,56.250000
2007-10-12,57.020000
2007-10-15,56.189999
2007-10-16,56.810001
2007-10-17,56.959999
2007-10-18,56.790001
2007-10-19,56.419998
2007-10-22,56.020000
2007-10-23,56.970001
2007-10-24,57.150002
2007-10-25,58.070000
2007-10-26,58.470001
2007-10-29,59.180000
2007-10-30,59.180000
2007-10-31,59.750000
2007-11-01,59.000000
2007-11-02,59.020000
2007-11-05,59.669998
2007-11-06,59.740002
2007-11-07,58.380001
2007-11-08,59.369999
2007-11-09,58.310001
2007-11-12,58.540001
2007-11-13,57.099998
2007-11-14,56.700001
2007-11-15,57.180000
2007-11-16,58.130001
2007-11-19,58.599998
2007-11-20,58.480000
2007-11-21,57.330002
2007-11-23,57.720001
2007-11-26,56.820000
2007-11-27,57.459999
2007-11-28,57.970001
2007-11-29,58.349998
2007-11-30,58.470001
2007-12-03,59.830002
2007-12-04,60.029999
2007-12-05,59.509998
2007-12-06,60.279999
2007-12-07,60.160000
2007-12-10,61.900002
2007-12-11,63.130001
2007-12-12,61.660000
2007-12-13,61.509998
2007-12-14,61.160000
2007-12-17,59.759998
2007-12-18,59.830002
2007-12-19,58.849998
2007-12-20,58.790001
2007-12-21,60.029999
2007-12-24,60.310001
2007-12-26,59.880001
2007-12-27,59.189999
2007-12-28,59.500000
2007-12-31,58.910000
2008-01-02,58.099998
2008-01-03,57.930000
2008-01-04,57.049999
2008-01-07,58.029999
2008-01-08,57.080002
2008-01-09,57.470001
2008-01-10,58.169998
2008-01-11,54.320000
2008-01-14,54.959999
2008-01-15,53.759998
2008-01-16,52.410000
2008-01-17,51.980000
2008-01-18,52.400002
2008-01-22,52.450001
2008-01-23,53.009998
2008-01-24,54.000000
2008-01-25,54.099998
2008-01-28,51.070000
2008-01-29,50.750000
2008-01-30,51.009998
2008-01-31,53.580002
2008-02-01,54.220001
2008-02-04,53.880001
2008-02-05,53.840000
2008-02-06,53.730000
2008-02-07,54.459999
2008-02-08,55.639999
2008-02-11,55.980000
2008-02-12,56.369999
2008-02-13,56.639999
2008-02-14,55.580002
2008-02-15,55.299999
2008-02-19,55.669998
2008-02-20,56.200001
2008-02-21,55.230000
2008-02-22,55.689999
2008-02-25,56.049999
2008-02-26,56.450001
2008-02-27,55.330002
2008-02-28,54.619999
2008-02-29,54.110001
2008-03-03,53.160000
2008-03-04,53.630001
2008-03-05,53.939999
2008-03-06,53.040001
2008-03-07,52.270000
2008-03-10,53.799999
2008-03-11,54.250000
2008-03-12,53.700001
2008-03-13,54.889999
2008-03-14,54.779999
2008-03-17,54.279999
2008-03-18,54.849998
2008-03-19,53.660000
2008-03-20,54.419998
2008-03-24,55.770000
2008-03-25,56.200001
2008-03-26,55.599998
2008-03-27,55.450001
2008-03-28,55.480000
2008-03-31,55.770000
2008-04-01,56.910000
2008-04-02,56.660000
2008-04-03,56.240002
2008-04-04,55.720001
2008-04-07,55.650002
2008-04-08,55.869999
2008-04-09,55.740002
2008-04-10,55.849998
2008-04-11,55.400002
2008-04-14,55.540001
2008-04-15,55.959999
2008-04-16,57.180000
2008-04-17,57.330002
2008-04-18,58.299999
2008-04-21,58.669998
2008-04-22,58.349998
2008-04-23,58.689999
2008-04-24,59.580002
2008-04-25,59.669998
2008-04-28,59.590000
2008-04-29,60.200001
2008-04-30,59.580002
2008-05-01,60.919998
2008-05-02,60.950001
2008-05-05,60.869999
2008-05-06,60.490002
2008-05-07,59.380001
2008-05-08,59.770000
2008-05-09,59.240002
2008-05-12,60.869999
2008-05-13,61.169998
2008-05-14,60.439999
2008-05-15,60.860001
2008-05-16,60.529999
2008-05-19,60.450001
2008-05-20,59.680000
2008-05-21,58.779999
2008-05-22,58.529999
2008-05-23,57.730000
2008-05-27,58.110001
2008-05-28,58.689999
2008-05-29,59.480000
2008-05-30,59.320000
2008-06-02,58.549999
2008-06-03,57.560001
2008-06-04,57.980000
2008-06-05,58.049999
2008-06-06,56.950001
2008-06-09,59.310001
2008-06-10,59.770000
2008-06-11,58.750000
2008-06-12,59.340000
2008-06-13,59.950001
2008-06-16,59.939999
2008-06-17,59.209999
2008-06-18,58.209999
2008-06-19,58.590000
2008-06-20,57.400002
2008-06-23,57.009998
2008-06-24,57.020000
2008-06-25,58.049999
2008-06-26,56.450001
2008-06-27,56.500000
2008-06-30,56.220001
2008-07-01,57.290001
2008-07-02,57.430000
2008-07-03,57.189999
2008-07-07,57.360001
2008-07-08,58.520000
2008-07-09,59.250000
2008-07-10,58.439999
2008-07-11,57.320000
2008-07-14,58.090000
2008-07-15,58.560001
2008-07-16,60.160000
2008-07-17,60.369999
2008-07-18,60.439999
2008-07-21,59.750000
2008-07-22,60.119999
2008-07-23,59.660000
2008-07-24,58.369999
2008-07-25,58.650002
2008-07-28,57.790001
2008-07-29,59.700001
2008-07-30,60.450001
2008-07-31,59.790001
2008-08-01,59.770000
2008-08-04,60.549999
2008-08-05,62.330002
2008-08-06,62.139999
2008-08-07,61.860001
2008-08-08,65.669998
2008-08-11,65.949997
2008-08-12,63.939999
2008-08-13,62.779999
2008-08-14,63.599998
2008-08-15,63.630001
2008-08-18,63.290001
2008-08-19,62.459999
2008-08-20,62.430000
2008-08-21,62.310001
2008-08-22,63.419998
2008-08-25,62.080002
2008-08-26,62.130001
2008-08-27,62.080002
2008-08-28,62.889999
2008-08-29,62.000000
2008-09-02,62.910000
2008-09-03,61.720001
2008-09-04,60.020000
2008-09-05,60.299999
2008-09-08,62.419998
2008-09-09,63.189999
2008-09-10,63.200001
2008-09-11,64.559998
2008-09-12,64.059998
2008-09-15,63.720001
2008-09-16,64.290001
2008-09-17,62.520000
2008-09-18,63.959999
2008-09-19,63.980000
2008-09-22,62.570000
2008-09-23,61.779999
2008-09-24,61.430000
2008-09-25,62.270000
2008-09-26,63.200001
2008-09-29,60.160000
2008-09-30,61.700001
2008-10-01,63.660000
2008-10-02,61.880001
2008-10-03,60.230000
2008-10-06,57.150002
2008-10-07,54.970001
2008-10-08,53.410000
2008-10-09,52.080002
2008-10-10,53.349998
2008-10-13,57.250000
2008-10-14,56.020000
2008-10-15,51.549999
2008-10-16,54.459999
2008-10-17,53.799999
2008-10-20,56.840000
2008-10-21,55.130001
2008-10-22,54.180000
2008-10-23,55.580002
2008-10-24,53.060001
2008-10-27,51.759998
2008-10-28,56.619999
2008-10-29,57.180000
2008-10-30,57.869999
2008-10-31,57.930000
2008-11-03,57.029999
2008-11-04,57.779999
2008-11-05,56.000000
2008-11-06,54.169998
2008-11-07,55.470001
2008-11-10,56.480000
2008-11-11,56.290001
2008-11-12,54.020000
2008-11-13,56.250000
2008-11-14,56.130001
2008-11-17,55.610001
2008-11-18,56.509998
2008-11-19,55.439999
2008-11-20,52.910000
2008-11-21,55.150002
2008-11-24,55.509998
2008-11-25,56.810001
2008-11-26,57.900002
2008-11-28,58.750000
2008-12-01,56.169998
2008-12-02,57.049999
2008-12-03,59.549999
2008-12-04,60.840000
2008-12-05,62.720001
2008-12-08,60.919998
2008-12-09,59.680000
2008-12-10,61.660000
2008-12-11,60.869999
2008-12-12,60.590000
2008-12-15,60.689999
2008-12-16,62.919998
2008-12-17,62.630001
2008-12-18,61.290001
2008-12-19,60.320000
2008-12-22,61.400002
2008-12-23,60.650002
2008-12-24,61.279999
2008-12-26,61.060001
2008-12-29,60.380001
2008-12-30,61.740002
2008-12-31,62.189999
2009-01-02,63.750000
2009-01-05,63.560001
2009-01-06,62.139999
2009-01-07,61.240002
2009-01-08,60.520000
2009-01-09,60.070000
2009-01-12,60.160000
2009-01-13,59.320000
2009-01-14,57.330002
2009-01-15,57.980000
2009-01-16,59.669998
2009-01-20,57.070000
2009-01-21,58.700001
2009-01-22,58.720001
2009-01-23,58.020000
2009-01-26,58.400002
2009-01-27,58.520000
2009-01-28,59.200001
2009-01-29,58.139999
2009-01-30,58.020000
2009-02-02,57.900002
2009-02-03,58.880001
2009-02-04,57.860001
2009-02-05,58.360001
2009-02-06,58.459999
2009-02-09,59.020000
2009-02-10,57.279999
2009-02-11,57.080002
2009-02-12,56.959999
2009-02-13,56.810001
2009-02-17,55.680000
2009-02-18,56.410000
2009-02-19,55.310001
2009-02-20,54.570000
2009-02-23,53.869999
2009-02-24,54.759998
2009-02-25,54.290001
2009-02-26,52.200001
2009-02-27,52.250000
2009-03-02,51.849998
2009-03-03,52.430000
2009-03-04,53.150002
2009-03-05,50.860001
2009-03-06,52.119999
2009-03-09,52.320000
2009-03-10,52.599998
2009-03-11,51.029999
2009-03-12,52.169998
2009-03-13,52.380001
2009-03-16,51.689999
2009-03-17,53.639999
2009-03-18,55.419998
2009-03-19,54.709999
2009-03-20,53.200001
2009-03-23,55.160000
2009-03-24,53.560001
2009-03-25,55.009998
2009-03-26,56.060001
2009-03-27,55.009998
2009-03-30,53.919998
2009-03-31,54.570000
2009-04-01,55.240002
2009-04-02,56.349998
2009-04-03,56.639999
2009-04-06,55.939999
2009-04-07,55.400002
2009-04-08,55.560001
2009-04-09,56.669998
2009-04-13,56.110001
2009-04-14,54.820000
2009-04-15,53.950001
2009-04-16,54.700001
2009-04-17,56.090000
2009-04-20,55.330002
2009-04-21,55.630001
2009-04-22,54.250000
2009-04-23,55.299999
2009-04-24,54.310001
2009-04-27,54.490002
2009-04-28,54.529999
2009-04-29,54.410000
2009-04-30,53.290001
2009-05-01,52.400002
2009-05-04,52.770000
2009-05-05,53.160000
2009-05-06,53.689999
2009-05-07,53.389999
2009-05-08,54.919998
2009-05-11,54.400002
2009-05-12,53.970001
2009-05-13,53.490002
2009-05-14,53.570000
2009-05-15,53.459999
2009-05-18,54.200001
2009-05-19,53.869999
2009-05-20,56.250000
2009-05-21,55.689999
2009-05-22,57.080002
2009-05-26,58.840000
2009-05-27,57.820000
2009-05-28,58.130001
2009-05-29,58.990002
2009-06-01,59.849998
2009-06-02,60.380001
2009-06-03,60.990002
2009-06-04,60.240002
2009-06-05,59.869999
2009-06-08,58.720001
2009-06-09,59.080002
2009-06-10,58.360001
2009-06-11,57.669998
2009-06-12,58.360001
2009-06-15,57.779999
2009-06-16,57.070000
2009-06-17,57.369999
2009-06-18,58.160000
2009-06-19,58.169998
2009-06-22,57.200001
2009-06-23,56.759998
2009-06-24,56.299999
2009-06-25,57.459999
2009-06-26,57.000000
2009-06-29,57.230000
2009-06-30,57.490002
2009-07-01,58.220001
2009-07-02,57.450001
2009-07-06,57.990002
2009-07-07,56.799999
2009-07-08,57.040001
2009-07-09,56.770000
2009-07-10,57.049999
2009-07-13,57.270000
2009-07-14,57.459999
2009-07-15,57.080002
2009-07-16,57.220001
2009-07-17,57.840000
2009-07-20,58.279999
2009-07-21,58.630001
2009-07-22,58.820000
2009-07-23,56.090000
2009-07-24,56.080002
2009-07-27,55.970001
2009-07-28,56.470001
2009-07-29,56.410000
2009-07-30,55.590000
2009-07-31,55.060001
2009-08-03,55.130001
2009-08-04,55.009998
2009-08-05,55.090000
2009-08-06,54.840000
2009-08-07,55.200001
2009-08-10,56.270000
2009-08-11,56.020000
2009-08-12,56.259998
2009-08-13,55.779999
2009-08-14,55.270000
2009-08-17,54.500000
2009-08-18,55.259998
2009-08-19,55.650002
2009-08-20,56.139999
2009-08-21,56.270000
2009-08-24,55.910000
2009-08-25,56.450001
2009-08-26,57.000000
2009-08-27,57.160000
2009-08-28,56.070000
2009-08-31,56.240002
2009-09-01,55.639999
2009-09-02,55.369999
2009-09-03,55.570000
2009-09-04,56.139999
2009-09-08,56.220001
2009-09-09,55.090000
2009-09-10,54.849998
2009-09-11,54.389999
2009-09-14,54.230000
2009-09-15,54.980000
2009-09-16,56.470001
2009-09-17,56.459999
2009-09-18,57.000000
2009-09-21,56.139999
2009-09-22,55.810001
2009-09-23,55.540001
2009-09-24,56.119999
2009-09-25,56.950001
2009-09-28,57.169998
2009-09-29,57.169998
2009-09-30,57.070000
2009-10-01,56.740002
2009-10-02,56.709999
2009-10-05,56.610001
2009-10-06,57.439999
2009-10-07,57.139999
2009-10-08,56.869999
2009-10-09,56.700001
2009-10-12,56.680000
2009-10-13,57.049999
2009-10-14,57.500000
2009-10-15,58.200001
2009-10-16,58.779999
2009-10-19,59.279999
2009-10-20,58.919998
2009-10-21,58.330002
2009-10-22,59.500000
2009-10-23,59.430000
2009-10-26,59.200001
2009-10-27,59.020000
2009-10-28,58.639999
2009-10-29,59.139999
2009-10-30,58.610001
2009-11-02,59.160000
2009-11-03,59.240002
2009-11-04,60.290001
2009-11-05,61.480000
2009-11-06,61.720001
2009-11-09,62.639999
2009-11-10,62.279999
2009-11-11,62.830002
2009-11-12,62.169998
2009-11-13,63.580002
2009-11-16,64.529999
2009-11-17,63.570000
2009-11-18,63.980000
2009-11-19,63.410000
2009-11-20,63.970001
2009-11-23,63.990002
2009-11-24,64.220001
2009-11-25,64.449997
2009-11-27,63.599998
2009-11-30,63.250000
2009-12-01,63.540001
2009-12-02,62.500000
2009-12-03,61.970001
2009-12-04,61.590000
2009-12-07,61.930000
2009-12-08,60.610001
2009-12-09,60.599998
2009-12-10,61.049999
2009-12-11,61.660000
2009-12-14,62.139999
2009-12-15,62.000000
2009-12-16,62.419998
2009-12-17,61.919998
2009-12-18,62.169998
2009-12-21,62.660000
2009-12-22,62.970001
2009-12-23,63.360001
2009-12-24,63.419998
2009-12-28,63.610001
2009-12-29,63.590000
2009-12-30,62.889999
2009-12-31,62.439999
2010-01-04,62.779999
2010-01-05,62.299999
2010-01-06,61.450001
2010-01-07,61.900002
2010-01-08,61.840000
2010-01-11,62.320000
2010-01-12,62.660000
2010-01-13,62.590000
2010-01-14,62.650002
2010-01-15,62.279999
2010-01-19,63.480000
2010-01-20,63.009998
2010-01-21,63.200001
2010-01-22,63.389999
2010-01-25,63.090000
2010-01-26,63.810001
2010-01-27,63.730000
2010-01-28,62.830002
2010-01-29,62.430000
2010-02-01,63.889999
2010-02-02,64.029999
2010-02-03,65.209999
2010-02-04,64.059998
2010-02-05,63.369999
2010-02-08,62.919998
2010-02-09,63.570000
2010-02-10,63.250000
2010-02-11,63.790001
2010-02-12,63.590000
2010-02-16,64.010002
2010-02-17,64.260002
2010-02-18,64.480003
2010-02-19,64.739998
2010-02-22,64.769997
2010-02-23,64.870003
2010-02-24,65.260002
2010-02-25,64.379997
2010-02-26,63.849998
2010-03-01,63.980000
2010-03-02,64.070000
2010-03-03,63.630001
2010-03-04,63.430000
2010-03-05,63.669998
2010-03-08,65.120003
2010-03-09,65.099998
2010-03-10,64.940002
2010-03-11,65.209999
2010-03-12,65.529999
2010-03-15,65.930000
2010-03-16,66.070000
2010-03-17,66.379997
2010-03-18,66.680000
2010-03-19,66.529999
2010-03-22,67.010002
2010-03-23,67.349998
2010-03-24,66.800003
2010-03-25,66.900002
2010-03-26,67.260002
2010-03-29,67.070000
2010-03-30,67.239998
2010-03-31,66.720001
2010-04-01,67.580002
2010-04-05,68.029999
2010-04-06,67.809998
2010-04-07,67.699997
2010-04-08,68.760002
2010-04-09,68.680000
2010-04-12,68.529999
2010-04-13,68.919998
2010-04-14,69.419998
2010-04-15,69.160004
2010-04-16,69.029999
2010-04-19,69.919998
2010-04-20,70.339996
2010-04-21,70.360001
2010-04-22,71.029999
2010-04-23,71.150002
2010-04-26,71.019997
2010-04-27,70.529999
2010-04-28,70.339996
2010-04-29,71.519997
2010-04-30,70.589996
2010-05-03,71.419998
2010-05-04,70.639999
2010-05-05,70.660004
2010-05-06,69.419998
2010-05-07,68.010002
2010-05-10,70.580002
2010-05-11,70.480003
2010-05-12,70.669998
2010-05-13,70.500000
2010-05-14,69.589996
2010-05-17,70.139999
2010-05-18,70.019997
2010-05-19,69.400002
2010-05-20,67.660004
2010-05-21,67.860001
2010-05-24,67.660004
2010-05-25,67.839996
2010-05-26,66.010002
2010-05-27,67.199997
2010-05-28,66.870003
2010-06-01,66.360001
2010-06-02,67.769997
2010-06-03,67.849998
2010-06-04,66.699997
2010-06-07,66.750000
2010-06-08,68.379997
2010-06-09,68.260002
2010-06-10,69.370003
2010-06-11,69.540001
2010-06-14,69.300003
2010-06-15,70.400002
2010-06-16,70.290001
2010-06-17,70.050003
2010-06-18,69.879997
2010-06-21,69.919998
2010-06-22,68.639999
2010-06-23,68.629997
2010-06-24,67.730003
2010-06-25,67.419998
2010-06-28,67.330002
2010-06-29,66.459999
2010-06-30,65.870003
2010-07-01,66.709999
2010-07-02,66.139999
2010-07-06,66.110001
2010-07-07,67.309998
2010-07-08,69.019997
2010-07-09,69.220001
2010-07-12,69.940002
2010-07-13,70.839996
2010-07-14,70.900002
2010-07-15,71.330002
2010-07-16,69.940002
2010-07-19,69.910004
2010-07-20,70.870003
2010-07-21,70.110001
2010-07-22,71.400002
2010-07-23,69.900002
2010-07-26,70.870003
2010-07-27,70.400002
2010-07-28,69.769997
2010-07-29,69.379997
2010-07-30,69.730003
2010-08-02,70.250000
2010-08-03,70.449997
2010-08-04,70.690002
2010-08-05,70.449997
2010-08-06,71.739998
2010-08-09,72.919998
2010-08-10,72.839996
2010-08-11,71.570000
2010-08-12,72.059998
2010-08-13,71.889999
2010-08-16,71.790001
2010-08-17,73.220001
2010-08-18,73.250000
2010-08-19,72.970001
2010-08-20,73.080002
2010-08-23,73.339996
2010-08-24,72.720001
2010-08-25,73.190002
2010-08-26,73.160004
2010-08-27,73.989998
2010-08-30,72.739998
2010-08-31,73.059998
2010-09-01,74.540001
2010-09-02,75.019997
2010-09-03,75.089996
2010-09-07,75.800003
2010-09-08,76.080002
2010-09-09,74.370003
2010-09-10,75.010002
2010-09-13,74.570000
2010-09-14,73.940002
2010-09-15,74.709999
2010-09-16,74.800003
2010-09-17,74.320000
2010-09-20,75.110001
2010-09-21,75.510002
2010-09-22,75.129997
2010-09-23,74.639999
2010-09-24,75.099998
2010-09-27,74.760002
2010-09-28,74.629997
2010-09-29,74.449997
2010-09-30,74.510002
2010-10-01,74.919998
2010-10-04,74.949997
2010-10-05,75.820000
2010-10-06,75.559998
2010-10-07,75.860001
2010-10-08,76.099998
2010-10-11,75.589996
2010-10-12,75.580002
2010-10-13,75.750000
2010-10-14,77.040001
2010-10-15,77.480003
2010-10-18,77.320000
2010-10-19,76.989998
2010-10-20,77.410004
2010-10-21,78.440002
2010-10-22,78.550003
2010-10-25,78.699997
2010-10-26,78.760002
2010-10-27,77.480003
2010-10-28,77.480003
2010-10-29,77.769997
2010-11-01,77.879997
2010-11-02,78.400002
2010-11-03,78.500000
2010-11-04,79.180000
2010-11-05,79.300003
2010-11-08,79.309998
2010-11-09,79.099998
2010-11-10,79.500000
2010-11-11,79.699997
2010-11-12,78.849998
2010-11-15,79.070000
2010-11-16,77.419998
2010-11-17,78.370003
2010-11-18,79.019997
2010-11-19,79.639999
2010-11-22,79.519997
2010-11-23,79.010002
2010-11-24,79.480003
2010-11-26,78.540001
2010-11-29,78.260002
2010-11-30,78.300003
2010-12-01,79.290001
2010-12-02,79.379997
2010-12-03,79.760002
2010-12-06,79.580002
2010-12-07,80.339996
2010-12-08,78.739998
2010-12-09,77.610001
2010-12-10,77.559998
2010-12-13,77.110001
2010-12-14,77.110001
2010-12-15,76.980003
2010-12-16,76.709999
2010-12-17,76.809998
2010-12-20,76.919998
2010-12-21,76.860001
2010-12-22,77.010002
2010-12-23,76.959999
2010-12-27,76.430000
2010-12-28,76.430000
2010-12-29,76.989998
2010-12-30,76.760002
2010-12-31,76.760002
2011-01-03,76.599998
2011-01-04,74.309998
2011-01-05,74.660004
2011-01-06,74.209999
2011-01-07,74.370003
2011-01-10,73.559998
2011-01-11,73.900002
2011-01-12,73.599998
2011-01-13,72.669998
2011-01-14,74.059998
2011-01-18,74.680000
2011-01-19,75.349998
2011-01-20,75.160004
2011-01-21,75.010002
2011-01-24,75.379997
2011-01-25,75.480003
2011-01-26,75.169998
2011-01-27,74.349998
2011-01-28,73.279999
2011-01-31,73.669998
2011-02-01,73.470001
2011-02-02,73.639999
2011-02-03,73.830002
2011-02-04,74.050003
2011-02-07,73.449997
2011-02-08,75.360001
2011-02-09,75.930000
2011-02-10,75.760002
2011-02-11,76.139999
2011-02-14,76.239998
2011-02-15,76.150002
2011-02-16,76.019997
2011-02-17,75.980003
2011-02-18,76.129997
2011-02-22,75.699997
2011-02-23,75.190002
2011-02-24,75.209999
2011-02-25,74.440002
2011-02-28,75.680000
2011-03-01,74.889999
2011-03-02,74.690002
2011-03-03,76.239998
2011-03-04,76.029999
2011-03-07,76.290001
2011-03-08,75.540001
2011-03-09,75.779999
2011-03-10,76.680000
2011-03-11,76.730003
2011-03-14,75.669998
2011-03-15,75.120003
2011-03-16,73.379997
2011-03-17,73.400002
2011-03-18,72.989998
2011-03-21,73.760002
2011-03-22,73.870003
2011-03-23,74.529999
2011-03-24,74.930000
2011-03-25,75.250000
2011-03-28,75.000000
2011-03-29,75.370003
2011-03-30,75.809998
2011-03-31,76.089996
2011-04-01,75.989998
2011-04-04,76.389999
2011-04-05,76.599998
2011-04-06,76.720001
2011-04-07,76.010002
2011-04-08,76.040001
2011-04-11,76.250000
2011-04-12,76.660004
2011-04-13,76.889999
2011-04-14,77.070000
2011-04-15,77.379997
2011-04-18,77.000000
2011-04-19,76.599998
2011-04-20,78.400002
2011-04-21,76.910004
2011-04-25,77.129997
2011-04-26,76.940002
2011-04-27,77.870003
2011-04-28,78.029999
2011-04-29,78.309998
2011-05-02,78.639999
2011-05-03,78.940002
2011-05-04,79.070000
2011-05-05,78.599998
2011-05-06,78.699997
2011-05-09,79.309998
2011-05-10,79.709999
2011-05-11,79.510002
2011-05-12,80.660004
2011-05-13,80.739998
2011-05-16,81.139999
2011-05-17,80.930000
2011-05-18,81.500000
2011-05-19,82.510002
2011-05-20,82.330002
2011-05-23,82.500000
2011-05-24,82.639999
2011-05-25,82.720001
2011-05-26,82.430000
2011-05-27,81.620003
2011-05-31,81.540001
2011-06-01,80.980003
2011-06-02,80.750000
2011-06-03,80.540001
2011-06-06,80.699997
2011-06-07,81.139999
2011-06-08,81.150002
2011-06-09,81.260002
2011-06-10,80.360001
2011-06-13,80.730003
2011-06-14,81.470001
2011-06-15,81.239998
2011-06-16,81.809998
2011-06-17,82.519997
2011-06-20,82.690002
2011-06-21,82.800003
2011-06-22,82.650002
2011-06-23,82.290001
2011-06-24,81.839996
2011-06-27,82.320000
2011-06-28,84.349998
2011-06-29,84.570000
2011-06-30,84.320000
2011-07-01,85.650002
2011-07-05,85.639999
2011-07-06,85.860001
2011-07-07,86.059998
2011-07-08,85.599998
2011-07-11,85.349998
2011-07-12,84.989998
2011-07-13,84.959999
2011-07-14,85.809998
2011-07-15,85.480003
2011-07-18,85.400002
2011-07-19,86.209999
2011-07-20,86.269997
2011-07-21,86.540001
2011-07-22,88.559998
2011-07-25,88.120003
2011-07-26,88.019997
2011-07-27,87.089996
2011-07-28,86.779999
2011-07-29,86.480003
2011-08-01,86.389999
2011-08-02,85.059998
2011-08-03,85.540001
2011-08-04,84.279999
2011-08-05,85.080002
2011-08-08,82.110001
2011-08-09,85.959999
2011-08-10,84.080002
2011-08-11,86.279999
2011-08-12,86.500000
2011-08-15,86.820000
2011-08-16,86.669998
2011-08-17,87.500000
2011-08-18,85.610001
2011-08-19,87.230003
2011-08-22,87.760002
2011-08-23,89.529999
2011-08-24,90.129997
2011-08-25,88.709999
2011-08-26,89.930000
2011-08-29,90.790001
2011-08-30,90.779999
2011-08-31,90.410004
2011-09-01,90.070000
2011-09-02,89.089996
2011-09-06,88.820000
2011-09-07,89.290001
2011-09-08,88.610001
2011-09-09,85.029999
2011-09-12,86.190002
2011-09-13,86.120003
2011-09-14,86.750000
2011-09-15,88.070000
2011-09-16,88.290001
2011-09-19,88.809998
2011-09-20,89.309998
2011-09-21,87.519997
2011-09-22,85.989998
2011-09-23,87.370003
2011-09-26,89.339996
2011-09-27,89.739998
2011-09-28,88.029999
2011-09-29,88.779999
2011-09-30,87.820000
2011-10-03,86.019997
2011-10-04,86.480003
2011-10-05,85.830002
2011-10-06,87.110001
2011-10-07,87.199997
2011-10-10,88.510002
2011-10-11,89.339996
2011-10-12,88.360001
2011-10-13,89.309998
2011-10-14,89.940002
2011-10-17,88.660004
2011-10-18,89.639999
2011-10-19,89.620003
2011-10-20,89.010002
2011-10-21,92.320000
2011-10-24,92.010002
2011-10-25,91.769997
2011-10-26,91.779999
2011-10-27,93.510002
2011-10-28,93.290001
2011-10-31,92.849998
2011-11-01,91.910004
2011-11-02,92.529999
2011-11-03,93.000000
2011-11-04,93.809998
2011-11-07,94.620003
2011-11-08,94.599998
2011-11-09,92.650002
2011-11-10,93.260002
2011-11-11,94.760002
2011-11-14,94.059998
2011-11-15,94.470001
2011-11-16,93.150002
2011-11-17,92.290001
2011-11-18,92.739998
2011-11-21,92.279999
2011-11-22,92.650002
2011-11-23,91.870003
2011-11-25,92.099998
2011-11-28,93.760002
2011-11-29,93.459999
2011-11-30,95.519997
2011-12-01,95.500000
2011-12-02,95.699997
2011-12-05,95.349998
2011-12-06,96.010002
2011-12-07,96.449997
2011-12-08,96.919998
2011-12-09,98.029999
2011-12-12,98.480003
2011-12-13,98.000000
2011-12-14,97.610001
2011-12-15,98.139999
2011-12-16,97.489998
2011-12-19,97.239998
2011-12-20,98.820000
2011-12-21,99.199997
2011-12-22,98.599998
2011-12-23,100.150002
2011-12-27,100.550003
2011-12-28,99.580002
2011-12-29,100.809998
2011-12-30,100.330002
2012-01-03,98.839996
2012-01-04,99.389999
2012-01-05,99.830002
2012-01-06,100.599998
2012-01-09,99.639999
2012-01-10,99.699997
2012-01-11,99.930000
2012-01-12,100.570000
2012-01-13,100.349998
2012-01-17,100.550003
2012-01-18,101.559998
2012-01-19,101.260002
2012-01-20,101.739998
2012-01-23,100.949997
2012-01-24,98.750000
2012-01-25,99.230003
2012-01-26,99.180000
2012-01-27,98.690002
2012-01-30,98.690002
2012-01-31,99.050003
2012-02-01,98.400002
2012-02-02,98.620003
2012-02-03,100.010002
2012-02-06,99.489998
2012-02-07,100.910004
2012-02-08,100.050003
2012-02-09,99.989998
2012-02-10,99.470001
2012-02-13,99.650002
2012-02-14,99.550003
2012-02-15,98.610001
2012-02-16,99.260002
2012-02-17,99.989998
2012-02-21,100.489998
2012-02-22,100.660004
2012-02-23,100.809998
2012-02-24,100.320000
2012-02-27,100.360001
2012-02-28,99.779999
2012-02-29,99.279999
2012-03-01,99.250000
2012-03-02,99.500000
2012-03-05,99.940002
2012-03-06,99.889999
2012-03-07,100.180000
2012-03-08,96.959999
2012-03-09,96.839996
2012-03-12,96.660004
2012-03-13,96.779999
2012-03-14,97.290001
2012-03-15,98.040001
2012-03-16,97.660004
2012-03-19,97.730003
2012-03-20,97.650002
2012-03-21,96.720001
2012-03-22,95.800003
2012-03-23,95.550003
2012-03-26,96.970001
2012-03-27,97.339996
2012-03-28,97.080002
2012-03-29,97.639999
2012-03-30,98.099998
2012-04-02,98.360001
2012-04-03,99.400002
2012-04-04,97.480003
2012-04-05,98.620003
2012-04-09,98.879997
2012-04-10,97.669998
2012-04-11,98.559998
2012-04-12,97.639999
2012-04-13,96.970001
2012-04-16,96.580002
2012-04-17,97.110001
2012-04-18,97.339996
2012-04-19,95.279999
2012-04-20,95.940002
2012-04-23,95.190002
2012-04-24,94.589996
2012-04-25,95.220001
2012-04-26,95.830002
2012-04-27,97.379997
2012-04-30,97.449997
2012-05-01,97.199997
2012-05-02,97.510002
2012-05-03,97.040001
2012-05-04,95.870003
2012-05-07,95.510002
2012-05-08,93.550003
2012-05-09,91.930000
2012-05-10,91.870003
2012-05-11,91.900002
2012-05-14,90.879997
2012-05-15,91.010002
2012-05-16,91.430000
2012-05-17,89.620003
2012-05-18,89.849998
2012-05-21,91.269997
2012-05-22,91.339996
2012-05-23,91.480003
2012-05-24,91.529999
2012-05-25,91.050003
2012-05-29,90.900002
2012-05-30,90.110001
2012-05-31,89.339996
2012-06-01,86.709999
2012-06-04,86.320000
2012-06-05,87.080002
2012-06-06,88.660004
2012-06-07,88.379997
2012-06-08,87.750000
2012-06-11,86.589996
2012-06-12,87.510002
2012-06-13,87.970001
2012-06-14,89.720001
2012-06-15,90.500000
2012-06-18,90.239998
2012-06-19,89.599998
2012-06-20,88.650002
2012-06-21,87.639999
2012-06-22,88.349998
2012-06-25,88.120003
2012-06-26,89.099998
2012-06-27,88.330002
2012-06-28,88.180000
2012-06-29,88.529999
2012-07-02,88.080002
2012-07-03,88.580002
2012-07-05,89.300003
2012-07-06,89.660004
2012-07-09,89.800003
2012-07-10,90.250000
2012-07-11,89.529999
2012-07-12,91.930000
2012-07-13,92.290001
2012-07-16,91.650002
2012-07-17,91.889999
2012-07-18,92.220001
2012-07-19,92.760002
2012-07-20,91.580002
2012-07-23,88.940002
2012-07-24,88.059998
2012-07-25,88.040001
2012-07-26,89.000000
2012-07-27,89.190002
2012-07-30,89.330002
2012-07-31,89.360001
2012-08-01,89.430000
2012-08-02,89.589996
2012-08-03,89.589996
2012-08-06,89.690002
2012-08-07,89.010002
2012-08-08,87.529999
2012-08-09,87.150002
2012-08-10,88.199997
2012-08-13,87.900002
2012-08-14,88.120003
2012-08-15,87.809998
2012-08-16,87.459999
2012-08-17,87.360001
2012-08-20,88.169998
2012-08-21,88.519997
2012-08-22,88.550003
2012-08-23,88.250000
2012-08-24,88.919998
2012-08-27,89.540001
2012-08-28,89.139999
2012-08-29,89.650002
2012-08-30,88.699997
2012-08-31,89.489998
2012-09-04,89.050003
2012-09-05,89.059998
2012-09-06,90.669998
2012-09-07,91.019997
2012-09-10,91.300003
2012-09-11,91.199997
2012-09-12,90.820000
2012-09-13,91.570000
2012-09-14,91.699997
2012-09-17,92.139999
2012-09-18,93.080002
2012-09-19,92.830002
2012-09-20,93.150002
2012-09-21,93.709999
2012-09-24,93.709999
2012-09-25,92.860001
2012-09-26,93.199997
2012-09-27,93.269997
2012-09-28,91.750000
2012-10-01,91.989998
2012-10-02,90.930000
2012-10-03,90.349998
2012-10-04,91.029999
2012-10-05,91.000000
2012-10-08,91.540001
2012-10-09,92.110001
2012-10-10,92.400002
2012-10-11,92.360001
2012-10-12,92.510002
2012-10-15,93.500000
2012-10-16,94.089996
2012-10-17,93.680000
2012-10-18,92.860001
2012-10-19,88.720001
2012-10-22,88.449997
2012-10-23,87.959999
2012-10-24,87.279999
2012-10-25,87.330002
2012-10-26,86.709999
2012-10-31,86.800003
2012-11-01,86.800003
2012-11-02,86.860001
2012-11-05,87.459999
2012-11-06,87.970001
2012-11-07,86.860001
2012-11-08,85.129997
2012-11-09,84.739998
2012-11-12,84.879997
2012-11-13,84.639999
2012-11-14,84.620003
2012-11-15,84.050003
2012-11-16,84.120003
2012-11-19,85.040001
2012-11-20,85.680000
2012-11-21,86.010002
2012-11-23,87.050003
2012-11-26,86.239998
2012-11-27,85.919998
2012-11-28,86.519997
2012-11-29,86.489998
2012-11-30,87.040001
2012-12-03,87.059998
2012-12-04,87.199997
2012-12-05,86.970001
2012-12-06,88.089996
2012-12-07,88.480003
2012-12-10,89.410004
2012-12-11,89.620003
2012-12-12,89.309998
2012-12-13,89.169998
2012-12-14,88.879997
2012-12-17,89.910004
2012-12-18,90.519997
2012-12-19,89.709999
2012-12-20,90.040001
2012-12-21,90.180000
2012-12-24,89.290001
2012-12-26,88.739998
2012-12-27,88.720001
2012-12-28,87.580002
2012-12-31,88.209999
2013-01-02,90.120003
2013-01-03,90.629997
2013-01-04,89.849998
2013-01-07,90.910004
2013-01-08,90.940002
2013-01-09,90.809998
2013-01-10,91.400002
2013-01-11,91.730003
2013-01-14,91.529999
2013-01-15,91.510002
2013-01-16,91.099998
2013-01-17,91.760002
2013-01-18,92.260002
2013-01-22,92.949997
2013-01-23,93.480003
2013-01-24,93.309998
2013-01-25,93.720001
2013-01-28,94.360001
2013-01-29,94.919998
2013-01-30,94.669998
2013-01-31,95.290001
2013-02-01,95.949997
2013-02-04,94.599998
2013-02-05,94.910004
2013-02-06,95.070000
2013-02-07,94.629997
2013-02-08,94.870003
2013-02-11,95.169998
2013-02-12,95.099998
2013-02-13,94.000000
2013-02-14,93.559998
2013-02-15,93.900002
2013-02-19,93.849998
2013-02-20,93.910004
2013-02-21,94.139999
2013-02-22,95.250000
2013-02-25,96.139999
2013-02-26,96.220001
2013-02-27,95.730003
2013-02-28,95.900002
2013-03-01,95.680000
2013-03-04,95.070000
2013-03-05,95.809998
2013-03-06,96.809998
2013-03-07,97.089996
2013-03-08,98.709999
2013-03-11,98.889999
2013-03-12,98.760002
2013-03-13,99.379997
2013-03-14,99.309998
2013-03-15,99.669998
2013-03-18,98.570000
2013-03-19,98.400002
2013-03-20,98.769997
2013-03-21,98.529999
2013-03-22,99.269997
2013-03-25,98.239998
2013-03-26,98.500000
2013-03-27,98.900002
2013-03-28,99.690002
2013-04-01,99.050003
2013-04-02,100.260002
2013-04-03,99.250000
2013-04-04,100.629997
2013-04-05,101.419998
2013-04-08,101.500000
2013-04-09,101.059998
2013-04-10,101.489998
2013-04-11,101.989998
2013-04-12,103.589996
2013-04-15,102.150002
2013-04-16,103.040001
2013-04-17,102.540001
2013-04-18,101.910004
2013-04-19,99.919998
2013-04-22,99.320000
2013-04-23,99.760002
2013-04-24,101.019997
2013-04-25,100.940002
2013-04-26,100.889999
2013-04-29,102.180000
2013-04-30,102.139999
2013-05-01,101.379997
2013-05-02,102.059998
2013-05-03,102.919998
2013-05-06,102.070000
2013-05-07,102.290001
2013-05-08,100.949997
2013-05-09,99.690002
2013-05-10,100.199997
2013-05-13,100.379997
2013-05-14,101.199997
2013-05-15,101.949997
2013-05-16,101.120003
2013-05-17,101.540001
2013-05-20,101.540001
2013-05-21,102.139999
2013-05-22,101.739998
2013-05-23,101.029999
2013-05-24,100.290001
2013-05-28,101.239998
2013-05-29,99.050003
2013-05-30,97.070000
2013-05-31,96.570000
2013-06-03,97.959999
2013-06-04,98.370003
2013-06-05,96.419998
2013-06-06,96.680000
2013-06-07,98.279999
2013-06-10,99.529999
2013-06-11,98.230003
2013-06-12,98.239998
2013-06-13,98.879997
2013-06-14,98.419998
2013-06-17,98.739998
2013-06-18,99.750000
2013-06-19,98.809998
2013-06-20,96.790001
2013-06-21,97.230003
2013-06-24,97.290001
2013-06-25,97.519997
2013-06-26,98.839996
2013-06-27,99.650002
2013-06-28,99.000000
2013-07-01,99.820000
2013-07-02,99.930000
2013-07-03,100.349998
2013-07-05,99.860001
2013-07-08,99.879997
2013-07-09,99.989998
2013-07-10,99.980003
2013-07-11,100.790001
2013-07-12,101.580002
2013-07-15,100.750000
2013-07-16,100.879997
2013-07-17,100.099998
2013-07-18,100.180000
2013-07-19,100.269997
2013-07-22,97.580002
2013-07-23,96.760002
2013-07-24,96.660004
2013-07-25,97.489998
2013-07-26,98.029999
2013-07-29,97.870003
2013-07-30,98.370003
2013-07-31,98.080002
2013-08-01,99.000000
2013-08-02,99.199997
2013-08-05,99.309998
2013-08-06,98.690002
2013-08-07,98.330002
2013-08-08,98.040001
2013-08-09,97.620003
2013-08-12,97.040001
2013-08-13,96.449997
2013-08-14,96.110001
2013-08-15,95.389999
2013-08-16,95.029999
2013-08-19,95.480003
2013-08-20,95.500000
2013-08-21,95.110001
2013-08-22,95.459999
2013-08-23,95.129997
2013-08-26,95.309998
2013-08-27,94.839996
2013-08-28,96.080002
2013-08-29,94.860001
2013-08-30,94.360001
2013-09-03,94.519997
2013-09-04,95.160004
2013-09-05,95.660004
2013-09-06,96.260002
2013-09-09,96.449997
2013-09-10,96.889999
2013-09-11,97.459999
2013-09-12,97.180000
2013-09-13,97.349998
2013-09-16,97.709999
2013-09-17,97.919998
2013-09-18,98.699997
2013-09-19,97.919998
2013-09-20,96.900002
2013-09-23,97.279999
2013-09-24,97.779999
2013-09-25,97.620003
2013-09-26,98.190002
2013-09-27,97.120003
2013-09-30,96.209999
2013-10-01,96.129997
2013-10-02,95.279999
2013-10-03,94.669998
2013-10-04,94.699997
2013-10-07,94.360001
2013-10-08,93.940002
2013-10-09,93.269997
2013-10-10,94.440002
2013-10-11,94.739998
2013-10-14,94.720001
2013-10-15,93.800003
2013-10-16,95.220001
2013-10-17,95.470001
2013-10-18,95.199997
2013-10-21,94.589996
2013-10-22,95.120003
2013-10-23,94.209999
2013-10-24,94.680000
2013-10-25,94.779999
2013-10-28,95.370003
2013-10-29,96.050003
2013-10-30,96.029999
2013-10-31,96.519997
2013-11-01,97.239998
2013-11-04,97.309998
2013-11-05,97.410004
2013-11-06,97.900002
2013-11-07,97.199997
2013-11-08,97.010002
2013-11-11,97.089996
2013-11-12,97.660004
2013-11-13,98.110001
2013-11-14,97.559998
2013-11-15,96.919998
2013-11-18,97.650002
2013-11-19,97.980003
2013-11-20,97.540001
2013-11-21,97.699997
2013-11-22,98.269997
2013-11-25,98.919998
2013-11-26,98.199997
2013-11-27,97.059998
2013-11-29,97.370003
2013-12-02,96.510002
2013-12-03,96.379997
2013-12-04,95.709999
2013-12-05,95.430000
2013-12-06,96.800003
2013-12-09,95.720001
2013-12-10,95.430000
2013-12-11,95.260002
2013-12-12,94.099998
2013-12-13,94.440002
2013-12-16,95.449997
2013-12-17,94.379997
2013-12-18,95.930000
2013-12-19,95.139999
2013-12-20,96.510002
2013-12-23,96.300003
2013-12-24,96.540001
2013-12-26,96.839996
2013-12-27,96.910004
2013-12-30,97.010002
2013-12-31,97.029999
2014-01-02,96.410004
2014-01-03,96.540001
2014-01-06,95.849998
2014-01-07,96.379997
2014-01-08,95.410004
2014-01-09,95.459999
2014-01-10,95.800003
2014-01-13,94.830002
2014-01-14,95.220001
2014-01-15,95.459999
2014-01-16,96.059998
2014-01-17,94.930000
2014-01-21,95.080002
2014-01-22,94.879997
2014-01-23,95.320000
2014-01-24,94.430000
2014-01-27,94.070000
2014-01-28,94.180000
2014-01-29,93.150002
2014-01-30,93.800003
2014-01-31,94.169998
2014-02-03,93.019997
2014-02-04,93.089996
2014-02-05,93.580002
2014-02-06,94.940002
2014-02-07,95.919998
2014-02-10,94.860001
2014-02-11,95.339996
2014-02-12,94.889999
2014-02-13,95.459999
2014-02-14,95.779999
2014-02-18,96.019997
2014-02-19,95.550003
2014-02-20,95.750000
2014-02-21,96.449997
2014-02-24,96.500000
2014-02-25,96.620003
2014-02-26,95.889999
2014-02-27,95.080002
2014-02-28,95.150002
2014-03-03,94.320000
2014-03-04,94.980003
2014-03-05,95.019997
2014-03-06,95.580002
2014-03-07,95.500000
2014-03-10,95.199997
2014-03-11,98.779999
2014-03-12,98.709999
2014-03-13,97.370003
2014-03-14,97.580002
2014-03-17,97.599998
2014-03-18,97.309998
2014-03-19,96.099998
2014-03-20,96.599998
2014-03-21,95.470001
2014-03-24,96.180000
2014-03-25,95.910004
2014-03-26,95.839996
2014-03-27,96.160004
2014-03-28,97.239998
2014-03-31,98.029999
2014-04-01,97.900002
2014-04-02,97.589996
2014-04-03,97.660004
2014-04-04,97.870003
2014-04-07,97.010002
2014-04-08,98.080002
2014-04-09,98.349998
2014-04-10,99.430000
2014-04-11,99.290001
2014-04-14,100.110001
2014-04-15,100.830002
2014-04-16,100.830002
2014-04-17,100.250000
2014-04-21,99.669998
2014-04-22,99.320000
2014-04-23,99.129997
2014-04-24,99.839996
2014-04-25,100.730003
2014-04-28,100.309998
2014-04-29,101.500000
2014-04-30,101.379997
2014-05-01,100.959999
2014-05-02,101.430000
2014-05-05,101.139999
2014-05-06,100.949997
2014-05-07,101.959999
2014-05-08,101.949997
2014-05-09,102.930000
2014-05-12,102.860001
2014-05-13,103.529999
2014-05-14,103.029999
2014-05-15,102.500000
2014-05-16,103.139999
2014-05-19,102.089996
2014-05-20,101.529999
2014-05-21,102.559998
2014-05-22,102.449997
2014-05-23,102.000000
2014-05-27,102.360001
2014-05-28,101.300003
2014-05-29,101.339996
2014-05-30,101.430000
2014-06-02,102.029999
2014-06-03,101.449997
2014-06-04,102.440002
2014-06-05,102.449997
2014-06-06,101.959999
2014-06-09,101.379997
2014-06-10,100.879997
2014-06-11,100.419998
2014-06-12,99.760002
2014-06-13,100.489998
2014-06-16,101.099998
2014-06-17,101.269997
2014-06-18,101.349998
2014-06-19,101.910004
2014-06-20,101.919998
2014-06-23,101.910004
2014-06-24,101.470001
2014-06-25,101.610001
2014-06-26,101.510002
2014-06-27,101.459999
2014-06-30,100.739998
2014-07-01,101.000000
2014-07-02,100.529999
2014-07-03,100.980003
2014-07-07,100.169998
2014-07-08,100.089996
2014-07-09,101.070000
2014-07-10,100.580002
2014-07-11,100.370003
2014-07-14,100.470001
2014-07-15,100.300003
2014-07-16,99.269997
2014-07-17,98.370003
2014-07-18,98.989998
2014-07-21,97.550003
2014-07-22,96.269997
2014-07-23,95.349998
2014-07-24,95.349998
2014-07-25,95.720001
2014-07-28,95.779999
2014-07-29,95.820000
2014-07-30,95.949997
2014-07-31,94.559998
2014-08-01,94.300003
2014-08-04,94.309998
2014-08-05,93.430000
2014-08-06,93.470001
2014-08-07,93.309998
2014-08-08,93.550003
2014-08-11,93.529999
2014-08-12,93.559998
2014-08-13,93.959999
2014-08-14,93.660004
2014-08-15,93.790001
2014-08-18,94.250000
2014-08-19,94.449997
2014-08-20,94.190002
2014-08-21,94.529999
2014-08-22,94.449997
2014-08-25,94.440002
2014-08-26,94.110001
2014-08-27,94.650002
2014-08-28,94.139999
2014-08-29,93.720001
2014-09-02,92.800003
2014-09-03,93.139999
2014-09-04,93.010002
2014-09-05,93.070000
2014-09-08,92.500000
2014-09-09,91.089996
2014-09-10,93.000000
2014-09-11,92.959999
2014-09-12,93.339996
2014-09-15,93.470001
2014-09-16,93.750000
2014-09-17,93.529999
2014-09-18,93.480003
2014-09-19,94.360001
2014-09-22,93.930000
2014-09-23,93.510002
2014-09-24,95.000000
2014-09-25,94.160004
2014-09-26,94.699997
2014-09-29,96.220001
2014-09-30,94.809998
2014-10-01,94.190002
2014-10-02,94.120003
2014-10-03,94.860001
2014-10-06,93.839996
2014-10-07,92.809998
2014-10-08,93.830002
2014-10-09,92.720001
2014-10-10,92.300003
2014-10-13,90.730003
2014-10-14,91.099998
2014-10-15,90.440002
2014-10-16,89.910004
2014-10-17,91.040001
2014-10-20,91.589996
2014-10-21,91.010002
2014-10-22,90.940002
2014-10-23,91.019997
2014-10-24,91.669998
2014-10-27,92.010002
2014-10-28,92.599998
2014-10-29,92.730003
2014-10-30,93.379997
2014-10-31,93.730003
2014-11-03,93.610001
2014-11-04,94.470001
2014-11-05,94.639999
2014-11-06,94.660004
2014-11-07,95.099998
2014-11-10,95.110001
2014-11-11,95.139999
2014-11-12,95.330002
2014-11-13,95.480003
2014-11-14,96.209999
2014-11-17,95.970001
2014-11-18,96.410004
2014-11-19,96.559998
2014-11-20,96.639999
2014-11-21,96.680000
2014-11-24,97.169998
2014-11-25,97.000000
2014-11-26,96.220001
2014-11-28,96.809998
2014-12-01,95.779999
2014-12-02,95.110001
2014-12-03,95.500000
2014-12-04,95.660004
2014-12-05,96.309998
2014-12-08,92.610001
2014-12-09,91.360001
2014-12-10,90.000000
2014-12-11,90.970001
2014-12-12,90.620003
2014-12-15,88.459999
2014-12-16,88.720001
2014-12-17,91.650002
2014-12-18,93.669998
2014-12-19,93.220001
2014-12-22,93.889999
2014-12-23,94.220001
2014-12-24,93.830002
2014-12-26,94.779999
2014-12-29,95.040001
2014-12-30,94.250000
2014-12-31,93.699997
2015-01-02,93.260002
2015-01-05,92.230003
2015-01-06,92.400002
2015-01-07,94.010002
2015-01-08,94.360001
2015-01-09,93.209999
2015-01-12,93.010002
2015-01-13,92.830002
2015-01-14,91.540001
2015-01-15,91.379997
2015-01-16,91.489998
2015-01-20,90.800003
2015-01-21,90.339996
2015-01-22,90.889999
2015-01-23,89.559998
2015-01-26,90.669998
2015-01-27,89.570000
2015-01-28,88.779999
2015-01-29,93.269997
2015-01-30,92.440002
2015-02-02,92.510002
2015-02-03,93.919998
2015-02-04,94.050003
2015-02-05,94.339996
2015-02-06,93.989998
2015-02-09,92.720001
2015-02-10,94.019997
2015-02-11,94.209999
2015-02-12,95.089996
2015-02-13,95.650002
2015-02-17,94.349998
2015-02-18,94.580002
2015-02-19,94.190002
2015-02-20,94.190002
2015-02-23,94.309998
2015-02-24,94.980003
2015-02-25,98.660004
2015-02-26,99.510002
2015-02-27,98.900002
2015-03-02,100.000000
2015-03-03,99.739998
2015-03-04,100.250000
2015-03-05,99.110001
2015-03-06,97.129997
2015-03-09,97.709999
2015-03-10,96.290001
2015-03-11,94.959999
2015-03-12,96.250000
2015-03-13,96.349998
2015-03-16,97.150002
2015-03-17,96.169998
2015-03-18,97.000000
2015-03-19,95.980003
2015-03-20,97.050003
2015-03-23,98.620003
2015-03-24,99.360001
2015-03-25,98.139999
2015-03-26,97.639999
2015-03-27,96.959999
2015-03-30,97.879997
2015-03-31,97.440002
2015-04-01,96.290001
2015-04-02,95.830002
2015-04-06,96.279999
2015-04-07,96.349998
2015-04-08,96.849998
2015-04-09,96.550003
2015-04-10,97.800003
2015-04-13,97.440002
2015-04-14,97.580002
2015-04-15,96.440002
2015-04-16,95.629997
2015-04-17,94.879997
2015-04-20,96.180000
2015-04-21,94.870003
2015-04-22,97.839996
2015-04-23,97.000000
2015-04-24,98.739998
2015-04-27,96.440002
2015-04-28,96.830002
2015-04-29,97.019997
2015-04-30,96.550003
2015-05-01,97.800003
2015-05-04,96.129997
2015-05-05,96.129997
2015-05-06,96.389999
2015-05-07,96.779999
2015-05-08,98.230003
2015-05-11,97.510002
2015-05-12,97.949997
2015-05-13,97.349998
2015-05-14,97.709999
2015-05-15,98.040001
2015-05-18,98.019997
2015-05-19,100.680000
2015-05-20,100.110001
2015-05-21,99.279999
2015-05-22,98.989998
2015-05-26,98.459999
2015-05-27,98.660004
2015-05-28,96.480003
2015-05-29,95.930000
2015-06-01,96.220001
2015-06-02,96.290001
2015-06-03,96.519997
2015-06-04,96.309998
2015-06-05,95.540001
2015-06-08,95.320000
2015-06-09,94.730003
2015-06-10,95.300003
2015-06-11,95.589996
2015-06-12,95.059998
2015-06-15,94.300003
2015-06-16,94.629997
2015-06-17,95.220001
2015-06-18,96.169998
2015-06-19,96.080002
2015-06-22,96.870003
2015-06-23,97.180000
2015-06-24,96.639999
2015-06-25,95.790001
2015-06-26,97.290001
2015-06-29,95.440002
2015-06-30,95.070000
2015-07-01,95.760002
2015-07-02,96.169998
2015-07-06,95.650002
2015-07-07,96.680000
2015-07-08,95.839996
2015-07-09,96.489998
2015-07-10,97.650002
2015-07-13,98.430000
2015-07-14,98.779999
2015-07-15,99.070000
2015-07-16,97.860001
2015-07-17,97.500000
2015-07-20,97.489998
2015-07-21,97.320000
2015-07-22,97.580002
2015-07-23,97.089996
2015-07-24,96.099998
2015-07-27,96.040001
2015-07-28,97.330002
2015-07-29,98.209999
2015-07-30,99.169998
2015-07-31,99.860001
2015-08-03,99.419998
2015-08-04,99.139999
2015-08-05,99.800003
2015-08-06,99.349998
2015-08-07,98.919998
2015-08-10,99.389999
2015-08-11,98.809998
2015-08-12,98.279999
2015-08-13,99.370003
2015-08-14,99.269997
2015-08-17,100.660004
2015-08-18,100.760002
2015-08-19,101.099998
2015-08-20,99.760002
2015-08-21,97.129997
2015-08-24,92.870003
2015-08-25,91.209999
2015-08-26,95.150002
2015-08-27,97.330002
2015-08-28,96.250000
2015-08-31,95.019997
2015-09-01,93.470001
2015-09-02,96.040001
2015-09-03,96.010002
2015-09-04,94.849998
2015-09-08,96.779999
2015-09-09,95.430000
2015-09-10,95.250000
2015-09-11,97.410004
2015-09-14,96.970001
2015-09-15,98.190002
2015-09-16,98.690002
2015-09-17,97.839996
2015-09-18,97.050003
2015-09-21,97.900002
2015-09-22,97.199997
2015-09-23,97.379997
2015-09-24,97.290001
2015-09-25,97.589996
2015-09-28,95.959999
2015-09-29,97.480003
2015-09-30,98.529999
2015-10-01,98.779999
2015-10-02,99.790001
2015-10-05,101.169998
2015-10-06,101.900002
2015-10-07,101.769997
2015-10-08,102.949997
2015-10-09,102.760002
2015-10-12,103.239998
2015-10-13,103.379997
2015-10-14,102.820000
2015-10-15,103.660004
2015-10-16,104.820000
2015-10-19,104.489998
2015-10-20,103.839996
2015-10-21,102.540001
2015-10-22,110.870003
2015-10-23,112.589996
2015-10-26,112.180000
2015-10-27,111.639999
2015-10-28,112.940002
2015-10-29,112.620003
2015-10-30,112.250000
2015-11-02,112.110001
2015-11-03,112.080002
2015-11-04,112.400002
2015-11-05,112.849998
2015-11-06,113.309998
2015-11-09,112.930000
2015-11-10,113.220001
2015-11-11,113.849998
2015-11-12,112.110001
2015-11-13,109.970001
2015-11-16,111.059998
2015-11-17,110.940002
2015-11-18,112.529999
2015-11-19,113.300003
2015-11-20,113.910004
2015-11-23,114.470001
2015-11-24,114.279999
2015-11-25,114.400002
2015-11-27,114.230003
2015-11-30,114.160004
2015-12-01,114.449997
2015-12-02,113.720001
2015-12-03,113.389999
2015-12-04,116.199997
2015-12-07,116.419998
2015-12-08,116.529999
2015-12-09,116.580002
2015-12-10,117.199997
2015-12-11,116.080002
2015-12-14,116.260002
2015-12-15,116.930000
2015-12-16,117.839996
2015-12-17,117.500000
2015-12-18,116.660004
2015-12-21,117.690002
2015-12-22,117.720001
2015-12-23,118.800003
2015-12-24,118.570000
2015-12-28,118.750000
2015-12-29,120.070000
2015-12-30,119.430000
2015-12-31,118.139999
2016-01-04,117.580002
2016-01-05,119.199997
2016-01-06,118.400002
2016-01-07,115.660004
2016-01-08,115.480003
2016-01-11,116.690002
2016-01-12,117.440002
2016-01-13,115.120003
2016-01-14,116.620003
2016-01-15,115.180000
2016-01-19,117.500000
2016-01-20,115.779999
2016-01-21,117.839996
2016-01-22,118.400002
2016-01-25,119.199997
2016-01-26,120.430000
2016-01-27,120.870003
2016-01-28,122.379997
2016-01-29,123.779999
2016-02-01,124.610001
2016-02-02,123.949997
2016-02-03,121.470001
2016-02-04,120.660004
2016-02-05,115.400002
2016-02-08,116.050003
2016-02-09,117.010002
2016-02-10,117.540001
2016-02-11,116.730003
2016-02-12,117.930000
2016-02-16,119.180000
2016-02-17,118.639999
2016-02-18,117.169998
2016-02-19,116.529999
2016-02-22,117.669998
2016-02-23,116.900002
2016-02-24,117.059998
2016-02-25,118.370003
2016-02-26,117.059998
2016-02-29,117.190002
2016-03-01,118.849998
2016-03-02,118.480003
2016-03-03,116.690002
2016-03-04,117.180000
2016-03-07,117.150002
2016-03-08,118.419998
2016-03-09,119.639999
2016-03-10,119.980003
2016-03-11,121.550003
2016-03-14,122.900002
2016-03-15,123.430000
2016-03-16,123.519997
2016-03-17,123.160004
2016-03-18,124.080002
2016-03-21,123.809998
2016-03-22,123.820000
2016-03-23,124.190002
2016-03-24,123.290001
2016-03-28,123.169998
2016-03-29,123.970001
2016-03-30,125.830002
2016-03-31,125.680000
2016-04-01,127.019997
2016-04-04,127.570000
2016-04-05,127.379997
2016-04-06,127.519997
2016-04-07,128.139999
2016-04-08,127.959999
2016-04-11,127.559998
2016-04-12,127.610001
2016-04-13,126.889999
2016-04-14,127.510002
2016-04-15,127.779999
2016-04-18,128.850006
2016-04-19,128.860001
2016-04-20,128.550003
2016-04-21,125.790001
2016-04-22,125.500000
2016-04-25,127.459999
2016-04-26,127.709999
2016-04-27,128.300003
2016-04-28,127.919998
2016-04-29,126.489998
2016-05-02,128.199997
2016-05-03,128.399994
2016-05-04,129.330002
2016-05-05,129.279999
2016-05-06,130.580002
2016-05-09,130.830002
2016-05-10,131.600006
2016-05-11,129.139999
2016-05-12,130.119995
2016-05-13,128.830002
2016-05-16,129.639999
2016-05-17,127.690002
2016-05-18,126.209999
2016-05-19,125.290001
2016-05-20,122.559998
2016-05-23,122.809998
2016-05-24,123.949997
2016-05-25,123.260002
2016-05-26,123.790001
2016-05-27,123.250000
2016-05-31,122.059998
2016-06-01,121.970001
2016-06-02,121.169998
2016-06-03,121.349998
2016-06-06,122.000000
2016-06-07,121.900002
2016-06-08,122.110001
2016-06-09,122.790001
2016-06-10,122.360001
2016-06-13,122.989998
2016-06-14,122.510002
2016-06-15,122.250000
2016-06-16,122.470001
2016-06-17,122.269997
2016-06-20,123.419998
2016-06-21,122.629997
2016-06-22,120.620003
2016-06-23,121.209999
2016-06-24,119.440002
2016-06-27,116.300003
2016-06-28,118.500000
2016-06-29,119.489998
2016-06-30,120.339996
2016-07-01,120.400002
2016-07-05,120.760002
2016-07-06,120.629997
2016-07-07,120.919998
2016-07-08,121.309998
2016-07-11,122.000000
2016-07-12,122.250000
2016-07-13,122.820000
2016-07-14,123.930000
2016-07-15,123.610001
2016-07-18,123.800003
2016-07-19,126.500000
2016-07-20,126.059998
2016-07-21,127.180000
2016-07-22,128.259995
2016-07-25,127.400002
2016-07-26,121.709999
2016-07-27,119.480003
2016-07-28,119.419998
2016-07-29,117.650002
2016-08-01,118.010002
2016-08-02,117.699997
2016-08-03,117.519997
2016-08-04,118.300003
2016-08-05,119.209999
2016-08-08,118.290001
2016-08-09,118.309998
2016-08-10,118.800003
2016-08-11,119.379997
2016-08-12,119.519997
2016-08-15,118.519997
2016-08-16,117.940002
2016-08-17,117.099998
2016-08-18,117.129997
2016-08-19,115.010002
2016-08-22,115.419998
2016-08-23,115.190002
2016-08-24,114.870003
2016-08-25,115.430000
2016-08-26,114.440002
2016-08-29,115.410004
2016-08-30,115.360001
2016-08-31,115.660004
2016-09-01,115.400002
2016-09-02,115.830002
2016-09-06,117.250000
2016-09-07,116.919998
2016-09-08,116.169998
2016-09-09,114.580002
2016-09-12,115.949997
2016-09-13,114.730003
2016-09-14,115.180000
2016-09-15,116.139999
2016-09-16,115.279999
2016-09-19,115.209999
2016-09-20,116.449997
2016-09-21,116.930000
2016-09-22,117.360001
2016-09-23,117.169998
2016-09-26,116.529999
2016-09-27,116.879997
2016-09-28,115.180000
2016-09-29,114.790001
2016-09-30,115.360001
2016-10-03,114.639999
2016-10-04,113.500000
2016-10-05,113.410004
2016-10-06,113.919998
2016-10-07,113.449997
2016-10-10,114.709999
2016-10-11,113.680000
2016-10-12,114.709999
2016-10-13,115.410004
2016-10-14,114.089996
2016-10-17,112.410004
2016-10-18,111.250000
2016-10-19,111.260002
2016-10-20,110.570000
2016-10-21,113.930000
2016-10-24,113.570000
2016-10-25,112.720001
2016-10-26,112.110001
2016-10-27,112.080002
2016-10-28,112.099998
2016-10-31,112.570000
2016-11-01,112.250000
2016-11-02,112.389999
2016-11-03,111.720001
2016-11-04,111.040001
2016-11-07,112.820000
2016-11-08,114.110001
2016-11-09,114.980003
2016-11-10,114.510002
2016-11-11,114.220001
2016-11-14,117.860001
2016-11-15,118.320000
2016-11-16,119.209999
2016-11-17,119.449997
2016-11-18,120.000000
2016-11-21,119.500000
2016-11-22,119.690002
2016-11-23,120.139999
2016-11-25,120.660004
2016-11-28,121.820000
2016-11-29,120.680000
2016-11-30,119.269997
2016-12-01,118.470001
2016-12-02,118.239998
2016-12-05,119.290001
2016-12-06,119.250000
2016-12-07,119.919998
2016-12-08,120.449997
2016-12-09,121.260002
2016-12-12,121.739998
2016-12-13,122.680000
2016-12-14,122.839996
2016-12-15,122.360001
2016-12-16,123.239998
2016-12-19,122.989998
2016-12-20,123.330002
2016-12-21,123.180000
2016-12-22,123.720001
2016-12-23,123.139999
2016-12-27,123.070000
2016-12-28,122.680000
2016-12-29,122.790001
2016-12-30,121.720001
2017-01-03,119.620003
2017-01-04,119.480003
2017-01-05,119.699997
2017-01-06,120.760002
2017-01-09,120.430000
2017-01-10,120.250000
2017-01-11,120.879997
2017-01-12,122.099998
2017-01-13,121.500000
2017-01-17,122.750000
2017-01-18,122.709999
2017-01-19,122.180000
2017-01-20,122.260002
2017-01-23,121.379997
2017-01-24,121.050003
2017-01-25,121.790001
2017-01-26,121.879997
2017-01-27,122.860001
2017-01-30,123.019997
2017-01-31,122.570000
2017-02-01,122.419998
2017-02-02,123.220001
2017-02-03,124.239998
2017-02-06,124.449997
2017-02-07,124.589996
2017-02-08,124.669998
2017-02-09,124.480003
2017-02-10,125.820000
2017-02-13,125.540001
2017-02-14,125.809998
2017-02-15,126.480003
2017-02-16,126.699997
2017-02-17,127.800003
2017-02-21,128.039993
2017-02-22,127.849998
2017-02-23,128.270004
2017-02-24,128.649994
2017-02-27,126.989998
2017-02-28,127.650002
2017-03-01,129.050003
2017-03-02,128.229996
2017-03-03,127.900002
2017-03-06,128.029999
2017-03-07,128.070007
2017-03-08,128.089996
2017-03-09,128.139999
2017-03-10,127.980003
2017-03-13,127.610001
2017-03-14,127.800003
2017-03-15,127.879997
2017-03-16,127.980003
2017-03-17,128.639999
2017-03-20,128.779999
2017-03-21,128.520004
2017-03-22,129.100006
2017-03-23,129.000000
2017-03-24,129.339996
2017-03-27,129.490005
2017-03-28,129.449997
2017-03-29,128.839996
2017-03-30,129.320007
2017-03-31,129.610001
2017-04-03,129.610001
2017-04-04,129.289993
2017-04-05,130.410004
2017-04-06,130.149994
2017-04-07,129.960007
2017-04-10,129.979996
2017-04-11,131.199997
2017-04-12,131.259995
2017-04-13,130.759995
2017-04-17,131.350006
2017-04-18,132.300003
2017-04-19,132.639999
2017-04-20,133.270004
2017-04-21,133.410004
2017-04-24,134.229996
2017-04-25,141.699997
2017-04-26,140.839996
2017-04-27,140.869995
2017-04-28,139.929993
2017-05-01,141.149994
2017-05-02,141.229996
2017-05-03,142.619995
2017-05-04,143.449997
2017-05-05,143.960007
2017-05-08,144.240005
2017-05-09,144.360001
2017-05-10,144.520004
2017-05-11,144.210007
2017-05-12,145.360001
2017-05-15,146.279999
2017-05-16,147.289993
2017-05-17,146.410004
2017-05-18,147.009995
2017-05-19,148.149994
2017-05-22,148.190002
2017-05-23,147.820007
2017-05-24,149.500000
2017-05-25,149.779999
2017-05-26,149.860001
2017-05-30,149.929993
2017-05-31,150.889999
2017-06-01,152.389999
2017-06-02,153.740005
2017-06-05,152.789993
2017-06-06,151.229996
2017-06-07,151.940002
2017-06-08,151.429993
2017-06-09,151.479996
2017-06-12,148.470001
2017-06-13,149.820007
2017-06-14,150.679993
2017-06-15,151.169998
2017-06-16,151.990005
2017-06-19,153.139999
2017-06-20,154.070007
2017-06-21,153.729996
2017-06-22,154.800003
2017-06-23,154.639999
2017-06-26,153.960007
2017-06-27,153.720001
2017-06-28,154.300003
2017-06-29,153.130005
2017-06-30,153.160004
2017-07-03,152.500000
2017-07-05,153.070007
2017-07-06,153.089996
2017-07-07,156.270004
2017-07-10,155.520004
2017-07-11,154.910004
2017-07-12,156.580002
2017-07-13,155.039993
2017-07-14,155.279999
2017-07-17,155.259995
2017-07-18,153.960007
2017-07-19,153.889999
2017-07-20,154.210007
2017-07-21,153.919998
2017-07-24,151.850006
2017-07-25,159.070007
2017-07-26,156.509995
2017-07-27,156.949997
2017-07-28,155.850006
2017-07-31,155.139999
2017-08-01,154.039993
2017-08-02,156.589996
2017-08-03,154.720001
2017-08-04,153.820007
2017-08-07,154.970001
2017-08-08,154.919998
2017-08-09,154.919998
2017-08-10,156.619995
2017-08-11,157.300003
2017-08-14,157.259995
2017-08-15,157.619995
2017-08-16,158.899994
2017-08-17,157.889999
2017-08-18,157.759995
2017-08-21,158.360001
2017-08-22,159.639999
2017-08-23,158.809998
2017-08-24,158.410004
2017-08-25,158.820007
2017-08-28,159.669998
2017-08-29,159.380005
2017-08-30,159.529999
2017-08-31,159.970001
2017-09-01,159.809998
2017-09-05,159.100006
2017-09-06,158.220001
2017-09-07,159.899994
2017-09-08,159.710007
2017-09-11,161.529999
2017-09-12,156.330002
2017-09-13,157.000000
2017-09-14,157.000000
2017-09-15,156.919998
2017-09-18,156.679993
2017-09-19,157.429993
2017-09-20,159.880005
2017-09-21,159.029999
2017-09-22,158.910004
2017-09-25,156.259995
2017-09-26,153.350006
2017-09-27,154.050003
2017-09-28,157.490005
2017-09-29,156.679993
2017-10-02,156.960007
2017-10-03,156.860001
2017-10-04,157.210007
2017-10-05,158.800003
2017-10-06,159.600006
2017-10-09,160.119995
2017-10-10,160.580002
2017-10-11,163.149994
2017-10-12,163.910004
2017-10-13,165.369995
2017-10-16,165.009995
2017-10-17,165.399994
2017-10-18,165.770004
2017-10-19,166.500000
2017-10-20,166.300003
2017-10-23,163.339996
2017-10-24,163.880005
2017-10-25,163.580002
2017-10-26,164.009995
2017-10-27,165.389999
2017-10-30,166.229996
2017-10-31,166.910004
2017-11-01,166.369995
2017-11-02,168.100006
2017-11-03,168.649994
2017-11-06,170.070007
2017-11-07,170.770004
2017-11-08,170.100006
2017-11-09,167.000000
2017-11-10,165.589996
2017-11-13,167.369995
2017-11-14,168.110001
2017-11-15,167.320007
2017-11-16,168.089996
2017-11-17,166.720001
2017-11-20,166.929993
2017-11-21,168.300003
2017-11-22,169.050003
2017-11-24,169.110001
2017-11-27,168.960007
2017-11-28,171.339996
2017-11-29,170.429993
2017-11-30,171.970001
2017-12-01,172.869995
2017-12-04,170.649994
2017-12-05,172.990005
2017-12-06,173.479996
2017-12-07,172.910004
2017-12-08,173.149994
2017-12-11,173.250000
2017-12-12,172.229996
2017-12-13,173.550003
2017-12-14,173.139999
2017-12-15,174.059998
2017-12-18,174.199997
2017-12-19,173.389999
2017-12-20,172.169998
2017-12-21,171.850006
2017-12-22,171.419998
2017-12-26,171.289993
2017-12-27,172.669998
2017-12-28,173.100006
2017-12-29,172.119995
2018-01-02,173.220001
2018-01-03,172.490005
2018-01-04,173.699997
2018-01-05,174.050003
2018-01-08,173.929993
2018-01-09,173.539993
2018-01-10,173.509995
2018-01-11,173.389999
2018-01-12,173.570007
2018-01-16,173.679993
2018-01-17,174.979996
2018-01-18,174.570007
2018-01-19,176.119995
2018-01-22,176.210007
2018-01-23,176.809998
2018-01-24,176.119995
2018-01-25,175.660004
2018-01-26,178.360001
2018-01-29,177.770004
2018-01-30,172.479996
2018-01-31,171.139999
2018-02-01,171.899994
2018-02-02,169.380005
2018-02-05,163.850006
2018-02-06,165.179993
2018-02-07,165.710007
2018-02-08,158.970001
2018-02-09,160.800003
2018-02-12,163.899994
2018-02-13,162.399994
2018-02-14,159.990005
2018-02-15,160.779999
2018-02-16,157.789993
2018-02-20,157.160004
2018-02-21,158.639999
2018-02-22,160.660004
2018-02-23,163.059998
2018-02-26,163.580002
2018-02-27,160.660004
2018-02-28,157.740005
2018-03-01,155.699997
2018-03-02,148.270004
2018-03-05,151.029999
2018-03-06,151.199997
2018-03-07,152.380005
2018-03-08,154.440002
2018-03-09,157.240005
2018-03-12,157.740005
2018-03-13,158.220001
2018-03-14,158.240005
2018-03-15,161.610001
2018-03-16,162.360001
2018-03-19,159.009995
2018-03-20,159.380005
2018-03-21,158.660004
2018-03-22,157.039993
2018-03-23,154.979996
2018-03-26,158.009995
2018-03-27,157.479996
2018-03-28,158.410004
2018-03-29,156.380005
2018-04-02,157.720001
2018-04-03,160.399994
2018-04-04,161.729996
2018-04-05,163.949997
2018-04-06,161.250000
2018-04-09,161.229996
2018-04-10,162.770004
2018-04-11,163.339996
2018-04-12,161.619995
2018-04-13,161.729996
2018-04-16,161.630005
2018-04-17,162.550003
2018-04-18,161.809998
2018-04-19,159.529999
2018-04-20,158.770004
2018-04-23,158.990005
2018-04-24,157.320007
2018-04-25,155.940002
2018-04-26,158.899994
2018-04-27,158.300003
2018-04-30,167.440002
2018-05-01,163.440002
2018-05-02,160.679993
2018-05-03,160.080002
2018-05-04,165.029999
2018-05-07,165.000000
2018-05-08,164.770004
2018-05-09,164.240005
2018-05-10,165.070007
2018-05-11,165.389999
2018-05-14,164.720001
2018-05-15,163.059998
2018-05-16,162.869995
2018-05-17,161.309998
2018-05-18,160.979996
2018-05-21,161.479996
2018-05-22,159.449997
2018-05-23,161.619995
2018-05-24,162.389999
2018-05-25,163.210007
2018-05-29,160.619995
2018-05-30,161.820007
2018-05-31,160.009995
2018-06-01,159.160004
2018-06-04,160.220001
2018-06-05,159.479996
2018-06-06,162.380005
2018-06-07,169.479996
2018-06-08,168.910004
2018-06-11,166.490005
2018-06-12,166.729996
2018-06-13,166.580002
2018-06-14,167.050003
2018-06-15,166.460007
2018-06-18,166.279999
2018-06-19,164.970001
2018-06-20,162.559998
2018-06-21,160.529999
2018-06-22,164.550003
2018-06-25,159.809998
2018-06-26,160.910004
2018-06-27,157.419998
2018-06-28,156.320007
2018-06-29,156.690002
2018-07-02,156.869995
2018-07-03,156.479996
2018-07-05,157.320007
2018-07-06,159.419998
2018-07-09,159.940002
2018-07-10,160.619995
2018-07-11,158.619995
2018-07-12,159.119995
2018-07-13,158.509995
2018-07-16,158.779999
2018-07-17,159.750000
2018-07-18,157.929993
2018-07-19,157.410004
2018-07-20,157.970001
2018-07-23,158.750000
2018-07-24,157.940002
2018-07-25,158.889999
2018-07-26,156.139999
2018-07-27,157.479996
2018-07-30,158.639999
2018-07-31,157.539993
2018-08-01,156.919998
2018-08-02,155.410004
2018-08-03,156.210007
2018-08-06,156.720001
2018-08-07,156.039993
2018-08-08,158.919998
2018-08-09,159.300003
2018-08-10,158.679993
2018-08-13,158.139999
2018-08-14,160.600006
2018-08-15,159.880005
2018-08-16,161.729996
2018-08-17,161.149994
2018-08-20,161.679993
2018-08-21,161.039993
2018-08-22,160.550003
2018-08-23,159.050003
2018-08-24,159.380005
2018-08-27,160.479996
2018-08-28,161.639999
2018-08-29,163.110001
2018-08-30,162.800003
2018-08-31,162.229996
2018-09-04,161.720001
2018-09-05,163.240005
2018-09-06,163.740005
2018-09-07,163.899994
2018-09-10,165.070007
2018-09-11,164.619995
2018-09-12,164.740005
2018-09-13,162.399994
2018-09-14,160.839996
2018-09-17,158.139999
2018-09-18,157.770004
2018-09-19,159.179993
2018-09-20,160.789993
2018-09-21,165.300003
2018-09-24,163.309998
2018-09-25,166.410004
2018-09-26,165.759995
2018-09-27,166.529999
2018-09-28,167.289993
2018-10-01,166.669998
2018-10-02,165.179993
2018-10-03,164.660004
2018-10-04,165.800003
2018-10-05,166.570007
2018-10-08,167.770004
2018-10-09,169.830002
2018-10-10,168.369995
2018-10-11,162.970001
2018-10-12,163.820007
2018-10-15,163.669998
2018-10-16,164.070007
2018-10-17,166.770004
2018-10-18,166.809998
2018-10-19,167.490005
2018-10-22,166.630005
2018-10-23,177.149994
2018-10-24,177.350006
2018-10-25,175.309998
2018-10-26,173.339996
2018-10-29,173.229996
2018-10-30,178.490005
2018-10-31,176.899994
2018-11-01,174.880005
2018-11-02,176.750000
2018-11-05,180.389999
2018-11-06,182.710007
2018-11-07,184.250000
2018-11-08,185.479996
2018-11-09,185.940002
2018-11-12,184.369995
2018-11-13,184.009995
2018-11-14,183.850006
2018-11-15,183.559998
2018-11-16,187.589996
2018-11-19,186.720001
2018-11-20,183.710007
2018-11-21,182.720001
2018-11-23,181.929993
2018-11-26,183.889999
2018-11-27,184.630005
2018-11-28,187.850006
2018-11-29,189.259995
2018-11-30,188.509995
2018-12-03,185.369995
2018-12-04,185.039993
2018-12-06,185.449997
2018-12-07,182.960007
2018-12-10,184.649994
2018-12-11,183.589996
2018-12-12,183.479996
2018-12-13,186.429993
2018-12-14,183.289993
2018-12-17,180.789993
2018-12-18,179.710007
2018-12-19,179.160004
2018-12-20,173.679993
2018-12-21,174.149994
2018-12-24,170.279999
2018-12-26,174.029999
2018-12-27,175.710007
2018-12-28,175.559998
2018-12-31,177.570007
2019-01-02,176.059998
2019-01-03,174.899994
2019-01-04,178.279999
2019-01-07,180.220001
2019-01-08,180.600006
2019-01-09,180.289993
2019-01-10,181.550003
2019-01-11,182.369995
2019-01-14,181.220001
2019-01-15,181.020004
2019-01-16,179.350006
2019-01-17,181.110001
2019-01-18,182.570007
2019-01-22,184.570007
2019-01-23,186.089996
2019-01-24,187.369995
2019-01-25,184.000000
2019-01-28,183.600006
2019-01-29,182.169998
2019-01-30,181.770004
2019-01-31,178.779999
2019-02-01,176.720001
2019-02-04,177.550003
2019-02-05,177.570007
2019-02-06,176.179993
2019-02-07,175.279999
2019-02-08,174.750000
2019-02-11,174.259995
2019-02-12,173.970001
2019-02-13,174.149994
2019-02-14,175.869995
2019-02-15,179.970001
2019-02-19,179.250000
2019-02-20,180.490005
2019-02-21,182.809998
2019-02-22,183.169998
2019-02-25,182.610001
2019-02-26,183.210007
2019-02-27,183.360001
2019-02-28,183.839996
2019-03-01,185.050003
2019-03-04,180.589996
2019-03-05,181.350006
2019-03-06,182.029999
2019-03-07,180.520004
2019-03-08,179.500000
2019-03-11,181.080002
2019-03-12,181.830002
2019-03-13,182.059998
2019-03-14,182.740005
2019-03-15,185.330002
2019-03-18,183.949997
2019-03-19,183.110001
2019-03-20,184.970001
2019-03-21,186.369995
2019-03-22,186.809998
2019-03-25,185.720001
2019-03-26,187.479996
2019-03-27,187.509995
2019-03-28,189.389999
2019-03-29,189.899994
2019-04-01,188.389999
2019-04-02,188.350006
2019-04-03,188.350006
2019-04-04,189.869995
2019-04-05,190.710007
2019-04-08,189.850006
2019-04-09,190.080002
2019-04-10,189.220001
2019-04-11,188.880005
2019-04-12,191.600006
2019-04-15,191.850006
2019-04-16,191.699997
2019-04-17,191.610001
2019-04-18,194.910004
2019-04-22,193.919998
2019-04-23,195.259995
2019-04-24,197.630005
2019-04-25,197.929993
2019-04-26,197.419998
2019-04-29,197.119995
2019-04-30,197.570007
2019-05-01,194.169998
2019-05-02,194.610001
2019-05-03,197.520004
2019-05-06,198.899994
2019-05-07,198.039993
2019-05-08,198.029999
2019-05-09,197.729996
2019-05-10,199.990005
2019-05-13,199.029999
2019-05-14,198.009995
2019-05-15,199.070007
2019-05-16,199.990005
2019-05-17,199.220001
2019-05-20,198.990005
2019-05-21,199.839996
2019-05-22,199.960007
2019-05-23,198.970001
2019-05-24,197.770004
2019-05-28,196.669998
2019-05-29,196.020004
2019-05-30,199.240005
2019-05-31,198.270004
2019-06-03,198.779999
2019-06-04,199.630005
2019-06-05,200.130005
2019-06-06,203.050003
2019-06-07,205.479996
2019-06-10,201.300003
2019-06-11,203.259995
2019-06-12,204.929993
2019-06-13,204.490005
2019-06-14,205.289993
2019-06-17,203.809998
2019-06-18,204.509995
2019-06-19,204.550003
2019-06-20,205.119995
2019-06-21,204.259995
2019-06-24,203.919998
2019-06-25,205.710007
2019-06-26,204.550003
2019-06-27,206.270004
2019-06-28,207.660004
2019-07-01,206.300003
2019-07-02,209.580002
2019-07-03,212.809998
2019-07-05,211.240005
2019-07-08,212.160004
2019-07-09,212.089996
2019-07-10,213.000000
2019-07-11,212.690002
2019-07-12,212.990005
2019-07-15,214.210007
2019-07-16,213.720001
2019-07-17,213.710007
2019-07-18,215.910004
2019-07-19,213.869995
2019-07-22,215.000000
2019-07-23,214.309998
2019-07-24,212.779999
2019-07-25,214.440002
2019-07-26,215.580002
2019-07-29,214.979996
2019-07-30,212.339996
2019-07-31,210.720001
2019-08-01,211.250000
2019-08-02,214.479996
2019-08-05,210.449997
2019-08-06,214.080002
2019-08-07,216.830002
2019-08-08,218.009995
2019-08-09,221.149994
2019-08-12,217.160004
2019-08-13,219.729996
2019-08-14,216.479996
2019-08-15,218.270004
2019-08-16,218.470001
2019-08-19,218.779999
2019-08-20,218.470001
2019-08-21,220.710007
2019-08-22,219.490005
2019-08-23,214.660004
2019-08-26,216.910004
2019-08-27,216.050003
2019-08-28,218.070007
2019-08-29,220.539993
2019-08-30,217.970001
2019-09-03,217.130005
2019-09-04,218.500000
2019-09-05,219.490005
2019-09-06,220.029999
2019-09-09,217.259995
2019-09-10,209.679993
2019-09-11,210.199997
2019-09-12,212.149994
2019-09-13,209.809998
2019-09-16,207.399994
2019-09-17,209.850006
2019-09-18,210.429993
2019-09-19,210.520004
2019-09-20,209.389999
2019-09-23,211.539993
2019-09-24,212.020004
2019-09-25,212.630005
2019-09-26,212.600006
2019-09-27,213.160004
2019-09-30,214.710007
2019-10-01,209.020004
2019-10-02,206.270004
2019-10-03,210.029999
2019-10-04,211.690002
2019-10-07,211.919998
2019-10-08,211.110001
2019-10-09,212.830002
2019-10-10,211.759995
2019-10-11,209.020004
2019-10-14,208.380005
2019-10-15,207.220001
2019-10-16,208.300003
2019-10-17,206.850006
2019-10-18,208.500000
2019-10-21,209.850006
2019-10-22,199.270004
2019-10-23,199.210007
2019-10-24,196.020004
2019-10-25,194.610001
2019-10-28,191.779999
2019-10-29,192.619995
2019-10-30,196.889999
2019-10-31,196.699997
2019-11-01,193.940002
2019-11-04,188.660004
2019-11-05,192.179993
2019-11-06,194.179993
2019-11-07,193.080002
2019-11-08,193.610001
2019-11-11,192.639999
2019-11-12,193.279999
2019-11-13,195.000000
2019-11-14,194.000000
2019-11-15,193.970001
2019-11-18,194.279999
2019-11-19,193.440002
2019-11-20,194.130005
2019-11-21,192.350006
2019-11-22,193.139999
2019-11-25,191.889999
2019-11-26,194.009995
2019-11-27,196.300003
2019-11-29,194.479996
2019-12-02,195.179993
2019-12-03,193.119995
2019-12-04,194.309998
2019-12-05,194.210007
2019-12-06,195.350006
2019-12-09,194.679993
2019-12-10,194.949997
2019-12-11,194.720001
2019-12-12,196.309998
2019-12-13,197.119995
2019-12-16,197.880005
2019-12-17,196.520004
2019-12-18,195.630005
2019-12-19,197.059998
2019-12-20,197.139999
2019-12-23,196.199997
2019-12-24,196.669998
2019-12-26,197.059998
2019-12-27,198.169998
2019-12-30,196.910004
2019-12-31,197.610001
2020-01-02,200.789993
2020-01-03,200.080002
2020-01-06,202.330002
2020-01-07,202.630005
2020-01-08,205.910004
2020-01-09,208.350006
2020-01-10,207.270004
2020-01-13,206.509995
2020-01-14,207.320007
2020-01-15,209.770004
2020-01-16,210.850006
2020-01-17,211.979996
2020-01-21,211.160004
2020-01-22,211.440002
2020-01-23,213.419998
2020-01-24,211.240005
2020-01-27,209.339996
2020-01-28,210.389999
2020-01-29,214.440002
2020-01-30,216.179993
2020-01-31,213.970001
2020-02-03,215.179993
2020-02-04,214.619995
2020-02-05,214.369995
2020-02-06,212.869995
2020-02-07,211.610001
2020-02-10,213.210007
2020-02-11,215.729996
2020-02-12,217.460007
2020-02-13,217.419998
2020-02-14,217.089996
2020-02-18,216.149994
2020-02-19,215.630005
2020-02-20,215.080002
2020-02-21,215.869995
2020-02-24,213.520004
2020-02-25,212.100006
2020-02-26,210.100006
2020-02-27,201.000000
2020-02-28,194.169998
2020-03-02,202.550003
2020-03-03,199.509995
2020-03-04,207.020004
2020-03-05,198.320007
2020-03-06,198.860001
2020-03-09,186.860001
2020-03-10,199.860001
2020-03-11,188.250000
2020-03-12,170.130005
2020-03-13,177.130005
2020-03-16,149.009995
2020-03-17,147.619995
2020-03-18,137.300003
2020-03-19,149.500000
2020-03-20,148.490005
2020-03-23,137.100006
2020-03-24,161.949997
2020-03-25,162.979996
2020-03-26,167.350006
2020-03-27,164.009995
2020-03-30,168.130005
2020-03-31,165.350006
2020-04-01,158.169998
2020-04-02,161.500000
2020-04-03,160.330002
2020-04-06,177.039993
2020-04-07,175.589996
2020-04-08,177.490005
2020-04-09,183.699997
2020-04-13,180.119995
2020-04-14,183.990005
2020-04-15,177.839996
2020-04-16,179.500000
2020-04-17,186.100006
2020-04-20,181.649994
2020-04-21,177.580002
2020-04-22,186.479996
2020-04-23,182.039993
2020-04-24,184.020004
2020-04-27,185.889999
2020-04-28,185.929993
2020-04-29,187.820007
2020-04-30,187.559998
2020-05-01,182.660004
2020-05-04,181.869995
2020-05-05,179.240005
2020-05-06,176.970001
2020-05-07,181.119995
2020-05-08,181.229996
2020-05-11,180.880005
2020-05-12,176.539993
2020-05-13,172.820007
2020-05-14,175.410004
2020-05-15,173.809998
2020-05-18,179.830002
2020-05-19,179.570007
2020-05-20,184.100006
2020-05-21,185.080002
2020-05-22,184.410004
2020-05-26,184.839996
2020-05-27,187.720001
2020-05-28,188.729996
2020-05-29,186.320007
2020-06-01,187.410004
2020-06-02,187.589996
2020-06-03,193.289993
2020-06-04,193.240005
2020-06-05,197.160004
2020-06-08,202.649994
2020-06-09,199.520004
2020-06-10,195.800003
2020-06-11,187.509995
2020-06-12,189.169998
2020-06-15,189.490005
2020-06-16,190.320007
2020-06-17,190.789993
2020-06-18,189.490005
2020-06-19,186.559998
2020-06-22,187.460007
2020-06-23,186.619995
2020-06-24,184.289993
2020-06-25,182.759995
2020-06-26,179.740005
2020-06-29,182.800003
2020-06-30,184.470001
2020-07-01,184.660004
2020-07-02,183.520004
2020-07-06,188.500000
2020-07-07,185.820007
2020-07-08,185.850006
2020-07-09,184.330002
2020-07-10,184.880005
2020-07-13,184.919998
2020-07-14,190.720001
2020-07-15,191.770004
2020-07-16,190.919998
2020-07-17,191.479996
2020-07-20,191.610001
2020-07-21,192.979996
2020-07-22,198.619995
2020-07-23,197.550003
2020-07-24,198.720001
2020-07-27,201.250000
2020-07-28,196.240005
2020-07-29,196.210007
2020-07-30,195.410004
2020-07-31,194.279999
2020-08-03,194.399994
2020-08-04,199.360001
2020-08-05,199.259995
2020-08-06,203.179993
2020-08-07,204.600006
2020-08-10,204.119995
2020-08-11,205.000000
2020-08-12,206.020004
2020-08-13,206.490005
2020-08-14,207.029999
2020-08-17,208.669998
2020-08-18,210.320007
2020-08-19,209.509995
2020-08-20,209.880005
2020-08-21,211.570007
2020-08-24,212.619995
2020-08-25,212.649994
2020-08-26,213.759995
2020-08-27,212.190002
2020-08-28,214.910004
2020-08-31,213.520004
2020-09-01,212.690002
2020-09-02,216.229996
2020-09-03,213.800003
2020-09-04,211.729996
2020-09-08,213.580002
2020-09-09,215.710007
2020-09-10,217.240005
2020-09-11,218.000000
2020-09-14,220.559998
2020-09-15,222.369995
2020-09-16,224.809998
2020-09-17,222.580002
2020-09-18,220.270004
2020-09-21,216.410004
2020-09-22,216.410004
2020-09-23,214.970001
2020-09-24,216.119995
2020-09-25,218.179993
2020-09-28,220.259995
2020-09-29,218.679993
2020-09-30,219.490005
2020-10-01,219.589996
2020-10-02,222.669998
2020-10-05,226.070007
2020-10-06,224.089996
2020-10-07,226.479996
2020-10-08,225.800003
2020-10-09,224.830002
2020-10-12,226.110001
2020-10-13,227.350006
2020-10-14,227.619995
2020-10-15,229.639999
2020-10-16,229.369995
2020-10-19,226.000000
2020-10-20,227.449997
2020-10-21,228.190002
2020-10-22,229.149994
2020-10-23,228.710007
2020-10-26,224.270004
2020-10-27,222.970001
2020-10-28,214.690002
2020-10-29,214.949997
2020-10-30,213.000000
2020-11-02,212.559998
2020-11-03,216.800003
2020-11-04,214.869995
2020-11-05,216.309998
2020-11-06,216.559998
2020-11-09,213.220001
2020-11-10,213.320007
2020-11-11,218.020004
2020-11-12,213.070007
2020-11-13,213.279999
2020-11-16,216.729996
2020-11-17,216.009995
2020-11-18,215.520004
2020-11-19,215.110001
2020-11-20,214.089996
2020-11-23,217.000000
2020-11-24,219.710007
2020-11-25,219.339996
2020-11-27,218.330002
2020-11-30,217.440002
2020-12-01,216.139999
2020-12-02,210.860001
2020-12-03,211.509995
2020-12-04,210.740005
2020-12-07,208.889999
2020-12-08,208.389999
2020-12-09,208.690002
2020-12-10,208.039993
2020-12-11,207.759995
2020-12-14,211.919998
2020-12-15,214.860001
2020-12-16,213.800003
2020-12-17,214.250000
2020-12-18,215.080002
2020-12-21,211.669998
2020-12-22,211.919998
2020-12-23,212.020004
2020-12-24,211.389999
2020-12-28,214.020004
2020-12-29,212.710007
2020-12-30,211.559998
2020-12-31,214.580002
2021-01-04,210.220001
2021-01-05,211.479996
2021-01-06,211.000000
2021-01-07,211.979996
2021-01-08,215.869995
2021-01-11,214.229996
2021-01-12,211.600006
2021-01-13,212.089996
2021-01-14,208.500000
2021-01-15,209.910004
2021-01-19,209.089996
2021-01-20,213.630005
2021-01-21,213.529999
2021-01-22,213.380005
2021-01-25,213.339996
2021-01-26,215.380005
2021-01-27,207.000000
2021-01-28,206.820007
2021-01-29,207.839996
2021-02-01,207.929993
2021-02-02,209.759995
2021-02-03,208.710007
2021-02-04,211.029999
2021-02-05,212.580002
2021-02-08,211.580002
2021-02-09,215.979996
2021-02-10,214.399994
2021-02-11,214.270004
2021-02-12,213.899994
2021-02-16,215.029999
2021-02-17,213.449997
2021-02-18,215.429993
2021-02-19,212.240005
2021-02-22,212.059998
2021-02-23,211.320007
2021-02-24,213.270004
2021-02-25,210.949997
2021-02-26,206.139999
2021-03-01,208.250000
2021-03-02,208.669998
2021-03-03,205.820007
2021-03-04,204.839996
2021-03-05,207.369995
2021-03-08,209.110001
2021-03-09,208.550003
2021-03-10,213.309998
2021-03-11,211.570007
2021-03-12,212.339996
2021-03-15,220.460007
2021-03-16,219.860001
2021-03-17,224.110001
2021-03-18,222.899994
2021-03-19,222.440002
2021-03-22,225.070007
2021-03-23,224.369995
2021-03-24,224.050003
2021-03-25,224.199997
2021-03-26,225.210007
2021-03-29,227.350006
2021-03-30,224.979996
2021-03-31,224.139999
2021-04-01,225.210007
2021-04-05,228.850006
2021-04-06,231.910004
2021-04-07,232.610001
2021-04-08,230.250000
2021-04-09,231.479996
2021-04-12,230.960007
2021-04-13,231.320007
2021-04-14,230.309998
2021-04-15,231.279999
2021-04-16,233.080002
2021-04-19,231.809998
2021-04-20,233.009995
2021-04-21,232.259995
2021-04-22,232.960007
2021-04-23,234.580002
2021-04-26,232.309998
2021-04-27,234.979996
2021-04-28,232.410004
2021-04-29,235.210007
2021-04-30,236.080002
2021-05-03,235.559998
2021-05-04,233.860001
2021-05-05,235.039993
2021-05-06,234.860001
2021-05-07,234.839996
2021-05-10,237.110001
2021-05-11,233.860001
2021-05-12,227.940002
2021-05-13,229.770004
2021-05-14,231.720001
2021-05-17,231.679993
2021-05-18,231.929993
2021-05-19,230.149994
2021-05-20,232.179993
2021-05-21,231.240005
2021-05-24,231.910004
2021-05-25,232.139999
2021-05-26,232.350006
2021-05-27,234.860001
2021-05-28,233.889999
2021-06-01,233.240005
2021-06-02,233.779999
2021-06-03,232.449997
2021-06-04,233.380005
2021-06-07,231.690002
2021-06-08,232.639999
2021-06-09,231.470001
2021-06-10,234.589996
2021-06-11,236.929993
2021-06-14,236.979996
2021-06-15,236.350006
2021-06-16,235.580002
2021-06-17,233.880005
2021-06-18,229.619995
2021-06-21,232.899994
2021-06-22,233.880005
2021-06-23,233.240005
2021-06-24,233.330002
2021-06-25,232.419998
2021-06-28,231.089996
2021-06-29,230.369995
2021-06-30,230.990005
2021-07-01,232.270004
2021-07-02,233.630005
2021-07-06,232.750000
2021-07-07,234.630005
2021-07-08,232.839996
2021-07-09,235.679993
2021-07-12,235.610001
2021-07-13,236.169998
2021-07-14,237.130005
2021-07-15,236.880005
2021-07-16,234.750000
2021-07-19,229.259995
2021-07-20,234.270004
2021-07-21,235.929993
2021-07-22,238.669998
2021-07-23,242.960007
2021-07-26,243.979996
2021-07-27,246.350006
2021-07-28,241.779999
2021-07-29,244.020004
2021-07-30,242.710007
2021-08-02,240.100006
2021-08-03,236.949997
2021-08-04,234.830002
2021-08-05,236.419998
2021-08-06,236.259995
2021-08-09,234.679993
2021-08-10,233.449997
2021-08-11,235.550003
2021-08-12,236.669998
2021-08-13,238.820007
2021-08-16,240.970001
2021-08-17,240.279999
2021-08-18,238.080002
2021-08-19,237.229996
2021-08-20,238.490005
2021-08-23,239.660004
2021-08-24,238.429993
2021-08-25,238.830002
2021-08-26,236.949997
2021-08-27,237.479996
2021-08-30,236.589996
2021-08-31,237.460007
2021-09-01,238.149994
2021-09-02,239.869995
2021-09-03,238.820007
2021-09-07,236.190002
2021-09-08,238.619995
2021-09-09,238.610001
2021-09-10,239.179993
2021-09-13,241.210007
2021-09-14,241.130005
2021-09-15,240.979996
2021-09-16,243.210007
2021-09-17,242.490005
2021-09-20,239.089996
2021-09-21,240.500000
2021-09-22,243.130005
2021-09-23,244.779999
2021-09-24,246.419998
2021-09-27,248.110001
2021-09-28,243.770004
2021-09-29,244.279999
2021-09-30,241.110001
2021-10-01,242.929993
2021-10-04,243.080002
2021-10-05,245.220001
2021-10-06,247.100006
2021-10-07,248.320007
2021-10-08,247.699997
2021-10-11,246.580002
2021-10-12,244.520004
2021-10-13,242.649994
2021-10-14,244.550003
2021-10-15,242.250000
2021-10-18,242.259995
2021-10-19,242.770004
2021-10-20,239.720001
2021-10-21,241.399994
2021-10-22,238.440002
2021-10-25,237.339996
2021-10-26,236.419998
2021-10-27,242.729996
2021-10-28,245.500000
2021-10-29,245.550003
2021-11-01,250.580002
2021-11-02,249.240005
2021-11-03,250.399994
2021-11-04,253.460007
2021-11-05,254.710007
2021-11-08,253.100006
2021-11-09,252.649994
2021-11-10,253.130005
2021-11-11,250.160004
2021-11-12,250.669998
2021-11-15,252.940002
2021-11-16,252.460007
2021-11-17,252.690002
2021-11-18,253.479996
2021-11-19,251.949997
2021-11-22,253.479996
2021-11-23,255.649994
2021-11-24,257.109985
2021-11-26,250.009995
2021-11-29,250.300003
2021-11-30,244.600006
2021-12-01,244.179993
2021-12-02,248.800003
2021-12-03,249.330002
2021-12-06,255.789993
2021-12-07,259.910004
2021-12-08,259.579987
2021-12-09,262.339996
2021-12-10,264.970001
2021-12-13,263.089996
2021-12-14,262.519989
2021-12-15,264.519989
2021-12-16,265.549988
2021-12-17,261.700012
2021-12-20,261.730011
2021-12-21,264.390015
2021-12-22,264.940002
2021-12-23,265.950012
2021-12-27,268.239990
2021-12-28,267.880005
2021-12-29,268.489990
2021-12-30,267.209991
2021-12-31,268.070007
2022-01-03,268.579987
2022-01-04,268.510010
2022-01-05,267.190002
2022-01-06,269.690002
2022-01-07,267.059998
2022-01-10,264.410004
2022-01-11,262.119995
2022-01-12,260.920013
2022-01-13,261.410004
2022-01-14,257.709991
2022-01-18,256.480011
2022-01-19,255.220001
2022-01-20,253.130005
2022-01-21,254.589996
2022-01-24,253.610001
2022-01-25,250.679993
2022-01-26,249.850006
2022-01-27,248.740005
2022-01-28,256.089996
2022-01-31,259.450012
2022-02-01,258.989990
2022-02-02,262.279999
2022-02-03,260.640015
2022-02-04,260.059998
2022-02-07,259.850006
2022-02-08,260.079987
2022-02-09,259.859985
2022-02-10,256.869995
2022-02-11,255.160004
2022-02-14,253.389999
2022-02-15,253.809998
2022-02-16,253.089996
2022-02-17,250.929993
2022-02-18,250.600006
2022-02-22,252.699997
2022-02-23,247.789993
2022-02-24,245.029999
2022-02-25,249.449997
2022-02-28,244.770004
2022-03-01,239.630005
2022-03-02,240.940002
2022-03-03,236.649994
2022-03-04,235.809998
2022-03-07,224.330002
2022-03-08,222.789993
2022-03-09,222.470001
2022-03-10,222.000000
2022-03-11,226.869995
2022-03-14,226.179993
2022-03-15,232.570007
2022-03-16,238.139999
2022-03-17,237.470001
2022-03-18,238.919998
2022-03-21,235.320007
2022-03-22,238.119995
2022-03-23,236.119995
2022-03-24,240.259995
2022-03-25,241.580002
2022-03-28,242.940002
2022-03-29,248.169998
2022-03-30,249.029999
2022-03-31,247.279999
2022-04-01,249.250000
2022-04-04,246.830002
2022-04-05,248.509995
2022-04-06,251.460007
2022-04-07,254.360001
2022-04-08,251.460007
2022-04-11,250.449997
2022-04-12,249.169998
2022-04-13,251.330002
2022-04-14,250.509995
2022-04-18,251.059998
2022-04-19,255.399994
2022-04-20,255.850006
2022-04-21,255.250000
2022-04-22,250.169998
2022-04-25,252.880005
2022-04-26,248.580002
2022-04-27,247.139999
2022-04-28,254.190002
2022-04-29,249.160004
2022-05-02,246.639999
2022-05-03,245.869995
2022-05-04,254.320007
2022-05-05,248.919998
2022-05-06,250.779999
2022-05-09,247.490005
2022-05-10,245.679993
2022-05-11,244.429993
2022-05-12,244.190002
2022-05-13,245.039993
2022-05-16,244.039993
2022-05-17,241.630005
2022-05-18,231.050003
2022-05-19,229.000000
2022-05-20,233.910004
2022-05-23,238.000000
2022-05-24,244.520004
2022-05-25,244.009995
2022-05-26,248.089996
2022-05-27,251.869995
2022-05-31,252.210007
2022-06-01,249.279999
2022-06-02,250.380005
2022-06-03,248.360001
2022-06-06,248.070007
2022-06-07,248.940002
2022-06-08,245.610001
2022-06-09,242.160004
2022-06-10,237.380005
2022-06-13,238.470001
2022-06-14,238.759995
2022-06-15,238.899994
2022-06-16,235.190002
2022-06-17,234.380005
2022-06-21,239.589996
2022-06-22,243.059998
2022-06-23,243.580002
2022-06-24,247.899994
2022-06-27,247.029999
2022-06-28,242.830002
2022-06-29,247.740005
2022-06-30,246.880005
2022-07-01,252.960007
2022-07-05,252.289993
2022-07-06,251.460007
2022-07-07,252.940002
2022-07-08,253.240005
2022-07-11,253.279999
2022-07-12,251.479996
2022-07-13,252.669998
2022-07-14,252.600006
2022-07-15,255.009995
2022-07-18,252.419998
2022-07-19,256.500000
2022-07-20,254.580002
2022-07-21,253.470001
2022-07-22,253.990005
2022-07-25,250.380005
2022-07-26,257.089996
2022-07-27,258.890015
2022-07-28,263.459991
2022-07-29,263.369995
2022-08-01,264.230011
2022-08-02,261.049988
2022-08-03,262.089996
2022-08-04,260.640015
2022-08-05,259.230011
2022-08-08,256.799988
2022-08-09,260.059998
2022-08-10,261.359985
2022-08-11,259.279999
2022-08-12,262.179993
2022-08-15,265.440002
2022-08-16,266.290009
2022-08-17,266.820007
2022-08-18,266.579987
2022-08-19,266.540009
2022-08-22,262.950012
2022-08-23,260.540009
2022-08-24,260.859985
2022-08-25,262.559998
2022-08-26,256.950012
2022-08-29,255.660004
2022-08-30,253.490005
2022-08-31,252.279999
2022-09-01,256.470001
2022-09-02,254.509995
2022-09-06,254.389999
2022-09-07,258.420013
2022-09-08,260.079987
2022-09-09,259.519989
2022-09-12,260.369995
2022-09-13,254.330002
2022-09-14,255.720001
2022-09-15,253.470001
2022-09-16,254.910004
2022-09-19,257.010010
2022-09-20,255.399994
2022-09-21,251.080002
2022-09-22,247.940002
2022-09-23,245.949997
2022-09-26,243.759995
2022-09-27,236.699997
2022-09-28,236.940002
2022-09-29,234.399994
2022-09-30,230.740005
2022-10-03,235.339996
2022-10-04,238.500000
2022-10-05,239.089996
2022-10-06,234.750000
2022-10-07,233.190002
2022-10-10,234.949997
2022-10-11,237.050003
2022-10-12,237.059998
2022-10-13,246.750000
2022-10-14,243.160004
2022-10-17,246.479996
2022-10-18,249.190002
2022-10-19,250.750000
2022-10-20,249.770004
2022-10-21,254.550003
2022-10-24,255.320007
2022-10-25,255.729996
2022-10-26,256.609985
2022-10-27,265.109985
2022-10-28,274.519989
2022-10-31,272.660004
2022-11-01,272.950012
2022-11-02,270.369995
2022-11-03,272.950012
2022-11-04,274.619995
2022-11-07,276.410004
2022-11-08,278.399994
2022-11-09,277.790009
2022-11-10,275.880005
2022-11-11,271.390015
2022-11-14,272.269989
2022-11-15,267.839996
2022-11-16,272.510010
2022-11-17,273.359985
2022-11-18,273.369995
2022-11-21,274.519989
2022-11-22,274.760010
2022-11-23,273.269989
2022-11-25,275.000000
2022-11-28,272.880005
2022-11-29,271.410004
2022-11-30,272.790009
2022-12-01,273.399994
2022-12-02,273.399994
2022-12-05,271.589996
2022-12-06,271.769989
2022-12-07,270.339996
2022-12-08,273.390015
2022-12-09,272.040009
2022-12-12,276.619995
2022-12-13,274.279999
2022-12-14,274.529999
2022-12-15,271.730011
2022-12-16,266.119995
2022-12-19,265.829987
2022-12-20,267.250000
2022-12-21,268.160004
2022-12-22,265.769989
2022-12-23,267.570007
2022-12-27,266.839996
2022-12-28,265.109985
2022-12-29,265.929993
2022-12-30,263.529999
2023-01-03,264.329987
2023-01-04,264.390015
2023-01-05,262.160004
2023-01-06,269.470001
2023-01-09,267.250000
2023-01-10,268.910004
2023-01-11,268.809998
2023-01-12,266.690002
2023-01-13,268.890015
2023-01-17,274.109985
2023-01-18,266.040009
2023-01-19,263.579987
2023-01-20,268.579987
2023-01-23,269.290009
2023-01-24,269.559998
2023-01-25,273.000000
2023-01-26,274.720001
2023-01-27,272.459991
2023-01-30,270.890015
2023-01-31,267.399994
2023-02-01,266.269989
2023-02-02,263.209991
2023-02-03,264.230011
2023-02-06,267.920013
2023-02-07,267.339996
2023-02-08,262.820007
2023-02-09,260.660004
2023-02-10,262.420013
2023-02-13,266.200012
2023-02-14,266.609985
2023-02-15,266.559998
2023-02-16,265.829987
2023-02-17,269.989990
2023-02-21,268.549988
2023-02-22,268.640015
2023-02-23,266.779999
2023-02-24,263.679993
2023-02-27,264.779999
2023-02-28,263.910004
2023-03-01,262.720001
2023-03-02,267.570007
2023-03-03,269.070007
2023-03-06,270.640015
2023-03-07,267.130005
2023-03-08,265.329987
2023-03-09,261.630005
2023-03-10,262.029999
2023-03-13,263.079987
2023-03-14,265.899994
2023-03-15,266.339996
2023-03-16,270.570007
2023-03-17,267.200012
2023-03-20,270.739990
2023-03-21,270.209991
2023-03-22,267.869995
2023-03-23,269.619995
2023-03-24,271.329987
2023-03-27,273.839996
2023-03-28,275.850006
2023-03-29,277.440002
2023-03-30,277.790009
2023-03-31,279.609985
2023-04-03,282.140015
2023-04-04,282.279999
2023-04-05,282.019989
2023-04-06,282.890015
2023-04-10,283.779999
2023-04-11,284.480011
2023-04-12,285.299988
2023-04-13,289.070007
2023-04-14,288.980011
2023-04-17,289.309998
2023-04-18,290.910004
2023-04-19,291.269989
2023-04-20,291.000000
2023-04-21,292.059998
2023-04-24,293.200012
2023-04-25,291.510010
2023-04-26,289.760010
2023-04-27,294.720001
2023-04-28,295.750000
2023-05-01,297.579987
2023-05-02,298.070007
2023-05-03,295.220001
2023-05-04,295.160004
2023-05-05,296.600006
2023-05-08,296.690002
2023-05-09,296.660004
2023-05-10,296.570007
2023-05-11,294.790009
2023-05-12,296.140015
2023-05-15,295.899994
2023-05-16,294.149994
2023-05-17,293.459991
2023-05-18,294.049988
2023-05-19,295.549988
2023-05-22,289.350006
2023-05-23,286.369995
2023-05-24,285.920013
2023-05-25,285.519989
2023-05-26,286.040009
2023-05-30,284.920013
2023-05-31,285.109985
2023-06-01,287.869995
2023-06-02,289.910004
2023-06-05,288.429993
2023-06-06,284.540009
2023-06-07,281.899994
2023-06-08,285.779999
2023-06-09,286.790009
2023-06-12,288.570007
2023-06-13,288.549988
2023-06-14,288.440002
2023-06-15,292.609985
2023-06-16,293.700012
2023-06-20,293.040009
2023-06-21,294.519989
2023-06-22,293.299988
2023-06-23,289.910004
2023-06-26,289.089996
2023-06-27,291.299988
2023-06-28,291.739990
2023-06-29,294.470001
2023-06-30,298.410004
2023-07-03,294.839996
2023-07-05,296.899994
2023-07-06,294.920013
2023-07-07,292.100006
2023-07-10,294.489990
2023-07-11,294.739990
2023-07-12,295.609985
2023-07-13,295.220001
2023-07-14,294.940002
2023-07-17,294.679993
2023-07-18,293.820007
2023-07-19,294.130005
2023-07-20,297.130005
2023-07-21,295.609985
2023-07-24,295.309998
2023-07-25,292.359985
2023-07-26,291.750000
2023-07-27,295.190002
2023-07-28,294.029999
2023-07-31,293.200012
2023-08-01,291.070007
2023-08-02,289.619995
2023-08-03,291.019989
2023-08-04,287.019989
2023-08-07,291.399994
2023-08-08,289.579987
2023-08-09,288.230011
2023-08-10,287.600006
2023-08-11,288.619995
2023-08-14,288.809998
2023-08-15,288.299988
2023-08-16,285.399994
2023-08-17,281.859985
2023-08-18,281.739990
2023-08-21,280.040009
2023-08-22,280.309998
2023-08-23,281.869995
2023-08-24,282.350006
2023-08-25,284.579987
2023-08-28,283.679993
2023-08-29,283.589996
2023-08-30,284.239990
2023-08-31,281.149994
2023-09-01,280.940002
2023-09-05,279.160004
2023-09-06,275.440002
2023-09-07,278.329987
2023-09-08,279.220001
2023-09-11,279.760010
2023-09-12,280.709991
2023-09-13,281.769989
2023-09-14,284.760010
2023-09-15,278.230011
2023-09-18,277.720001
2023-09-19,278.130005
2023-09-20,277.200012
2023-09-21,271.220001
2023-09-22,272.220001
2023-09-25,269.779999
2023-09-26,267.720001
2023-09-27,263.640015
2023-09-28,265.589996
2023-09-29,263.440002
2023-10-02,257.750000
2023-10-03,254.490005
2023-10-04,255.809998
2023-10-05,252.229996
2023-10-06,248.220001
2023-10-09,249.919998
2023-10-10,251.520004
2023-10-11,250.919998
2023-10-12,246.190002
2023-10-13,248.309998
2023-10-16,249.940002
2023-10-17,251.139999
2023-10-18,256.029999
2023-10-19,258.380005
2023-10-20,258.109985
2023-10-23,254.750000
2023-10-24,257.269989
2023-10-25,258.029999
2023-10-26,255.830002
2023-10-27,255.759995
2023-10-30,260.149994
2023-10-31,262.170013
2023-11-01,261.970001
2023-11-02,266.850006
2023-11-03,267.869995
2023-11-06,268.910004
2023-11-07,268.670013
2023-11-08,267.489990
2023-11-09,266.910004
2023-11-10,267.790009
2023-11-13,269.200012
2023-11-14,271.489990
2023-11-15,270.390015
2023-11-16,276.119995
2023-11-17,275.750000
2023-11-20,279.029999
2023-11-21,280.470001
2023-11-22,281.929993
2023-11-24,282.540009
2023-11-27,281.839996
2023-11-28,282.089996
2023-11-29,280.380005
2023-11-30,281.839996
2023-12-01,285.959991
2023-12-04,286.130005
2023-12-05,286.540009
2023-12-06,286.859985
2023-12-07,286.790009
2023-12-08,285.529999
2023-12-11,289.149994
2023-12-12,291.420013
2023-12-13,295.929993
2023-12-14,290.019989
2023-12-15,287.269989
2023-12-18,290.230011
2023-12-19,290.730011
2023-12-20,288.989990
2023-12-21,291.390015
2023-12-22,291.700012
2023-12-26,292.859985
2023-12-27,294.549988
2023-12-28,295.839996
2023-12-29,296.510010
2024-01-02,297.040009
2024-01-03,294.390015
2024-01-04,291.739990
2024-01-05,288.989990
2024-01-08,291.899994
2024-01-09,290.869995
2024-01-10,294.089996
2024-01-11,294.149994
2024-01-12,293.470001
2024-01-16,291.089996
2024-01-17,291.160004
2024-01-18,294.359985
2024-01-19,300.529999
2024-01-22,298.410004
2024-01-23,300.049988
2024-01-24,300.440002
2024-01-25,297.209991
2024-01-26,292.260010
2024-01-29,292.309998
2024-01-30,294.649994
2024-01-31,292.720001
2024-02-01,298.079987
2024-02-02,297.049988
2024-02-05,285.970001
2024-02-06,284.649994
2024-02-07,287.329987
2024-02-08,291.929993
2024-02-09,289.470001
2024-02-12,289.440002
2024-02-13,287.109985
2024-02-14,288.170013
2024-02-15,291.859985
2024-02-16,292.019989
2024-02-20,292.649994
2024-02-21,293.910004
2024-02-22,295.920013
2024-02-23,297.750000
2024-02-26,297.119995
2024-02-27,293.760010
2024-02-28,295.190002
2024-02-29,292.279999
2024-03-01,290.730011
2024-03-04,290.940002
2024-03-05,292.540009
2024-03-06,292.929993
2024-03-07,291.109985
2024-03-08,292.549988
2024-03-11,294.820007
2024-03-12,294.309998
2024-03-13,282.859985
2024-03-14,281.730011
2024-03-15,279.140015
2024-03-18,278.579987
2024-03-19,282.869995
2024-03-20,284.450012
2024-03-21,283.529999
2024-03-22,282.630005
2024-03-25,278.619995
2024-03-26,278.619995
2024-03-27,282.019989
2024-03-28,281.950012
2024-04-01,280.220001
2024-04-02,277.739990
2024-04-03,275.540009
2024-04-04,270.089996
2024-04-05,266.690002
2024-04-08,267.559998
2024-04-09,269.440002
2024-04-10,268.670013
2024-04-11,268.619995
2024-04-12,267.390015
2024-04-15,266.230011
2024-04-16,265.429993
2024-04-17,269.950012
2024-04-18,270.980011
2024-04-19,271.989990
2024-04-22,275.579987
2024-04-23,276.880005
2024-04-24,276.750000
2024-04-25,275.600006
2024-04-26,273.089996
2024-04-29,273.549988
2024-04-30,273.040009
2024-05-01,274.429993
2024-05-02,273.279999
2024-05-03,270.320007
2024-05-06,269.299988
2024-05-07,267.500000
2024-05-08,268.489990
2024-05-09,267.950012
2024-05-10,275.000000
2024-05-13,271.320007
2024-05-14,270.660004
2024-05-15,273.869995
2024-05-16,273.510010
2024-05-17,272.380005
2024-05-20,267.869995
2024-05-21,265.869995
2024-05-22,265.769989
2024-05-23,257.929993
2024-05-24,258.109985
2024-05-28,253.539993
2024-05-29,249.369995
2024-05-30,252.070007
2024-05-31,258.890015
2024-06-03,259.750000
2024-06-04,262.720001
2024-06-05,259.989990
2024-06-06,260.720001
2024-06-07,256.209991
2024-06-10,253.809998
2024-06-11,254.279999
2024-06-12,254.479996
2024-06-13,253.699997
2024-06-14,253.580002
2024-06-17,253.509995
2024-06-18,250.789993
2024-06-20,253.800003
2024-06-21,259.390015
2024-06-24,260.380005
2024-06-25,257.380005
2024-06-26,257.829987
2024-06-27,258.170013
2024-06-28,254.839996
2024-07-01,249.990005
2024-07-02,247.789993
2024-07-03,250.000000
2024-07-05,251.089996
2024-07-08,247.850006
2024-07-09,245.820007
2024-07-10,250.490005
2024-07-11,254.800003
2024-07-12,253.899994
2024-07-15,251.529999
2024-07-16,257.269989
2024-07-17,261.000000
2024-07-18,259.519989
2024-07-19,257.279999
2024-07-22,259.540009
2024-07-23,254.050003
2024-07-24,253.369995
2024-07-25,251.460007
2024-07-26,252.000000
2024-07-29,261.420013
2024-07-30,266.440002
2024-07-31,265.399994
2024-08-01,268.750000
2024-08-02,276.690002
2024-08-05,268.450012
2024-08-06,270.059998
2024-08-07,269.369995
2024-08-08,271.190002
2024-08-09,267.910004
2024-08-12,269.459991
2024-08-13,270.309998
2024-08-14,271.149994
2024-08-15,274.869995
2024-08-16,278.489990
2024-08-19,287.549988
2024-08-20,285.630005
2024-08-21,289.709991
2024-08-22,289.209991
2024-08-23,289.519989
2024-08-26,288.679993
2024-08-27,289.640015
2024-08-28,287.049988
2024-08-29,287.859985
2024-08-30,288.660004
2024-09-03,285.519989
2024-09-04,288.029999
2024-09-05,287.970001
2024-09-06,289.510010
2024-09-09,291.290009
2024-09-10,291.269989
2024-09-11,290.230011
2024-09-12,292.350006
2024-09-13,296.529999
2024-09-16,296.690002
2024-09-17,293.750000
2024-09-18,292.029999
2024-09-19,293.850006
2024-09-20,296.829987
2024-09-23,299.059998
2024-09-24,300.269989
2024-09-25,300.470001
2024-09-26,303.649994
2024-09-27,303.690002
2024-09-30,304.510010
2024-10-01,302.980011
2024-10-02,303.760010
2024-10-03,303.450012
2024-10-04,303.760010
2024-10-07,300.850006
2024-10-08,301.899994
2024-10-09,303.829987
2024-10-10,304.040009
2024-10-11,305.040009
2024-10-14,309.839996
2024-10-15,313.339996
2024-10-16,312.920013
2024-10-17,314.700012
2024-10-18,316.559998
2024-10-21,314.890015
2024-10-22,314.690002
2024-10-23,298.570007
2024-10-24,301.579987
2024-10-25,292.609985
2024-10-28,296.790009
2024-10-29,295.000000
2024-10-30,291.519989
2024-10-31,292.109985
2024-11-01,295.209991
2024-11-04,292.850006
2024-11-05,297.320007
2024-11-06,294.000000
2024-11-07,294.660004
2024-11-08,298.970001
2024-11-11,301.529999
2024-11-12,298.649994
2024-11-13,297.350006
2024-11-14,298.559998
2024-11-15,292.630005
2024-11-18,291.100006
2024-11-19,290.730011
2024-11-20,290.910004
2024-11-21,288.470001
2024-11-22,290.279999
2024-11-25,296.190002
2024-11-26,296.329987
2024-11-27,295.079987
2024-11-29,296.010010
2024-12-02,292.440002
2024-12-03,294.500000
2024-12-04,295.089996
2024-12-05,299.470001
2024-12-06,298.980011
2024-12-09,301.369995
2024-12-10,300.709991
2024-12-11,296.100006
2024-12-12,296.630005
2024-12-13,296.600006
2024-12-16,297.709991
2024-12-17,296.079987
2024-12-18,290.880005
2024-12-19,290.230011
2024-12-20,292.679993
2024-12-23,291.290009
2024-12-24,293.989990
2024-12-26,294.799988
2024-12-27,293.619995
2024-12-30,289.600006
2024-12-31,289.890015
2025-01-02,292.510010
2025-01-03,294.779999
2025-01-06,292.179993
2025-01-07,289.339996
2025-01-08,286.899994
2025-01-10,282.309998
2025-01-13,283.630005
2025-01-14,281.579987
2025-01-15,282.299988
2025-01-16,279.739990
2025-01-17,280.950012
2025-01-21,282.609985
2025-01-22,281.350006
2025-01-23,284.429993
2025-01-24,285.459991
2025-01-27,293.089996
2025-01-28,291.149994
2025-01-29,290.109985
2025-01-30,290.320007
2025-01-31,288.700012
2025-02-03,290.049988
2025-02-04,289.769989
2025-02-05,288.829987
2025-02-06,294.359985
2025-02-07,294.299988
2025-02-10,308.420013
2025-02-11,310.209991
2025-02-12,307.600006
2025-02-13,310.019989
2025-02-14,308.549988
2025-02-18,304.829987
2025-02-19,301.940002
2025-02-20,303.049988
2025-02-21,304.809998
2025-02-24,307.570007
2025-02-25,310.720001
2025-02-26,304.269989
2025-02-27,309.950012
2025-02-28,308.329987
2025-03-03,304.290009
2025-03-04,305.769989
2025-03-05,307.450012
2025-03-06,310.369995
2025-03-07,321.290009
2025-03-10,317.250000
2025-03-11,306.760010
2025-03-12,299.399994
2025-03-13,297.500000
2025-03-14,299.829987
2025-03-17,303.970001
2025-03-18,303.600006
2025-03-19,306.920013
2025-03-20,307.000000
2025-03-21,305.440002
2025-03-24,305.670013
2025-03-25,306.920013
2025-03-26,313.579987
2025-03-27,312.690002
2025-03-28,307.089996
2025-03-31,312.369995
2025-04-01,313.630005
2025-04-02,311.579987
2025-04-03,318.269989
2025-04-04,300.109985
2025-04-07,299.890015
2025-04-08,299.829987
2025-04-09,303.959991
2025-04-10,306.779999
2025-04-11,309.899994
2025-04-14,316.070007
2025-04-15,312.480011
2025-04-16,309.100006
2025-04-17,311.299988
2025-04-21,308.720001
2025-04-22,319.079987
2025-04-23,318.480011
2025-04-24,316.220001
2025-04-25,316.739990
2025-04-28,316.809998
2025-04-29,314.500000
2025-04-30,319.649994
2025-05-01,313.640015
2025-05-02,311.959991
2025-05-05,315.720001
2025-05-06,316.790009
2025-05-07,318.130005
2025-05-08,313.489990
2025-05-09,313.679993
2025-05-12,311.920013
2025-05-13,308.690002
2025-05-14,307.500000
2025-05-15,314.480011
2025-05-16,318.609985
2025-05-19,321.230011
2025-05-20,319.799988
2025-05-21,316.440002
2025-05-22,314.309998
2025-05-23,314.570007
2025-05-27,314.950012
2025-05-28,312.839996
2025-05-29,311.859985
2025-05-30,313.850006
2025-06-02,312.679993
2025-06-03,312.390015
2025-06-04,311.570007
2025-06-05,308.980011
2025-06-06,307.359985
2025-06-09,304.779999
2025-06-10,300.429993
2025-06-11,301.720001
2025-06-12,303.160004
2025-06-13,301.910004
2025-06-16,296.290009
2025-06-17,292.309998
2025-06-18,289.630005
2025-06-20,287.459991
2025-06-23,289.519989
2025-06-24,291.470001
2025-06-25,285.549988
2025-06-26,285.630005
2025-06-27,291.549988
2025-06-30,292.170013
2025-07-01,297.489990
2025-07-02,294.630005
2025-07-03,294.079987
2025-07-07,293.529999
2025-07-08,291.670013
2025-07-09,293.019989
2025-07-10,298.390015
2025-07-11,299.910004
2025-07-14,301.880005
2025-07-15,299.619995
2025-07-16,298.899994
2025-07-17,300.369995
2025-07-18,297.070007
2025-07-21,295.739990
2025-07-22,299.170013
2025-07-23,298.119995
2025-07-24,294.480011
2025-07-25,298.470001
2025-07-28,299.220001
2025-07-29,302.670013
2025-07-30,303.609985
2025-07-31,300.070007
2025-08-01,302.890015
2025-08-04,304.230011
2025-08-05,298.769989
2025-08-06,307.660004
2025-08-07,307.910004
2025-08-08,305.450012
2025-08-11,304.359985
2025-08-12,301.640015
2025-08-13,305.070007
2025-08-14,308.950012
2025-08-15,308.929993
2025-08-18,308.700012
2025-08-19,310.929993
2025-08-20,313.079987
2025-08-21,313.220001
2025-08-22,314.070007
2025-08-25,313.440002
2025-08-26,312.940002
2025-08-27,311.429993
2025-08-28,312.220001
2025-08-29,313.540009
2025-09-02,315.760010
2025-09-03,316.390015
2025-09-04,316.989990
2025-09-05,314.380005
2025-09-08,312.799988
2025-09-09,312.519989
2025-09-10,305.940002
2025-09-11,308.429993
2025-09-12,305.399994
2025-09-15,302.070007
2025-09-16,303.290009
2025-09-17,304.970001
2025-09-18,301.140015
2025-09-19,302.380005
2025-09-22,302.989990
2025-09-23,303.190002
2025-09-24,304.329987
2025-09-25,302.299988
2025-09-26,305.239990
2025-09-29,302.989990
2025-09-30,303.890015
2025-10-01,300.519989
2025-10-02,299.880005
2025-10-03,300.980011
2025-10-06,296.040009
2025-10-07,296.320007
2025-10-08,294.399994
2025-10-09,293.809998
2025-10-10,297.010010
2025-10-13,300.109985
2025-10-14,304.559998
2025-10-15,305.250000
2025-10-16,305.329987
2025-10-17,308.089996
2025-10-20,307.769989
2025-10-21,307.480011
2025-10-22,310.109985
2025-10-23,306.970001
2025-10-24,305.790009
2025-10-27,310.000000
2025-10-28,306.399994
2025-10-29,302.350006
2025-10-30,302.429993
2025-10-31,298.429993
2025-11-03,296.369995
2025-11-04,299.209991
2025-11-05,305.670013
2025-11-06,298.410004
2025-11-07,299.660004
2025-11-10,299.100006
2025-11-11,306.829987
2025-11-12,306.940002
2025-11-13,307.579987
2025-11-14,307.029999
2025-11-17,304.899994
2025-11-18,304.589996
2025-11-19,302.739990
2025-11-20,304.160004
2025-11-21,309.350006
2025-11-24,304.899994
2025-11-25,310.450012
2025-11-26,312.399994
2025-11-28,311.820007
2025-12-01,303.570007
2025-12-02,300.720001
2025-12-03,307.709991
2025-12-04,308.540009
2025-12-05,311.230011
2025-12-08,309.790009
2025-12-09,310.790009
2025-12-10,310.529999
2025-12-11,309.709991
2025-12-12,316.720001
2025-12-15,318.730011
2025-12-16,314.500000
2025-12-17,318.690002
2025-12-18,319.649994
2025-12-19,315.839996
2025-12-22,316.220001
2025-12-23,310.839996
2025-12-24,313.329987
2025-12-26,310.679993
2025-12-29,308.529999
2025-12-30,308.029999
2025-12-31,305.630005
2026-01-02,303.260010
2026-01-05,299.859985
2026-01-06,302.769989
2026-01-07,304.160004
2026-01-08,308.880005
2026-01-09,307.320007
2026-01-12,306.750000
2026-01-13,309.440002
2026-01-14,308.130005
2026-01-15,308.619995
2026-01-16,307.429993
2026-01-20,302.839996
2026-01-21,305.690002
2026-01-22,306.029999
2026-01-23,309.250000
2026-01-26,312.950012
2026-01-27,314.130005
2026-01-28,312.799988
2026-01-29,315.510010
2026-01-30,315.000000
2026-02-02,318.529999
2026-02-03,319.480011
2026-02-04,323.690002
2026-02-05,323.480011
2026-02-06,327.160004
2026-02-09,325.600006
2026-02-10,325.970001
2026-02-11,323.209991
2026-02-12,332.079987
2026-02-13,327.579987
2026-02-17,327.619995
2026-02-18,327.890015
2026-02-19,327.109985
2026-02-20,329.230011
2026-02-23,334.559998
2026-02-24,333.049988
2026-02-25,333.010010
2026-02-26,334.529999
2026-02-27,341.059998
2026-03-02,334.820007
2026-03-03,332.170013
2026-03-04,331.739990
2026-03-05,327.450012
2026-03-06,328.059998
2026-03-09,330.799988
2026-03-10,327.940002
2026-03-11,325.209991
2026-03-12,323.910004
2026-03-13,326.459991
2026-03-16,326.649994
2026-03-17,326.299988
2026-03-18,315.730011
2026-03-19,309.579987
2026-03-20,308.850006
2026-03-23,308.470001
2026-03-24,307.839996
2026-03-25,311.700012
2026-03-26,308.929993
2026-03-27,305.899994
2026-03-30,308.529999
2026-03-31,310.790009
2026-04-01,307.290009
2026-04-02,307.140015
2026-04-06,309.760010
2026-04-07,304.850006
2026-04-08,307.010010
2026-04-09,309.549988
2026-04-10,305.679993
2026-04-13,304.510010
2026-04-14,303.220001
2026-04-15,306.260010
2026-04-16,306.959991
2026-04-17,311.359985
2026-04-20,306.940002
2026-04-21,301.839996
2026-04-22,300.070007
2026-04-23,302.529999
2026-04-24,299.359985
2026-04-27,290.209991
2026-04-28,292.390015
2026-04-29,290.079987
2026-04-30,293.589996
2026-05-01,286.640015
2026-05-04,284.100006
2026-05-05,285.170013
2026-05-06,284.100006
2026-05-07,283.700012
2026-05-08,275.750000
2026-05-11,274.600006
2026-05-12,274.839996
2026-05-13,275.700012
2026-05-14,274.970001
2026-05-15,276.390015
2026-05-18,282.470001
2026-05-19,280.799988
2026-05-20,280.269989
2026-05-21,284.179993
2026-05-22,282.269989
2026-05-26,279.260010
2026-05-27,280.920013
2026-05-28,277.970001
2026-05-29,279.200012
2026-06-01,276.109985
2026-06-02,276.359985
2026-06-03,273.290009
2026-06-04,272.720001
2026-06-05,279.839996
2026-06-08,277.779999
2026-06-09,282.250000
2026-06-10,282.519989
2026-06-11,284.769989
2026-06-12,284.809998
2026-06-15,286.119995
2026-06-16,287.929993
2026-06-17,283.820007
2026-06-18,278.609985
2026-06-22,270.100006
2026-06-23,271.660004
2026-06-24,273.880005
2026-06-25,264.540009
2026-06-26,269.760010
2026-06-29,267.179993
2026-06-30,270.309998
2026-07-01,269.429993
2026-07-02,280.630005
2026-07-06,279.500000
2026-07-07,282.209991
2026-07-08,278.250000
2026-07-09,276.489990
2026-07-10,274.600006
2026-07-13,272.609985
2026-07-14,268.940002
2026-07-15,264.950012
2026-07-16,273.459991
2026-07-17,267.709991
2026-07-20,267.640015
2026-07-21,263.910004
2026-07-22,263.570007
