date,close
2000-01-03,46.093750
2000-01-04,44.406250
2000-01-05,44.875000
2000-01-06,46.281250
2000-01-07,48.250000
2000-01-10,47.031250
2000-01-11,47.187500
2000-01-12,46.750000
2000-01-13,46.687500
2000-01-14,46.843750
2000-01-18,45.656250
2000-01-19,45.812500
2000-01-20,45.968750
2000-01-21,44.937500
2000-01-24,41.843750
2000-01-25,42.625000
2000-01-26,41.750000
2000-01-27,40.250000
2000-01-28,42.250000
2000-01-31,43.031250
2000-02-01,42.406250
2000-02-02,42.687500
2000-02-03,41.656250
2000-02-04,41.062500
2000-02-07,40.718750
2000-02-08,41.031250
2000-02-09,40.000000
2000-02-10,39.000000
2000-02-11,38.718750
2000-02-14,38.812500
2000-02-15,39.843750
2000-02-16,39.906250
2000-02-17,39.593750
2000-02-18,38.718750
2000-02-22,39.312500
2000-02-23,38.062500
2000-02-24,36.875000
2000-02-25,36.000000
2000-02-28,36.375000
2000-02-29,36.000000
2000-03-01,36.687500
2000-03-02,36.843750
2000-03-03,36.750000
2000-03-06,35.250000
2000-03-07,34.250000
2000-03-08,35.500000
2000-03-09,36.343750
2000-03-10,35.437500
2000-03-13,35.000000
2000-03-14,36.375000
2000-03-15,38.468750
2000-03-16,39.906250
2000-03-17,39.781250
2000-03-20,39.656250
2000-03-21,40.125000
2000-03-22,41.125000
2000-03-23,40.000000
2000-03-24,36.125000
2000-03-27,34.875000
2000-03-28,36.000000
2000-03-29,35.531250
2000-03-30,35.375000
2000-03-31,35.125000
2000-04-03,36.125000
2000-04-04,38.375000
2000-04-05,38.750000
2000-04-06,37.437500
2000-04-07,37.031250
2000-04-10,38.000000
2000-04-11,39.125000
2000-04-12,38.500000
2000-04-13,38.125000
2000-04-14,36.656250
2000-04-17,38.750000
2000-04-18,40.750000
2000-04-19,41.125000
2000-04-20,40.812500
2000-04-24,41.937500
2000-04-25,42.156250
2000-04-26,41.375000
2000-04-27,41.500000
2000-04-28,41.250000
2000-05-01,41.343750
2000-05-02,42.093750
2000-05-03,41.625000
2000-05-04,41.531250
2000-05-05,42.000000
2000-05-08,43.875000
2000-05-09,43.500000
2000-05-10,42.750000
2000-05-11,43.031250
2000-05-12,42.750000
2000-05-15,43.125000
2000-05-16,43.656250
2000-05-17,43.531250
2000-05-18,44.250000
2000-05-19,44.375000
2000-05-22,43.437500
2000-05-23,43.500000
2000-05-24,44.968750
2000-05-25,44.656250
2000-05-26,44.062500
2000-05-30,44.468750
2000-05-31,44.750000
2000-06-01,43.843750
2000-06-02,42.000000
2000-06-05,42.000000
2000-06-06,42.062500
2000-06-07,41.843750
2000-06-08,42.437500
2000-06-09,43.062500
2000-06-12,42.390625
2000-06-13,44.000000
2000-06-14,44.875000
2000-06-15,45.312500
2000-06-16,44.781250
2000-06-19,45.093750
2000-06-20,44.281250
2000-06-21,44.937500
2000-06-22,44.281250
2000-06-23,44.875000
2000-06-26,47.750000
2000-06-27,48.968750
2000-06-28,49.039062
2000-06-29,49.281250
2000-06-30,50.937500
2000-07-03,50.531250
2000-07-05,50.500000
2000-07-06,49.843750
2000-07-07,49.875000
2000-07-10,50.093750
2000-07-11,50.093750
2000-07-12,49.031250
2000-07-13,47.625000
2000-07-14,45.906250
2000-07-17,47.171875
2000-07-18,47.500000
2000-07-19,46.593750
2000-07-20,45.937500
2000-07-21,46.125000
2000-07-24,47.226562
2000-07-25,46.750000
2000-07-26,45.125000
2000-07-27,45.929688
2000-07-28,46.828125
2000-07-31,46.531250
2000-08-01,47.406250
2000-08-02,48.250000
2000-08-03,48.500000
2000-08-04,48.281250
2000-08-07,48.429688
2000-08-08,48.335938
2000-08-09,47.406250
2000-08-10,48.703125
2000-08-11,48.921875
2000-08-14,48.656250
2000-08-15,48.046875
2000-08-16,48.921875
2000-08-17,48.500000
2000-08-18,48.210938
2000-08-21,48.500000
2000-08-22,48.875000
2000-08-23,48.468750
2000-08-24,48.125000
2000-08-25,47.718750
2000-08-28,47.375000
2000-08-29,46.500000
2000-08-30,45.625000
2000-08-31,45.976562
2000-09-01,46.312500
2000-09-05,46.625000
2000-09-06,46.625000
2000-09-07,46.718750
2000-09-08,47.234375
2000-09-11,47.507812
2000-09-12,48.312500
2000-09-13,48.812500
2000-09-14,47.968750
2000-09-15,47.500000
2000-09-18,46.062500
2000-09-19,45.906250
2000-09-20,45.539062
2000-09-21,47.125000
2000-09-22,47.937500
2000-09-25,47.929688
2000-09-26,47.250000
2000-09-27,47.546875
2000-09-28,46.687500
2000-09-29,46.968750
2000-10-02,46.593750
2000-10-03,46.250000
2000-10-04,45.156250
2000-10-05,46.531250
2000-10-06,46.156250
2000-10-09,45.656250
2000-10-10,47.312500
2000-10-11,48.000000
2000-10-12,48.500000
2000-10-13,47.906250
2000-10-16,48.468750
2000-10-17,48.531250
2000-10-18,47.125000
2000-10-19,45.875000
2000-10-20,45.937500
2000-10-23,45.781250
2000-10-24,45.843750
2000-10-25,46.968750
2000-10-26,46.562500
2000-10-27,46.375000
2000-10-30,47.187500
2000-10-31,46.062500
2000-11-01,45.500000
2000-11-02,44.937500
2000-11-03,45.843750
2000-11-06,46.031250
2000-11-07,46.062500
2000-11-08,46.718750
2000-11-09,46.781250
2000-11-10,47.218750
2000-11-13,46.531250
2000-11-14,47.312500
2000-11-15,47.500000
2000-11-16,47.093750
2000-11-17,47.562500
2000-11-20,48.093750
2000-11-21,48.875000
2000-11-22,48.250000
2000-11-24,47.531250
2000-11-27,48.687500
2000-11-28,50.062500
2000-11-29,50.125000
2000-11-30,50.000000
2000-12-01,48.875000
2000-12-04,49.781250
2000-12-05,49.750000
2000-12-06,48.062500
2000-12-07,48.531250
2000-12-08,48.187500
2000-12-11,47.812500
2000-12-12,48.500000
2000-12-13,49.343750
2000-12-14,49.625000
2000-12-15,49.281250
2000-12-18,49.281250
2000-12-19,49.593750
2000-12-20,50.312500
2000-12-21,50.500000
2000-12-22,50.750000
2000-12-26,51.187500
2000-12-27,51.500000
2000-12-28,52.375000
2000-12-29,52.531250
2001-01-02,51.000000
2001-01-03,49.375000
2001-01-04,48.312500
2001-01-05,48.937500
2001-01-08,48.875000
2001-01-09,49.218750
2001-01-10,47.937500
2001-01-11,46.218750
2001-01-12,47.281250
2001-01-16,47.093750
2001-01-17,45.843750
2001-01-18,47.000000
2001-01-19,47.062500
2001-01-22,47.156250
2001-01-23,46.343750
2001-01-24,45.281250
2001-01-25,45.875000
2001-01-26,45.968750
2001-01-29,45.799999
2001-01-30,45.799999
2001-01-31,46.564999
2001-02-01,46.935001
2001-02-02,47.549999
2001-02-05,46.965000
2001-02-06,46.709999
2001-02-07,47.450001
2001-02-08,47.314999
2001-02-09,47.490002
2001-02-12,49.049999
2001-02-13,48.450001
2001-02-14,47.825001
2001-02-15,47.099998
2001-02-16,47.264999
2001-02-20,48.014999
2001-02-21,48.455002
2001-02-22,48.259998
2001-02-23,47.744999
2001-02-26,47.875000
2001-02-27,47.974998
2001-02-28,48.665001
2001-03-01,49.540001
2001-03-02,49.575001
2001-03-05,49.240002
2001-03-06,48.400002
2001-03-07,47.400002
2001-03-08,48.935001
2001-03-09,48.349998
2001-03-12,47.474998
2001-03-13,47.075001
2001-03-14,46.625000
2001-03-15,46.674999
2001-03-16,45.994999
2001-03-19,45.974998
2001-03-20,45.400002
2001-03-21,43.615002
2001-03-22,43.900002
2001-03-23,44.105000
2001-03-26,42.689999
2001-03-27,41.625000
2001-03-28,43.139999
2001-03-29,44.189999
2001-03-30,43.735001
2001-04-02,43.660000
2001-04-03,43.055000
2001-04-04,43.455002
2001-04-05,44.439999
2001-04-06,45.195000
2001-04-09,45.619999
2001-04-10,46.014999
2001-04-11,45.419998
2001-04-12,45.474998
2001-04-16,46.299999
2001-04-17,47.224998
2001-04-18,46.974998
2001-04-19,46.424999
2001-04-20,46.055000
2001-04-23,45.950001
2001-04-24,46.255001
2001-04-25,47.000000
2001-04-26,47.775002
2001-04-27,47.689999
2001-04-30,48.240002
2001-05-01,48.400002
2001-05-02,48.750000
2001-05-03,48.380001
2001-05-04,48.880001
2001-05-07,49.049999
2001-05-08,48.974998
2001-05-09,49.125000
2001-05-10,48.619999
2001-05-11,48.630001
2001-05-14,48.895000
2001-05-15,48.540001
2001-05-16,49.884998
2001-05-17,50.340000
2001-05-18,50.500000
2001-05-21,50.314999
2001-05-22,49.500000
2001-05-23,48.865002
2001-05-24,48.724998
2001-05-25,48.625000
2001-05-29,48.720001
2001-05-30,48.549999
2001-05-31,48.474998
2001-06-01,49.000000
2001-06-04,50.070000
2001-06-05,51.095001
2001-06-06,51.549999
2001-06-07,51.529999
2001-06-08,51.005001
2001-06-11,50.685001
2001-06-12,50.900002
2001-06-13,50.709999
2001-06-14,50.910000
2001-06-15,52.040001
2001-06-18,52.029999
2001-06-19,53.279999
2001-06-20,53.610001
2001-06-21,53.020000
2001-06-22,52.389999
2001-06-25,51.599998
2001-06-26,51.110001
2001-06-27,50.700001
2001-06-28,52.200001
2001-06-29,49.959999
2001-07-02,51.189999
2001-07-03,51.040001
2001-07-05,50.910000
2001-07-06,50.410000
2001-07-09,52.119999
2001-07-10,52.500000
2001-07-11,53.349998
2001-07-12,52.840000
2001-07-13,53.049999
2001-07-16,53.730000
2001-07-17,54.910000
2001-07-18,54.400002
2001-07-19,54.200001
2001-07-20,54.490002
2001-07-23,53.599998
2001-07-24,52.709999
2001-07-25,52.700001
2001-07-26,53.189999
2001-07-27,53.009998
2001-07-30,52.919998
2001-07-31,54.099998
2001-08-01,53.799999
2001-08-02,53.189999
2001-08-03,53.580002
2001-08-06,53.360001
2001-08-07,53.980000
2001-08-08,53.709999
2001-08-09,53.860001
2001-08-10,55.020000
2001-08-13,55.700001
2001-08-14,56.990002
2001-08-15,57.000000
2001-08-16,54.889999
2001-08-17,53.750000
2001-08-20,54.849998
2001-08-21,54.299999
2001-08-22,54.779999
2001-08-23,54.639999
2001-08-24,54.599998
2001-08-27,54.349998
2001-08-28,53.869999
2001-08-29,53.279999
2001-08-30,53.090000
2001-08-31,52.709999
2001-09-04,56.150002
2001-09-05,56.240002
2001-09-06,56.939999
2001-09-07,55.730000
2001-09-10,55.619999
2001-09-17,55.820000
2001-09-18,54.500000
2001-09-19,53.540001
2001-09-20,52.349998
2001-09-21,52.240002
2001-09-24,52.410000
2001-09-25,52.939999
2001-09-26,54.130001
2001-09-27,54.480000
2001-09-28,55.400002
2001-10-01,55.419998
2001-10-02,54.990002
2001-10-03,54.270000
2001-10-04,54.450001
2001-10-05,54.700001
2001-10-08,55.770000
2001-10-09,55.439999
2001-10-10,56.040001
2001-10-11,54.939999
2001-10-12,55.349998
2001-10-15,55.720001
2001-10-16,56.770000
2001-10-17,57.770000
2001-10-18,58.080002
2001-10-19,58.419998
2001-10-22,58.970001
2001-10-23,58.849998
2001-10-24,59.259998
2001-10-25,58.970001
2001-10-26,58.669998
2001-10-29,58.560001
2001-10-30,57.849998
2001-10-31,57.910000
2001-11-01,58.869999
2001-11-02,58.980000
2001-11-05,58.480000
2001-11-06,59.000000
2001-11-07,58.750000
2001-11-08,59.000000
2001-11-09,59.560001
2001-11-12,59.020000
2001-11-13,59.650002
2001-11-14,60.070000
2001-11-15,60.000000
2001-11-16,59.919998
2001-11-19,59.900002
2001-11-20,60.779999
2001-11-21,60.849998
2001-11-23,60.970001
2001-11-26,60.500000
2001-11-27,60.009998
2001-11-28,59.990002
2001-11-29,58.480000
2001-11-30,58.250000
2001-12-03,58.310001
2001-12-04,57.230000
2001-12-05,56.599998
2001-12-06,55.669998
2001-12-07,56.650002
2001-12-10,55.520000
2001-12-11,56.139999
2001-12-12,56.049999
2001-12-13,56.230000
2001-12-14,56.299999
2001-12-17,56.450001
2001-12-18,56.790001
2001-12-19,57.700001
2001-12-20,58.310001
2001-12-21,59.709999
2001-12-24,59.459999
2001-12-26,59.669998
2001-12-27,60.020000
2001-12-28,59.860001
2001-12-31,59.099998
2002-01-02,58.700001
2002-01-03,58.680000
2002-01-04,58.139999
2002-01-07,57.869999
2002-01-08,57.490002
2002-01-09,56.910000
2002-01-10,58.279999
2002-01-11,58.230000
2002-01-14,58.919998
2002-01-15,59.169998
2002-01-16,59.580002
2002-01-17,59.830002
2002-01-18,59.700001
2002-01-22,59.119999
2002-01-23,58.779999
2002-01-24,58.040001
2002-01-25,57.650002
2002-01-28,57.810001
2002-01-29,57.180000
2002-01-30,57.200001
2002-01-31,57.509998
2002-02-01,57.599998
2002-02-04,56.310001
2002-02-05,55.500000
2002-02-06,55.880001
2002-02-07,56.490002
2002-02-08,56.880001
2002-02-11,57.049999
2002-02-12,57.299999
2002-02-13,58.090000
2002-02-14,57.299999
2002-02-15,57.240002
2002-02-19,56.919998
2002-02-20,58.119999
2002-02-21,58.000000
2002-02-22,59.400002
2002-02-25,59.700001
2002-02-26,60.009998
2002-02-27,60.230000
2002-02-28,60.900002
2002-03-01,62.099998
2002-03-04,61.919998
2002-03-05,61.310001
2002-03-06,62.520000
2002-03-07,63.619999
2002-03-08,63.660000
2002-03-11,63.810001
2002-03-12,63.650002
2002-03-13,63.900002
2002-03-14,64.379997
2002-03-15,64.599998
2002-03-18,64.660004
2002-03-19,65.489998
2002-03-20,64.489998
2002-03-21,64.800003
2002-03-22,64.849998
2002-03-25,64.349998
2002-03-26,64.709999
2002-03-27,65.139999
2002-03-28,64.949997
2002-04-01,64.610001
2002-04-02,64.449997
2002-04-03,64.019997
2002-04-04,63.480000
2002-04-05,63.049999
2002-04-08,63.380001
2002-04-09,63.000000
2002-04-10,63.439999
2002-04-11,62.700001
2002-04-12,62.669998
2002-04-15,62.160000
2002-04-16,63.259998
2002-04-17,62.520000
2002-04-18,64.290001
2002-04-19,64.489998
2002-04-22,63.340000
2002-04-23,62.799999
2002-04-24,63.610001
2002-04-25,63.400002
2002-04-26,63.610001
2002-04-29,62.910000
2002-04-30,63.860001
2002-05-01,63.950001
2002-05-02,64.199997
2002-05-03,63.430000
2002-05-06,62.099998
2002-05-07,60.419998
2002-05-08,60.900002
2002-05-09,61.369999
2002-05-10,61.849998
2002-05-13,61.840000
2002-05-14,61.040001
2002-05-15,60.240002
2002-05-16,60.549999
2002-05-17,61.470001
2002-05-20,60.450001
2002-05-21,60.639999
2002-05-22,62.000000
2002-05-23,61.750000
2002-05-24,61.400002
2002-05-28,61.209999
2002-05-29,61.360001
2002-05-30,61.369999
2002-05-31,61.349998
2002-06-03,60.049999
2002-06-04,59.400002
2002-06-05,59.610001
2002-06-06,58.750000
2002-06-07,58.310001
2002-06-10,59.000000
2002-06-11,57.490002
2002-06-12,57.240002
2002-06-13,57.410000
2002-06-14,56.820000
2002-06-17,57.450001
2002-06-18,56.459999
2002-06-19,56.369999
2002-06-20,55.040001
2002-06-21,53.000000
2002-06-24,54.130001
2002-06-25,53.340000
2002-06-26,54.139999
2002-06-27,54.410000
2002-06-28,52.259998
2002-07-01,50.500000
2002-07-02,51.610001
2002-07-03,52.950001
2002-07-05,54.590000
2002-07-08,53.580002
2002-07-09,52.619999
2002-07-10,50.299999
2002-07-11,50.980000
2002-07-12,50.500000
2002-07-15,49.000000
2002-07-16,50.099998
2002-07-17,51.240002
2002-07-18,49.730000
2002-07-19,41.849998
2002-07-22,42.529999
2002-07-23,44.080002
2002-07-24,47.700001
2002-07-25,48.700001
2002-07-26,49.610001
2002-07-29,51.259998
2002-07-30,50.939999
2002-07-31,52.599998
2002-08-01,51.419998
2002-08-02,52.250000
2002-08-05,50.099998
2002-08-06,51.080002
2002-08-07,52.509998
2002-08-08,54.570000
2002-08-09,54.509998
2002-08-12,54.580002
2002-08-13,53.369999
2002-08-14,55.500000
2002-08-15,55.970001
2002-08-16,55.320000
2002-08-19,55.900002
2002-08-20,54.900002
2002-08-21,54.889999
2002-08-22,56.200001
2002-08-23,54.820000
2002-08-26,55.709999
2002-08-27,54.750000
2002-08-28,54.360001
2002-08-29,54.160000
2002-08-30,54.310001
2002-09-03,52.680000
2002-09-04,54.340000
2002-09-05,54.419998
2002-09-06,54.919998
2002-09-09,55.200001
2002-09-10,55.389999
2002-09-11,55.480000
2002-09-12,53.970001
2002-09-13,54.139999
2002-09-16,54.900002
2002-09-17,53.590000
2002-09-18,53.849998
2002-09-19,51.959999
2002-09-20,52.299999
2002-09-23,52.849998
2002-09-24,53.610001
2002-09-25,53.650002
2002-09-26,55.540001
2002-09-27,55.099998
2002-09-30,54.080002
2002-10-01,56.299999
2002-10-02,58.299999
2002-10-03,57.980000
2002-10-04,56.950001
2002-10-07,56.700001
2002-10-08,58.490002
2002-10-09,56.200001
2002-10-10,56.799999
2002-10-11,56.700001
2002-10-14,57.830002
2002-10-15,59.560001
2002-10-16,58.900002
2002-10-17,60.200001
2002-10-18,59.349998
2002-10-21,61.110001
2002-10-22,59.820000
2002-10-23,57.950001
2002-10-24,57.709999
2002-10-25,57.759998
2002-10-28,57.270000
2002-10-29,56.250000
2002-10-30,57.299999
2002-10-31,58.750000
2002-11-01,58.590000
2002-11-04,58.709999
2002-11-05,59.889999
2002-11-06,60.270000
2002-11-07,59.889999
2002-11-08,60.270000
2002-11-11,60.000000
2002-11-12,60.020000
2002-11-13,59.930000
2002-11-14,60.459999
2002-11-15,60.150002
2002-11-18,59.080002
2002-11-19,58.799999
2002-11-20,60.000000
2002-11-21,59.480000
2002-11-22,58.549999
2002-11-25,58.639999
2002-11-26,56.410000
2002-11-27,57.740002
2002-11-29,57.020000
2002-12-02,55.700001
2002-12-03,55.830002
2002-12-04,56.730000
2002-12-05,55.869999
2002-12-06,55.270000
2002-12-09,55.560001
2002-12-10,55.860001
2002-12-11,56.169998
2002-12-12,55.049999
2002-12-13,54.910000
2002-12-16,55.580002
2002-12-17,54.669998
2002-12-18,53.700001
2002-12-19,53.410000
2002-12-20,54.520000
2002-12-23,54.500000
2002-12-24,54.900002
2002-12-26,53.860001
2002-12-27,53.110001
2002-12-30,53.779999
2002-12-31,53.709999
2003-01-02,55.330002
2003-01-03,56.810001
2003-01-06,57.349998
2003-01-07,56.060001
2003-01-08,55.730000
2003-01-09,56.849998
2003-01-10,57.200001
2003-01-13,56.040001
2003-01-14,56.360001
2003-01-15,55.000000
2003-01-16,54.680000
2003-01-17,54.790001
2003-01-21,53.990002
2003-01-22,54.000000
2003-01-23,54.799999
2003-01-24,53.610001
2003-01-27,52.180000
2003-01-28,53.040001
2003-01-29,52.400002
2003-01-30,51.540001
2003-01-31,53.610001
2003-02-03,53.340000
2003-02-04,52.759998
2003-02-05,52.099998
2003-02-06,52.119999
2003-02-07,51.840000
2003-02-10,52.040001
2003-02-11,52.000000
2003-02-12,50.000000
2003-02-13,51.310001
2003-02-14,51.750000
2003-02-18,53.060001
2003-02-19,52.570000
2003-02-20,51.919998
2003-02-21,53.480000
2003-02-24,52.430000
2003-02-25,52.759998
2003-02-26,51.820000
2003-02-27,52.779999
2003-02-28,52.450001
2003-03-03,52.430000
2003-03-04,51.689999
2003-03-05,52.810001
2003-03-06,53.299999
2003-03-07,55.299999
2003-03-10,54.130001
2003-03-11,54.480000
2003-03-12,54.680000
2003-03-13,55.480000
2003-03-14,55.189999
2003-03-17,56.389999
2003-03-18,56.779999
2003-03-19,57.310001
2003-03-20,57.389999
2003-03-21,58.669998
2003-03-24,56.750000
2003-03-25,57.080002
2003-03-26,56.660000
2003-03-27,56.959999
2003-03-28,57.380001
2003-03-31,57.869999
2003-04-01,58.419998
2003-04-02,58.410000
2003-04-03,57.459999
2003-04-04,57.840000
2003-04-07,57.330002
2003-04-08,57.500000
2003-04-09,57.259998
2003-04-10,57.209999
2003-04-11,57.380001
2003-04-14,57.779999
2003-04-15,55.980000
2003-04-16,54.389999
2003-04-17,55.009998
2003-04-21,55.360001
2003-04-22,56.090000
2003-04-23,56.799999
2003-04-24,57.500000
2003-04-25,56.209999
2003-04-28,57.009998
2003-04-29,56.889999
2003-04-30,56.360001
2003-05-01,56.320000
2003-05-02,56.639999
2003-05-05,56.459999
2003-05-06,56.520000
2003-05-07,57.009998
2003-05-08,56.439999
2003-05-09,56.340000
2003-05-12,56.160000
2003-05-13,55.500000
2003-05-14,55.349998
2003-05-15,55.439999
2003-05-16,56.040001
2003-05-19,54.630001
2003-05-20,53.990002
2003-05-21,53.450001
2003-05-22,53.380001
2003-05-23,53.090000
2003-05-27,53.419998
2003-05-28,53.660000
2003-05-29,53.389999
2003-05-30,54.349998
2003-06-02,53.220001
2003-06-03,53.849998
2003-06-04,54.060001
2003-06-05,52.020000
2003-06-06,52.750000
2003-06-09,52.720001
2003-06-10,52.639999
2003-06-11,53.000000
2003-06-12,53.270000
2003-06-13,52.560001
2003-06-16,53.700001
2003-06-17,54.759998
2003-06-18,54.950001
2003-06-19,54.410000
2003-06-20,54.450001
2003-06-23,53.349998
2003-06-24,52.599998
2003-06-25,52.470001
2003-06-26,52.299999
2003-06-27,51.540001
2003-06-30,51.700001
2003-07-01,52.419998
2003-07-02,52.900002
2003-07-03,52.990002
2003-07-07,52.980000
2003-07-08,52.480000
2003-07-09,51.919998
2003-07-10,51.250000
2003-07-11,51.880001
2003-07-14,53.599998
2003-07-15,52.549999
2003-07-16,52.599998
2003-07-17,52.270000
2003-07-18,52.740002
2003-07-21,51.380001
2003-07-22,51.759998
2003-07-23,52.200001
2003-07-24,51.700001
2003-07-25,52.230000
2003-07-28,51.459999
2003-07-29,50.630001
2003-07-30,51.070000
2003-07-31,51.790001
2003-08-01,50.430000
2003-08-04,50.599998
2003-08-05,49.779999
2003-08-06,50.209999
2003-08-07,51.799999
2003-08-08,51.750000
2003-08-11,51.680000
2003-08-12,51.259998
2003-08-13,50.990002
2003-08-14,51.000000
2003-08-15,51.049999
2003-08-18,50.419998
2003-08-19,50.060001
2003-08-20,50.029999
2003-08-21,49.400002
2003-08-22,49.540001
2003-08-25,49.570000
2003-08-26,49.669998
2003-08-27,49.259998
2003-08-28,49.139999
2003-08-29,49.580002
2003-09-02,50.000000
2003-09-03,50.240002
2003-09-04,51.119999
2003-09-05,50.500000
2003-09-08,51.299999
2003-09-09,51.250000
2003-09-10,52.040001
2003-09-11,52.250000
2003-09-12,51.630001
2003-09-15,50.840000
2003-09-16,50.849998
2003-09-17,50.220001
2003-09-18,50.740002
2003-09-19,50.310001
2003-09-22,50.180000
2003-09-23,50.020000
2003-09-24,49.450001
2003-09-25,49.529999
2003-09-26,49.180000
2003-09-29,49.860001
2003-09-30,49.520000
2003-10-01,50.270000
2003-10-02,50.299999
2003-10-03,50.110001
2003-10-06,50.160000
2003-10-07,50.099998
2003-10-08,49.779999
2003-10-09,49.389999
2003-10-10,49.240002
2003-10-13,49.790001
2003-10-14,50.930000
2003-10-15,50.500000
2003-10-16,50.689999
2003-10-17,50.410000
2003-10-20,50.630001
2003-10-21,50.849998
2003-10-22,49.910000
2003-10-23,50.299999
2003-10-24,50.349998
2003-10-27,49.919998
2003-10-28,50.540001
2003-10-29,49.480000
2003-10-30,49.480000
2003-10-31,50.330002
2003-11-03,49.779999
2003-11-04,49.150002
2003-11-05,49.150002
2003-11-06,49.169998
2003-11-07,48.810001
2003-11-10,48.730000
2003-11-11,49.080002
2003-11-12,49.500000
2003-11-13,50.340000
2003-11-14,52.119999
2003-11-17,51.669998
2003-11-18,51.939999
2003-11-19,52.259998
2003-11-20,51.490002
2003-11-21,50.880001
2003-11-24,51.480000
2003-11-25,50.689999
2003-11-26,49.700001
2003-11-28,49.299999
2003-12-01,49.500000
2003-12-02,48.950001
2003-12-03,49.160000
2003-12-04,49.330002
2003-12-05,49.160000
2003-12-08,49.849998
2003-12-09,50.009998
2003-12-10,50.250000
2003-12-11,50.000000
2003-12-12,49.389999
2003-12-15,49.459999
2003-12-16,49.419998
2003-12-17,49.349998
2003-12-18,49.970001
2003-12-19,50.099998
2003-12-22,50.480000
2003-12-23,50.549999
2003-12-24,50.730000
2003-12-26,50.619999
2003-12-29,51.250000
2003-12-30,51.369999
2003-12-31,51.660000
2004-01-02,51.660000
2004-01-05,51.959999
2004-01-06,51.730000
2004-01-07,51.750000
2004-01-08,51.990002
2004-01-09,51.400002
2004-01-12,52.389999
2004-01-13,52.250000
2004-01-14,52.000000
2004-01-15,51.840000
2004-01-16,50.450001
2004-01-20,51.500000
2004-01-21,52.560001
2004-01-22,53.049999
2004-01-23,53.000000
2004-01-26,53.500000
2004-01-27,53.279999
2004-01-28,53.160000
2004-01-29,53.889999
2004-01-30,53.419998
2004-02-02,53.529999
2004-02-03,53.840000
2004-02-04,54.480000
2004-02-05,54.500000
2004-02-06,54.150002
2004-02-09,54.110001
2004-02-10,54.430000
2004-02-11,54.650002
2004-02-12,54.599998
2004-02-13,54.230000
2004-02-17,54.410000
2004-02-18,53.889999
2004-02-19,53.570000
2004-02-20,53.299999
2004-02-23,53.049999
2004-02-24,54.180000
2004-02-25,54.060001
2004-02-26,53.970001
2004-02-27,53.910000
2004-03-01,53.759998
2004-03-02,52.869999
2004-03-03,53.220001
2004-03-04,53.029999
2004-03-05,53.130001
2004-03-08,53.099998
2004-03-09,52.669998
2004-03-10,51.770000
2004-03-11,51.110001
2004-03-12,50.709999
2004-03-15,50.570000
2004-03-16,51.080002
2004-03-17,50.880001
2004-03-18,50.980000
2004-03-19,50.049999
2004-03-22,49.500000
2004-03-23,49.650002
2004-03-24,49.650002
2004-03-25,50.200001
2004-03-26,50.130001
2004-03-29,50.570000
2004-03-30,50.419998
2004-03-31,50.720001
2004-04-01,50.520000
2004-04-02,51.180000
2004-04-05,51.520000
2004-04-06,51.480000
2004-04-07,51.380001
2004-04-08,50.869999
2004-04-12,51.200001
2004-04-13,51.389999
2004-04-14,52.599998
2004-04-15,54.520000
2004-04-16,54.130001
2004-04-19,53.919998
2004-04-20,53.130001
2004-04-21,53.680000
2004-04-22,53.639999
2004-04-23,53.680000
2004-04-26,53.900002
2004-04-27,54.360001
2004-04-28,54.189999
2004-04-29,54.099998
2004-04-30,54.029999
2004-05-03,54.930000
2004-05-04,54.799999
2004-05-05,54.080002
2004-05-06,54.840000
2004-05-07,55.299999
2004-05-10,55.450001
2004-05-11,55.139999
2004-05-12,55.240002
2004-05-13,54.930000
2004-05-14,54.520000
2004-05-17,54.700001
2004-05-18,54.630001
2004-05-19,54.279999
2004-05-20,54.580002
2004-05-21,54.939999
2004-05-24,54.310001
2004-05-25,55.360001
2004-05-26,55.480000
2004-05-27,55.790001
2004-05-28,55.709999
2004-06-01,55.770000
2004-06-02,56.200001
2004-06-03,56.590000
2004-06-04,56.380001
2004-06-07,56.720001
2004-06-08,56.970001
2004-06-09,56.759998
2004-06-10,57.070000
2004-06-14,57.009998
2004-06-15,56.209999
2004-06-16,55.880001
2004-06-17,55.549999
2004-06-18,55.250000
2004-06-21,55.279999
2004-06-22,55.369999
2004-06-23,55.639999
2004-06-24,55.689999
2004-06-25,54.500000
2004-06-28,54.970001
2004-06-29,55.740002
2004-06-30,55.700001
2004-07-01,55.470001
2004-07-02,55.349998
2004-07-06,54.950001
2004-07-07,54.529999
2004-07-08,54.759998
2004-07-09,54.990002
2004-07-12,54.889999
2004-07-13,55.380001
2004-07-14,55.919998
2004-07-15,55.349998
2004-07-16,56.799999
2004-07-19,56.400002
2004-07-20,56.310001
2004-07-21,55.750000
2004-07-22,56.240002
2004-07-23,55.740002
2004-07-26,55.430000
2004-07-27,55.650002
2004-07-28,55.680000
2004-07-29,55.470001
2004-07-30,55.270000
2004-08-02,55.520000
2004-08-03,55.430000
2004-08-04,55.580002
2004-08-05,55.220001
2004-08-06,54.599998
2004-08-09,54.490002
2004-08-10,54.990002
2004-08-11,56.000000
2004-08-12,56.299999
2004-08-13,55.540001
2004-08-16,56.090000
2004-08-17,56.540001
2004-08-18,57.029999
2004-08-19,56.779999
2004-08-20,57.040001
2004-08-23,57.049999
2004-08-24,57.169998
2004-08-25,57.660000
2004-08-26,57.520000
2004-08-27,57.709999
2004-08-30,57.540001
2004-08-31,58.099998
2004-09-01,57.790001
2004-09-02,57.720001
2004-09-03,57.849998
2004-09-07,57.860001
2004-09-08,58.270000
2004-09-09,57.509998
2004-09-10,57.570000
2004-09-13,58.150002
2004-09-14,58.349998
2004-09-15,58.180000
2004-09-16,58.119999
2004-09-17,58.520000
2004-09-20,57.919998
2004-09-21,57.900002
2004-09-22,57.299999
2004-09-23,56.560001
2004-09-24,56.549999
2004-09-27,56.529999
2004-09-28,57.099998
2004-09-29,57.029999
2004-09-30,56.330002
2004-10-01,57.000000
2004-10-04,57.250000
2004-10-05,57.459999
2004-10-06,57.750000
2004-10-07,55.919998
2004-10-08,55.320000
2004-10-11,55.360001
2004-10-12,56.820000
2004-10-13,56.509998
2004-10-14,56.520000
2004-10-15,56.580002
2004-10-18,57.320000
2004-10-19,56.610001
2004-10-20,57.500000
2004-10-21,57.779999
2004-10-22,57.290001
2004-10-25,57.080002
2004-10-26,57.230000
2004-10-27,57.770000
2004-10-28,58.009998
2004-10-29,58.380001
2004-11-01,58.439999
2004-11-02,58.040001
2004-11-03,59.450001
2004-11-04,59.220001
2004-11-05,59.180000
2004-11-08,59.840000
2004-11-09,59.830002
2004-11-10,60.119999
2004-11-11,60.599998
2004-11-12,61.000000
2004-11-15,61.160000
2004-11-16,61.029999
2004-11-17,60.900002
2004-11-18,61.119999
2004-11-19,60.540001
2004-11-22,60.869999
2004-11-23,60.570000
2004-11-24,60.509998
2004-11-26,60.450001
2004-11-29,60.200001
2004-11-30,60.320000
2004-12-01,61.189999
2004-12-02,61.750000
2004-12-03,61.910000
2004-12-06,61.830002
2004-12-07,60.410000
2004-12-08,61.150002
2004-12-09,61.310001
2004-12-10,60.250000
2004-12-13,60.639999
2004-12-14,61.430000
2004-12-15,60.900002
2004-12-16,63.450001
2004-12-17,63.580002
2004-12-20,63.070000
2004-12-21,62.950001
2004-12-22,63.299999
2004-12-23,63.599998
2004-12-27,63.529999
2004-12-28,63.759998
2004-12-29,63.529999
2004-12-30,63.549999
2004-12-31,63.419998
2005-01-03,62.900002
2005-01-04,62.700001
2005-01-05,62.660000
2005-01-06,62.840000
2005-01-07,62.610001
2005-01-10,63.099998
2005-01-11,62.880001
2005-01-12,63.320000
2005-01-13,61.970001
2005-01-14,62.700001
2005-01-18,63.029999
2005-01-19,62.820000
2005-01-20,62.490002
2005-01-21,61.849998
2005-01-24,61.490002
2005-01-25,63.720001
2005-01-26,64.650002
2005-01-27,64.220001
2005-01-28,64.620003
2005-01-31,64.699997
2005-02-01,65.419998
2005-02-02,66.000000
2005-02-03,65.650002
2005-02-04,66.239998
2005-02-07,66.449997
2005-02-08,66.330002
2005-02-09,66.190002
2005-02-10,66.129997
2005-02-11,66.599998
2005-02-14,66.000000
2005-02-15,65.910004
2005-02-16,65.739998
2005-02-17,65.349998
2005-02-18,65.430000
2005-02-22,65.070000
2005-02-23,65.410004
2005-02-24,65.889999
2005-02-25,66.220001
2005-02-28,65.599998
2005-03-01,66.650002
2005-03-02,66.959999
2005-03-03,66.750000
2005-03-04,67.739998
2005-03-07,68.440002
2005-03-08,68.190002
2005-03-09,67.760002
2005-03-10,68.000000
2005-03-11,67.599998
2005-03-14,67.820000
2005-03-15,67.260002
2005-03-16,67.050003
2005-03-17,66.989998
2005-03-18,67.250000
2005-03-21,66.849998
2005-03-22,66.790001
2005-03-23,68.199997
2005-03-24,68.089996
2005-03-28,68.349998
2005-03-29,67.919998
2005-03-30,68.050003
2005-03-31,67.160004
2005-04-01,66.849998
2005-04-04,67.980003
2005-04-05,69.010002
2005-04-06,68.809998
2005-04-07,69.239998
2005-04-08,68.639999
2005-04-11,68.889999
2005-04-12,68.639999
2005-04-13,68.589996
2005-04-14,69.250000
2005-04-15,69.400002
2005-04-18,69.040001
2005-04-19,69.050003
2005-04-20,68.099998
2005-04-21,68.290001
2005-04-22,68.489998
2005-04-25,68.540001
2005-04-26,68.019997
2005-04-27,68.330002
2005-04-28,67.660004
2005-04-29,68.629997
2005-05-02,68.779999
2005-05-03,68.730003
2005-05-04,68.220001
2005-05-05,68.510002
2005-05-06,68.209999
2005-05-09,68.169998
2005-05-10,67.730003
2005-05-11,67.949997
2005-05-12,67.650002
2005-05-13,67.099998
2005-05-16,67.639999
2005-05-17,67.910004
2005-05-18,67.599998
2005-05-19,67.410004
2005-05-20,67.199997
2005-05-23,67.260002
2005-05-24,67.599998
2005-05-25,67.470001
2005-05-26,67.419998
2005-05-27,67.430000
2005-05-31,67.099998
2005-06-01,67.309998
2005-06-02,67.000000
2005-06-03,66.440002
2005-06-06,66.379997
2005-06-07,66.540001
2005-06-08,66.360001
2005-06-09,66.730003
2005-06-10,66.480003
2005-06-13,66.470001
2005-06-14,66.580002
2005-06-15,66.349998
2005-06-16,66.300003
2005-06-17,66.559998
2005-06-20,66.550003
2005-06-21,66.529999
2005-06-22,66.000000
2005-06-23,65.349998
2005-06-24,65.580002
2005-06-27,65.650002
2005-06-28,66.070000
2005-06-29,65.699997
2005-06-30,65.000000
2005-07-01,64.949997
2005-07-05,64.849998
2005-07-06,64.150002
2005-07-07,63.919998
2005-07-08,64.279999
2005-07-11,64.790001
2005-07-12,64.779999
2005-07-13,64.419998
2005-07-14,64.599998
2005-07-15,65.029999
2005-07-18,64.599998
2005-07-19,65.019997
2005-07-20,64.959999
2005-07-21,63.980000
2005-07-22,64.320000
2005-07-25,63.340000
2005-07-26,62.669998
2005-07-27,64.540001
2005-07-28,64.730003
2005-07-29,63.959999
2005-08-01,64.500000
2005-08-02,64.629997
2005-08-03,64.870003
2005-08-04,64.150002
2005-08-05,63.540001
2005-08-08,63.439999
2005-08-09,64.019997
2005-08-10,63.849998
2005-08-11,64.309998
2005-08-12,63.560001
2005-08-15,63.349998
2005-08-16,63.009998
2005-08-17,63.500000
2005-08-18,64.250000
2005-08-19,63.570000
2005-08-22,63.500000
2005-08-23,62.759998
2005-08-24,62.250000
2005-08-25,62.529999
2005-08-26,61.939999
2005-08-29,63.009998
2005-08-30,63.000000
2005-08-31,63.389999
2005-09-01,63.130001
2005-09-02,62.900002
2005-09-06,63.790001
2005-09-07,64.800003
2005-09-08,64.099998
2005-09-09,64.730003
2005-09-12,64.680000
2005-09-13,64.050003
2005-09-14,64.300003
2005-09-15,64.370003
2005-09-16,65.180000
2005-09-19,64.650002
2005-09-20,64.400002
2005-09-21,64.699997
2005-09-22,64.680000
2005-09-23,63.990002
2005-09-26,63.869999
2005-09-27,63.450001
2005-09-28,63.209999
2005-09-29,63.750000
2005-09-30,63.279999
2005-10-03,62.580002
2005-10-04,63.049999
2005-10-05,62.250000
2005-10-06,61.570000
2005-10-07,61.340000
2005-10-10,61.470001
2005-10-11,61.290001
2005-10-12,61.799999
2005-10-13,64.019997
2005-10-14,63.700001
2005-10-17,63.000000
2005-10-18,62.970001
2005-10-19,64.320000
2005-10-20,64.169998
2005-10-21,64.070000
2005-10-24,64.099998
2005-10-25,63.580002
2005-10-26,62.810001
2005-10-27,61.439999
2005-10-28,62.950001
2005-10-31,62.619999
2005-11-01,61.900002
2005-11-02,61.299999
2005-11-03,61.200001
2005-11-04,60.880001
2005-11-07,61.430000
2005-11-08,60.770000
2005-11-09,61.020000
2005-11-10,61.410000
2005-11-11,60.919998
2005-11-14,60.509998
2005-11-15,62.830002
2005-11-16,63.250000
2005-11-17,63.340000
2005-11-18,62.549999
2005-11-21,61.990002
2005-11-22,61.610001
2005-11-23,61.669998
2005-11-25,62.150002
2005-11-28,62.400002
2005-11-29,62.000000
2005-11-30,61.750000
2005-12-01,61.689999
2005-12-02,61.209999
2005-12-05,61.049999
2005-12-06,60.470001
2005-12-07,60.040001
2005-12-08,60.080002
2005-12-09,60.099998
2005-12-12,60.150002
2005-12-13,60.250000
2005-12-14,60.110001
2005-12-15,60.160000
2005-12-16,60.860001
2005-12-19,61.189999
2005-12-20,60.779999
2005-12-21,60.880001
2005-12-22,61.320000
2005-12-23,61.110001
2005-12-27,60.299999
2005-12-28,60.419998
2005-12-29,60.250000
2005-12-30,60.099998
2006-01-03,61.630001
2006-01-04,62.580002
2006-01-05,62.320000
2006-01-06,62.599998
2006-01-09,62.990002
2006-01-10,63.099998
2006-01-11,62.500000
2006-01-12,62.209999
2006-01-13,61.820000
2006-01-17,61.279999
2006-01-18,62.189999
2006-01-19,62.169998
2006-01-20,60.799999
2006-01-23,61.189999
2006-01-24,59.360001
2006-01-25,58.500000
2006-01-26,58.639999
2006-01-27,58.709999
2006-01-30,58.400002
2006-01-31,57.540001
2006-02-01,57.860001
2006-02-02,57.650002
2006-02-03,57.380001
2006-02-06,56.849998
2006-02-07,56.799999
2006-02-08,58.599998
2006-02-09,58.549999
2006-02-10,58.389999
2006-02-13,58.500000
2006-02-14,59.049999
2006-02-15,59.099998
2006-02-16,58.980000
2006-02-17,59.070000
2006-02-21,59.139999
2006-02-22,59.029999
2006-02-23,58.590000
2006-02-24,57.759998
2006-02-27,57.910000
2006-02-28,57.650002
2006-03-01,57.660000
2006-03-02,57.689999
2006-03-03,57.470001
2006-03-06,57.849998
2006-03-07,58.220001
2006-03-08,58.740002
2006-03-09,58.310001
2006-03-10,59.040001
2006-03-13,59.080002
2006-03-14,59.290001
2006-03-15,59.799999
2006-03-16,60.020000
2006-03-17,60.340000
2006-03-20,60.480000
2006-03-21,60.570000
2006-03-22,61.000000
2006-03-23,60.810001
2006-03-24,60.389999
2006-03-27,59.939999
2006-03-28,59.599998
2006-03-29,59.509998
2006-03-30,59.349998
2006-03-31,59.220001
2006-04-03,59.169998
2006-04-04,58.820000
2006-04-05,58.400002
2006-04-06,58.500000
2006-04-07,57.830002
2006-04-10,57.709999
2006-04-11,57.750000
2006-04-12,57.869999
2006-04-13,57.910000
2006-04-17,57.650002
2006-04-18,58.130001
2006-04-19,58.020000
2006-04-20,58.220001
2006-04-21,58.369999
2006-04-24,58.330002
2006-04-25,58.209999
2006-04-26,58.540001
2006-04-27,58.650002
2006-04-28,58.610001
2006-05-01,58.590000
2006-05-02,58.669998
2006-05-03,58.349998
2006-05-04,58.259998
2006-05-05,58.700001
2006-05-08,58.709999
2006-05-09,58.360001
2006-05-10,58.320000
2006-05-11,58.840000
2006-05-12,58.830002
2006-05-15,59.970001
2006-05-16,60.250000
2006-05-17,60.130001
2006-05-18,60.139999
2006-05-19,59.900002
2006-05-22,59.860001
2006-05-23,60.000000
2006-05-24,60.790001
2006-05-25,60.450001
2006-05-26,60.689999
2006-05-30,59.849998
2006-05-31,60.220001
2006-06-01,60.650002
2006-06-02,60.740002
2006-06-05,60.130001
2006-06-06,60.939999
2006-06-07,61.169998
2006-06-08,61.560001
2006-06-09,61.380001
2006-06-12,61.380001
2006-06-13,61.049999
2006-06-14,61.250000
2006-06-15,61.470001
2006-06-16,61.680000
2006-06-19,61.349998
2006-06-20,61.529999
2006-06-21,61.790001
2006-06-22,61.180000
2006-06-23,61.320000
2006-06-26,60.209999
2006-06-27,59.549999
2006-06-28,59.230000
2006-06-29,59.889999
2006-06-30,59.919998
2006-07-03,60.150002
2006-07-05,60.040001
2006-07-06,60.520000
2006-07-07,60.619999
2006-07-10,60.950001
2006-07-11,60.770000
2006-07-12,60.619999
2006-07-13,60.270000
2006-07-14,60.459999
2006-07-17,60.910000
2006-07-18,60.599998
2006-07-19,61.310001
2006-07-20,61.369999
2006-07-21,61.730000
2006-07-24,61.980000
2006-07-25,62.000000
2006-07-26,62.049999
2006-07-27,62.560001
2006-07-28,62.919998
2006-07-31,62.549999
2006-08-01,62.680000
2006-08-02,63.150002
2006-08-03,63.080002
2006-08-04,63.529999
2006-08-07,63.270000
2006-08-08,63.560001
2006-08-09,63.320000
2006-08-10,63.549999
2006-08-11,63.470001
2006-08-14,63.910000
2006-08-15,64.410004
2006-08-16,64.610001
2006-08-17,64.230003
2006-08-18,64.419998
2006-08-21,64.269997
2006-08-22,64.160004
2006-08-23,63.910000
2006-08-24,65.000000
2006-08-25,64.669998
2006-08-28,64.580002
2006-08-29,64.599998
2006-08-30,64.599998
2006-08-31,64.660004
2006-09-01,64.720001
2006-09-05,64.309998
2006-09-06,63.919998
2006-09-07,63.459999
2006-09-08,63.590000
2006-09-11,64.040001
2006-09-12,63.830002
2006-09-13,63.810001
2006-09-14,63.730000
2006-09-15,63.790001
2006-09-18,64.160004
2006-09-19,64.180000
2006-09-20,64.190002
2006-09-21,64.230003
2006-09-22,63.959999
2006-09-25,64.190002
2006-09-26,64.669998
2006-09-27,64.820000
2006-09-28,64.900002
2006-09-29,64.940002
2006-10-02,65.089996
2006-10-03,65.500000
2006-10-04,65.830002
2006-10-05,65.110001
2006-10-06,65.059998
2006-10-09,64.870003
2006-10-10,64.959999
2006-10-11,65.099998
2006-10-12,64.839996
2006-10-13,64.580002
2006-10-16,64.930000
2006-10-17,66.080002
2006-10-18,68.150002
2006-10-19,68.040001
2006-10-20,68.620003
2006-10-23,69.099998
2006-10-24,68.750000
2006-10-25,68.830002
2006-10-26,68.820000
2006-10-27,68.169998
2006-10-30,67.699997
2006-10-31,67.400002
2006-11-01,67.180000
2006-11-02,67.900002
2006-11-03,67.809998
2006-11-06,68.419998
2006-11-07,68.709999
2006-11-08,67.989998
2006-11-09,66.150002
2006-11-10,66.290001
2006-11-13,65.940002
2006-11-14,66.559998
2006-11-15,66.540001
2006-11-16,66.529999
2006-11-17,67.239998
2006-11-20,67.010002
2006-11-21,66.599998
2006-11-22,66.769997
2006-11-24,65.849998
2006-11-27,65.650002
2006-11-28,65.970001
2006-11-29,66.199997
2006-11-30,65.910004
2006-12-01,65.970001
2006-12-04,66.279999
2006-12-05,66.169998
2006-12-06,66.029999
2006-12-07,66.059998
2006-12-08,65.949997
2006-12-11,65.699997
2006-12-12,65.580002
2006-12-13,65.470001
2006-12-14,66.250000
2006-12-15,66.290001
2006-12-18,66.599998
2006-12-19,66.879997
2006-12-20,66.430000
2006-12-21,66.000000
2006-12-22,65.650002
2006-12-26,65.639999
2006-12-27,66.010002
2006-12-28,66.419998
2006-12-29,66.019997
2007-01-03,66.400002
2007-01-04,67.230003
2007-01-05,66.620003
2007-01-08,66.510002
2007-01-09,66.260002
2007-01-10,66.150002
2007-01-11,66.730003
2007-01-12,66.639999
2007-01-16,66.540001
2007-01-17,66.870003
2007-01-18,67.709999
2007-01-19,67.760002
2007-01-22,67.180000
2007-01-23,66.500000
2007-01-24,67.010002
2007-01-25,66.680000
2007-01-26,66.070000
2007-01-29,66.150002
2007-01-30,66.389999
2007-01-31,66.800003
2007-02-01,67.010002
2007-02-02,66.580002
2007-02-05,66.300003
2007-02-06,66.000000
2007-02-07,65.800003
2007-02-08,65.760002
2007-02-09,65.599998
2007-02-12,65.459999
2007-02-13,65.379997
2007-02-14,65.849998
2007-02-15,65.790001
2007-02-16,65.510002
2007-02-20,65.459999
2007-02-21,65.000000
2007-02-22,64.779999
2007-02-23,64.150002
2007-02-26,64.300003
2007-02-27,63.049999
2007-02-28,62.930000
2007-03-01,62.450001
2007-03-02,61.950001
2007-03-05,61.830002
2007-03-06,61.700001
2007-03-07,61.860001
2007-03-08,61.720001
2007-03-09,62.139999
2007-03-12,61.790001
2007-03-13,60.770000
2007-03-14,60.709999
2007-03-15,60.529999
2007-03-16,60.509998
2007-03-19,60.730000
2007-03-20,61.070000
2007-03-21,61.220001
2007-03-22,60.860001
2007-03-23,60.509998
2007-03-26,60.250000
2007-03-27,60.029999
2007-03-28,60.000000
2007-03-29,60.340000
2007-03-30,60.259998
2007-04-02,60.099998
2007-04-03,60.639999
2007-04-04,61.290001
2007-04-05,61.549999
2007-04-09,61.630001
2007-04-10,61.669998
2007-04-11,61.889999
2007-04-12,61.919998
2007-04-13,62.349998
2007-04-16,63.020000
2007-04-17,64.550003
2007-04-18,64.430000
2007-04-19,64.940002
2007-04-20,65.120003
2007-04-23,64.750000
2007-04-24,64.489998
2007-04-25,64.680000
2007-04-26,64.239998
2007-04-27,64.169998
2007-04-30,64.220001
2007-05-01,64.559998
2007-05-02,64.480003
2007-05-03,64.320000
2007-05-04,64.480003
2007-05-07,64.260002
2007-05-08,63.700001
2007-05-09,64.110001
2007-05-10,62.500000
2007-05-11,62.270000
2007-05-14,62.610001
2007-05-15,61.820000
2007-05-16,63.049999
2007-05-17,62.740002
2007-05-18,63.419998
2007-05-21,63.520000
2007-05-22,63.580002
2007-05-23,63.810001
2007-05-24,63.480000
2007-05-25,63.189999
2007-05-29,63.049999
2007-05-30,63.220001
2007-05-31,63.270000
2007-06-01,63.410000
2007-06-04,63.599998
2007-06-05,63.310001
2007-06-06,62.900002
2007-06-07,62.000000
2007-06-08,62.130001
2007-06-11,62.270000
2007-06-12,61.830002
2007-06-13,62.180000
2007-06-14,62.450001
2007-06-15,62.770000
2007-06-18,62.330002
2007-06-19,62.419998
2007-06-20,62.040001
2007-06-21,62.110001
2007-06-22,60.730000
2007-06-25,61.110001
2007-06-26,61.650002
2007-06-27,61.450001
2007-06-28,61.500000
2007-06-29,61.619999
2007-07-02,61.849998
2007-07-03,61.950001
2007-07-05,62.279999
2007-07-06,62.130001
2007-07-09,62.720001
2007-07-10,62.200001
2007-07-11,62.860001
2007-07-12,63.360001
2007-07-13,63.430000
2007-07-16,63.799999
2007-07-17,62.740002
2007-07-18,62.200001
2007-07-19,62.389999
2007-07-20,61.790001
2007-07-23,62.000000
2007-07-24,61.470001
2007-07-25,61.529999
2007-07-26,60.959999
2007-07-27,59.770000
2007-07-30,60.070000
2007-07-31,60.500000
2007-08-01,60.959999
2007-08-02,61.029999
2007-08-03,60.549999
2007-08-06,62.299999
2007-08-07,62.080002
2007-08-08,62.490002
2007-08-09,60.830002
2007-08-10,61.150002
2007-08-13,61.450001
2007-08-14,61.130001
2007-08-15,61.299999
2007-08-16,61.630001
2007-08-17,62.020000
2007-08-20,61.830002
2007-08-21,61.669998
2007-08-22,62.009998
2007-08-23,62.110001
2007-08-24,61.880001
2007-08-27,61.599998
2007-08-28,61.250000
2007-08-29,61.860001
2007-08-30,61.599998
2007-08-31,61.790001
2007-09-04,61.980000
2007-09-05,61.650002
2007-09-06,61.660000
2007-09-07,61.680000
2007-09-10,61.840000
2007-09-11,62.049999
2007-09-12,62.509998
2007-09-13,63.110001
2007-09-14,63.200001
2007-09-17,62.939999
2007-09-18,63.830002
2007-09-19,64.489998
2007-09-20,64.790001
2007-09-21,65.120003
2007-09-24,65.199997
2007-09-25,64.970001
2007-09-26,65.389999
2007-09-27,65.540001
2007-09-28,65.699997
2007-10-01,66.139999
2007-10-02,66.050003
2007-10-03,66.099998
2007-10-04,66.110001
2007-10-05,66.250000
2007-10-08,66.019997
2007-10-09,66.250000
2007-10-10,65.830002
2007-10-11,65.949997
2007-10-12,65.940002
2007-10-15,65.650002
2007-10-16,65.070000
2007-10-17,64.849998
2007-10-18,64.900002
2007-10-19,64.230003
2007-10-22,64.339996
2007-10-23,64.550003
2007-10-24,64.440002
2007-10-25,63.950001
2007-10-26,64.300003
2007-10-29,64.980003
2007-10-30,64.820000
2007-10-31,65.169998
2007-11-01,64.660004
2007-11-02,64.779999
2007-11-05,64.489998
2007-11-06,64.610001
2007-11-07,63.910000
2007-11-08,64.589996
2007-11-09,65.160004
2007-11-12,66.309998
2007-11-13,67.309998
2007-11-14,66.889999
2007-11-15,66.879997
2007-11-16,67.750000
2007-11-19,67.589996
2007-11-20,67.639999
2007-11-21,67.139999
2007-11-23,66.879997
2007-11-26,67.370003
2007-11-27,67.730003
2007-11-28,68.349998
2007-11-29,68.400002
2007-11-30,67.739998
2007-12-03,67.709999
2007-12-04,67.940002
2007-12-05,68.209999
2007-12-06,68.300003
2007-12-07,67.680000
2007-12-10,67.790001
2007-12-11,67.550003
2007-12-12,67.699997
2007-12-13,67.870003
2007-12-14,67.589996
2007-12-17,67.550003
2007-12-18,67.709999
2007-12-19,67.320000
2007-12-20,67.330002
2007-12-21,68.029999
2007-12-24,67.870003
2007-12-26,67.559998
2007-12-27,67.330002
2007-12-28,67.379997
2007-12-31,66.699997
2008-01-02,65.910004
2008-01-03,65.930000
2008-01-04,65.839996
2008-01-07,66.860001
2008-01-08,66.940002
2008-01-09,67.800003
2008-01-10,67.910004
2008-01-11,67.879997
2008-01-14,67.949997
2008-01-15,67.760002
2008-01-16,68.309998
2008-01-17,67.830002
2008-01-18,66.290001
2008-01-22,65.269997
2008-01-23,64.199997
2008-01-24,63.509998
2008-01-25,62.459999
2008-01-28,63.070000
2008-01-29,62.970001
2008-01-30,62.180000
2008-01-31,63.139999
2008-02-01,63.360001
2008-02-04,63.470001
2008-02-05,62.869999
2008-02-06,63.049999
2008-02-07,62.810001
2008-02-08,62.029999
2008-02-11,61.880001
2008-02-12,62.970001
2008-02-13,63.410000
2008-02-14,62.790001
2008-02-15,62.900002
2008-02-19,63.660000
2008-02-20,63.230000
2008-02-21,62.980000
2008-02-22,63.180000
2008-02-25,63.849998
2008-02-26,63.720001
2008-02-27,63.040001
2008-02-28,62.709999
2008-02-29,61.959999
2008-03-03,62.230000
2008-03-04,62.639999
2008-03-05,63.130001
2008-03-06,62.630001
2008-03-07,61.509998
2008-03-10,61.330002
2008-03-11,62.439999
2008-03-12,62.549999
2008-03-13,62.810001
2008-03-14,62.650002
2008-03-17,64.040001
2008-03-18,65.309998
2008-03-19,64.879997
2008-03-20,65.379997
2008-03-24,64.889999
2008-03-25,64.550003
2008-03-26,64.699997
2008-03-27,64.620003
2008-03-28,64.180000
2008-03-31,64.870003
2008-04-01,65.870003
2008-04-02,65.309998
2008-04-03,65.269997
2008-04-04,65.730003
2008-04-07,66.139999
2008-04-08,66.320000
2008-04-09,66.290001
2008-04-10,66.330002
2008-04-11,66.000000
2008-04-14,65.739998
2008-04-15,65.650002
2008-04-16,65.699997
2008-04-17,65.760002
2008-04-18,66.510002
2008-04-21,66.320000
2008-04-22,66.989998
2008-04-23,67.260002
2008-04-24,67.370003
2008-04-25,67.309998
2008-04-28,67.320000
2008-04-29,67.190002
2008-04-30,67.089996
2008-05-01,67.809998
2008-05-02,68.260002
2008-05-05,67.900002
2008-05-06,67.580002
2008-05-07,66.910004
2008-05-08,66.900002
2008-05-09,66.550003
2008-05-12,66.709999
2008-05-13,66.410004
2008-05-14,66.809998
2008-05-15,66.680000
2008-05-16,66.680000
2008-05-19,66.629997
2008-05-20,66.150002
2008-05-21,65.730003
2008-05-22,65.410004
2008-05-23,64.919998
2008-05-27,65.150002
2008-05-28,64.879997
2008-05-29,66.419998
2008-05-30,66.739998
2008-06-02,66.510002
2008-06-03,66.760002
2008-06-04,66.550003
2008-06-05,66.959999
2008-06-06,65.760002
2008-06-09,65.629997
2008-06-10,65.620003
2008-06-11,65.199997
2008-06-12,65.690002
2008-06-13,66.269997
2008-06-16,65.839996
2008-06-17,65.589996
2008-06-18,64.440002
2008-06-19,64.620003
2008-06-20,64.059998
2008-06-23,64.290001
2008-06-24,64.720001
2008-06-25,65.279999
2008-06-26,64.260002
2008-06-27,63.570000
2008-06-30,64.339996
2008-07-01,64.690002
2008-07-02,64.639999
2008-07-03,65.120003
2008-07-07,65.250000
2008-07-08,66.209999
2008-07-09,66.180000
2008-07-10,66.940002
2008-07-11,66.260002
2008-07-14,66.410004
2008-07-15,67.699997
2008-07-16,68.190002
2008-07-17,67.830002
2008-07-18,67.820000
2008-07-21,67.110001
2008-07-22,67.989998
2008-07-23,68.269997
2008-07-24,68.660004
2008-07-25,69.029999
2008-07-28,68.480003
2008-07-29,68.480003
2008-07-30,68.080002
2008-07-31,68.470001
2008-08-01,68.099998
2008-08-04,68.980003
2008-08-05,70.449997
2008-08-06,71.070000
2008-08-07,70.650002
2008-08-08,71.550003
2008-08-11,71.660004
2008-08-12,71.699997
2008-08-13,71.199997
2008-08-14,71.190002
2008-08-15,71.330002
2008-08-18,71.089996
2008-08-19,71.150002
2008-08-20,71.080002
2008-08-21,71.279999
2008-08-22,71.419998
2008-08-25,70.800003
2008-08-26,70.709999
2008-08-27,71.209999
2008-08-28,71.410004
2008-08-29,70.430000
2008-09-02,71.730003
2008-09-03,71.510002
2008-09-04,70.449997
2008-09-05,70.669998
2008-09-08,72.220001
2008-09-09,71.339996
2008-09-10,71.230003
2008-09-11,71.160004
2008-09-12,70.589996
2008-09-15,69.610001
2008-09-16,69.800003
2008-09-17,69.510002
2008-09-18,70.930000
2008-09-19,69.989998
2008-09-22,68.410004
2008-09-23,68.150002
2008-09-24,68.190002
2008-09-25,69.360001
2008-09-26,69.400002
2008-09-29,66.900002
2008-09-30,69.279999
2008-10-01,67.790001
2008-10-02,67.790001
2008-10-03,66.160004
2008-10-06,64.500000
2008-10-07,62.490002
2008-10-08,62.360001
2008-10-09,57.580002
2008-10-10,55.849998
2008-10-13,62.680000
2008-10-14,64.000000
2008-10-15,60.540001
2008-10-16,63.500000
2008-10-17,62.650002
2008-10-20,64.440002
2008-10-21,63.660000
2008-10-22,61.419998
2008-10-23,62.450001
2008-10-24,60.790001
2008-10-27,60.150002
2008-10-28,64.190002
2008-10-29,61.529999
2008-10-30,60.570000
2008-10-31,61.340000
2008-11-03,61.160000
2008-11-04,61.889999
2008-11-05,59.849998
2008-11-06,57.919998
2008-11-07,60.220001
2008-11-10,60.009998
2008-11-11,59.549999
2008-11-12,57.919998
2008-11-13,62.900002
2008-11-14,60.049999
2008-11-17,59.270000
2008-11-18,60.889999
2008-11-19,58.119999
2008-11-20,55.810001
2008-11-21,58.349998
2008-11-24,59.110001
2008-11-25,58.700001
2008-11-26,58.270000
2008-11-28,58.580002
2008-12-01,55.330002
2008-12-02,56.830002
2008-12-03,57.320000
2008-12-04,56.180000
2008-12-05,58.230000
2008-12-08,58.770000
2008-12-09,57.810001
2008-12-10,57.799999
2008-12-11,58.250000
2008-12-12,57.250000
2008-12-15,57.810001
2008-12-16,59.599998
2008-12-17,58.779999
2008-12-18,58.990002
2008-12-19,58.840000
2008-12-22,58.930000
2008-12-23,58.680000
2008-12-24,58.560001
2008-12-26,58.560001
2008-12-29,58.150002
2008-12-30,59.169998
2008-12-31,59.830002
2009-01-02,60.650002
2009-01-05,60.049999
2009-01-06,59.689999
2009-01-07,59.130001
2009-01-08,59.020000
2009-01-09,59.049999
2009-01-12,58.340000
2009-01-13,58.840000
2009-01-14,57.950001
2009-01-15,57.619999
2009-01-16,57.439999
2009-01-20,56.750000
2009-01-21,56.360001
2009-01-22,56.869999
2009-01-23,55.970001
2009-01-26,56.549999
2009-01-27,57.540001
2009-01-28,58.560001
2009-01-29,58.279999
2009-01-30,57.689999
2009-02-02,57.689999
2009-02-03,58.580002
2009-02-04,57.959999
2009-02-05,58.110001
2009-02-06,58.509998
2009-02-09,58.500000
2009-02-10,56.730000
2009-02-11,57.330002
2009-02-12,57.779999
2009-02-13,57.099998
2009-02-17,55.980000
2009-02-18,55.830002
2009-02-19,55.930000
2009-02-20,54.650002
2009-02-23,53.650002
2009-02-24,54.540001
2009-02-25,53.959999
2009-02-26,52.439999
2009-02-27,50.000000
2009-03-02,47.919998
2009-03-03,47.639999
2009-03-04,49.099998
2009-03-05,47.669998
2009-03-06,47.970001
2009-03-09,46.599998
2009-03-10,47.779999
2009-03-11,47.900002
2009-03-12,49.000000
2009-03-13,50.639999
2009-03-16,50.730000
2009-03-17,50.720001
2009-03-18,50.660000
2009-03-19,50.060001
2009-03-20,51.669998
2009-03-23,53.230000
2009-03-24,52.700001
2009-03-25,52.860001
2009-03-26,52.900002
2009-03-27,52.830002
2009-03-30,53.009998
2009-03-31,52.599998
2009-04-01,53.040001
2009-04-02,52.970001
2009-04-03,52.150002
2009-04-06,52.200001
2009-04-07,51.360001
2009-04-08,51.450001
2009-04-09,51.410000
2009-04-13,51.150002
2009-04-14,51.369999
2009-04-15,51.770000
2009-04-16,52.200001
2009-04-17,53.049999
2009-04-20,52.470001
2009-04-21,52.459999
2009-04-22,51.180000
2009-04-23,51.400002
2009-04-24,50.919998
2009-04-27,50.860001
2009-04-28,50.650002
2009-04-29,51.029999
2009-04-30,52.360001
2009-05-01,52.590000
2009-05-04,53.759998
2009-05-05,54.360001
2009-05-06,54.209999
2009-05-07,54.889999
2009-05-08,54.980000
2009-05-11,54.110001
2009-05-12,55.000000
2009-05-13,55.150002
2009-05-14,55.020000
2009-05-15,55.410000
2009-05-18,56.049999
2009-05-19,55.889999
2009-05-20,55.869999
2009-05-21,54.990002
2009-05-22,54.770000
2009-05-26,55.259998
2009-05-27,54.220001
2009-05-28,54.529999
2009-05-29,55.160000
2009-06-01,55.779999
2009-06-02,56.209999
2009-06-03,56.160000
2009-06-04,55.840000
2009-06-05,55.930000
2009-06-08,55.630001
2009-06-09,55.700001
2009-06-10,55.660000
2009-06-11,56.049999
2009-06-12,56.060001
2009-06-15,54.750000
2009-06-16,54.619999
2009-06-17,55.200001
2009-06-18,55.790001
2009-06-19,56.090000
2009-06-22,55.490002
2009-06-23,55.009998
2009-06-24,55.459999
2009-06-25,56.270000
2009-06-26,56.599998
2009-06-29,56.959999
2009-06-30,56.799999
2009-07-01,57.070000
2009-07-02,55.980000
2009-07-06,56.619999
2009-07-07,56.230000
2009-07-08,57.080002
2009-07-09,56.689999
2009-07-10,56.930000
2009-07-13,57.720001
2009-07-14,58.230000
2009-07-15,58.959999
2009-07-16,59.250000
2009-07-17,59.230000
2009-07-20,59.060001
2009-07-21,59.490002
2009-07-22,59.189999
2009-07-23,60.220001
2009-07-24,61.509998
2009-07-27,61.270000
2009-07-28,60.919998
2009-07-29,61.160000
2009-07-30,61.790001
2009-07-31,60.889999
2009-08-03,61.099998
2009-08-04,61.060001
2009-08-05,60.450001
2009-08-06,59.930000
2009-08-07,59.900002
2009-08-10,60.720001
2009-08-11,60.220001
2009-08-12,60.590000
2009-08-13,60.320000
2009-08-14,60.080002
2009-08-17,59.820000
2009-08-18,59.799999
2009-08-19,60.369999
2009-08-20,60.950001
2009-08-21,61.029999
2009-08-24,61.279999
2009-08-25,61.139999
2009-08-26,60.630001
2009-08-27,60.490002
2009-08-28,60.290001
2009-08-31,60.439999
2009-09-01,59.939999
2009-09-02,59.759998
2009-09-03,59.689999
2009-09-04,60.320000
2009-09-08,60.570000
2009-09-09,60.919998
2009-09-10,60.660000
2009-09-11,60.419998
2009-09-14,60.340000
2009-09-15,60.150002
2009-09-16,60.189999
2009-09-17,60.770000
2009-09-18,60.779999
2009-09-21,60.669998
2009-09-22,61.080002
2009-09-23,60.770000
2009-09-24,60.720001
2009-09-25,60.619999
2009-09-28,61.270000
2009-09-29,60.930000
2009-09-30,60.889999
2009-10-01,59.810001
2009-10-02,59.730000
2009-10-05,59.820000
2009-10-06,60.290001
2009-10-07,60.709999
2009-10-08,60.939999
2009-10-09,61.740002
2009-10-12,62.529999
2009-10-13,61.009998
2009-10-14,60.549999
2009-10-15,60.939999
2009-10-16,60.459999
2009-10-19,61.160000
2009-10-20,60.590000
2009-10-21,60.310001
2009-10-22,60.939999
2009-10-23,60.540001
2009-10-26,60.090000
2009-10-27,60.020000
2009-10-28,59.570000
2009-10-29,59.860001
2009-10-30,59.049999
2009-11-02,59.490002
2009-11-03,58.930000
2009-11-04,59.520000
2009-11-05,59.980000
2009-11-06,60.299999
2009-11-09,60.750000
2009-11-10,61.230000
2009-11-11,60.869999
2009-11-12,61.150002
2009-11-13,61.430000
2009-11-16,62.189999
2009-11-17,62.169998
2009-11-18,62.320000
2009-11-19,62.430000
2009-11-20,62.310001
2009-11-23,62.689999
2009-11-24,63.180000
2009-11-25,63.299999
2009-11-27,62.889999
2009-11-30,62.840000
2009-12-01,63.509998
2009-12-02,63.880001
2009-12-03,64.160004
2009-12-04,64.360001
2009-12-07,64.370003
2009-12-08,64.250000
2009-12-09,64.379997
2009-12-10,64.769997
2009-12-11,64.849998
2009-12-14,64.959999
2009-12-15,64.739998
2009-12-16,64.800003
2009-12-17,64.470001
2009-12-18,64.370003
2009-12-21,64.330002
2009-12-22,64.529999
2009-12-23,64.570000
2009-12-24,64.699997
2009-12-28,64.940002
2009-12-29,64.940002
2009-12-30,64.910004
2009-12-31,64.410004
2010-01-04,64.680000
2010-01-05,63.930000
2010-01-06,64.449997
2010-01-07,63.990002
2010-01-08,64.209999
2010-01-11,64.220001
2010-01-12,64.559998
2010-01-13,64.970001
2010-01-14,65.099998
2010-01-15,64.559998
2010-01-19,65.349998
2010-01-20,65.150002
2010-01-21,63.970001
2010-01-22,63.200001
2010-01-25,63.220001
2010-01-26,62.790001
2010-01-27,63.439999
2010-01-28,63.799999
2010-01-29,62.860001
2010-02-01,63.090000
2010-02-02,63.990002
2010-02-03,63.630001
2010-02-04,62.639999
2010-02-05,62.639999
2010-02-08,62.369999
2010-02-09,62.759998
2010-02-10,62.730000
2010-02-11,62.910000
2010-02-12,62.720001
2010-02-16,63.610001
2010-02-17,63.980000
2010-02-18,64.529999
2010-02-19,63.810001
2010-02-22,63.490002
2010-02-23,63.310001
2010-02-24,63.450001
2010-02-25,63.279999
2010-02-26,63.000000
2010-03-01,63.389999
2010-03-02,63.439999
2010-03-03,63.400002
2010-03-04,63.570000
2010-03-05,64.040001
2010-03-08,64.199997
2010-03-09,64.269997
2010-03-10,64.290001
2010-03-11,64.220001
2010-03-12,64.180000
2010-03-15,64.570000
2010-03-16,64.529999
2010-03-17,64.650002
2010-03-18,65.059998
2010-03-19,65.110001
2010-03-22,65.099998
2010-03-23,65.360001
2010-03-24,64.750000
2010-03-25,64.570000
2010-03-26,64.379997
2010-03-29,64.820000
2010-03-30,64.900002
2010-03-31,65.199997
2010-04-01,65.769997
2010-04-05,65.400002
2010-04-06,65.309998
2010-04-07,65.220001
2010-04-08,64.930000
2010-04-09,65.139999
2010-04-12,65.110001
2010-04-13,65.680000
2010-04-14,65.489998
2010-04-15,65.510002
2010-04-16,65.019997
2010-04-19,66.029999
2010-04-20,65.989998
2010-04-21,65.389999
2010-04-22,64.779999
2010-04-23,65.040001
2010-04-26,64.760002
2010-04-27,64.279999
2010-04-28,64.620003
2010-04-29,65.010002
2010-04-30,64.300003
2010-05-03,65.330002
2010-05-04,64.699997
2010-05-05,65.139999
2010-05-06,63.400002
2010-05-07,63.310001
2010-05-10,64.750000
2010-05-11,64.669998
2010-05-12,64.900002
2010-05-13,64.669998
2010-05-14,63.970001
2010-05-17,63.880001
2010-05-18,62.970001
2010-05-19,62.220001
2010-05-20,60.549999
2010-05-21,60.880001
2010-05-24,60.570000
2010-05-25,60.349998
2010-05-26,59.660000
2010-05-27,59.029999
2010-05-28,58.299999
2010-06-01,58.759998
2010-06-02,59.730000
2010-06-03,59.770000
2010-06-04,58.009998
2010-06-07,58.000000
2010-06-08,58.639999
2010-06-09,58.169998
2010-06-10,58.500000
2010-06-11,58.459999
2010-06-14,58.419998
2010-06-15,59.139999
2010-06-16,59.240002
2010-06-17,59.180000
2010-06-18,59.180000
2010-06-21,59.130001
2010-06-22,59.160000
2010-06-23,59.240002
2010-06-24,59.599998
2010-06-25,58.700001
2010-06-28,59.450001
2010-06-29,59.240002
2010-06-30,59.060001
2010-07-01,59.070000
2010-07-02,59.080002
2010-07-06,59.080002
2010-07-07,60.610001
2010-07-08,61.380001
2010-07-09,60.540001
2010-07-12,60.209999
2010-07-13,60.500000
2010-07-14,60.619999
2010-07-15,60.259998
2010-07-16,59.439999
2010-07-19,59.570000
2010-07-20,58.580002
2010-07-21,57.119999
2010-07-22,57.020000
2010-07-23,57.630001
2010-07-26,57.740002
2010-07-27,58.099998
2010-07-28,57.830002
2010-07-29,57.830002
2010-07-30,58.090000
2010-08-02,58.720001
2010-08-03,59.349998
2010-08-04,59.740002
2010-08-05,59.759998
2010-08-06,59.959999
2010-08-09,60.049999
2010-08-10,59.430000
2010-08-11,58.500000
2010-08-12,58.520000
2010-08-13,58.150002
2010-08-16,58.009998
2010-08-17,59.220001
2010-08-18,59.349998
2010-08-19,58.720001
2010-08-20,58.740002
2010-08-23,58.869999
2010-08-24,58.009998
2010-08-25,57.980000
2010-08-26,57.799999
2010-08-27,57.599998
2010-08-30,57.299999
2010-08-31,57.020000
2010-09-01,58.290001
2010-09-02,58.610001
2010-09-03,58.930000
2010-09-07,58.700001
2010-09-08,58.849998
2010-09-09,59.820000
2010-09-10,59.980000
2010-09-13,60.320000
2010-09-14,60.580002
2010-09-15,61.049999
2010-09-16,61.290001
2010-09-17,61.570000
2010-09-20,62.090000
2010-09-21,61.939999
2010-09-22,61.970001
2010-09-23,61.810001
2010-09-24,62.139999
2010-09-27,62.029999
2010-09-28,62.430000
2010-09-29,62.310001
2010-09-30,61.959999
2010-10-01,61.750000
2010-10-04,61.669998
2010-10-05,62.799999
2010-10-06,63.209999
2010-10-07,63.220001
2010-10-08,63.230000
2010-10-11,63.299999
2010-10-12,63.290001
2010-10-13,63.580002
2010-10-14,63.740002
2010-10-15,63.570000
2010-10-18,63.860001
2010-10-19,63.290001
2010-10-20,63.599998
2010-10-21,63.990002
2010-10-22,63.810001
2010-10-25,63.980000
2010-10-26,63.840000
2010-10-27,63.570000
2010-10-28,63.560001
2010-10-29,63.740002
2010-11-01,63.689999
2010-11-02,63.880001
2010-11-03,64.190002
2010-11-04,64.760002
2010-11-05,64.650002
2010-11-08,64.330002
2010-11-09,64.309998
2010-11-10,63.950001
2010-11-11,63.919998
2010-11-12,63.669998
2010-11-15,64.139999
2010-11-16,63.139999
2010-11-17,63.060001
2010-11-18,63.830002
2010-11-19,63.830002
2010-11-22,63.619999
2010-11-23,62.869999
2010-11-24,63.290001
2010-11-26,62.299999
2010-11-29,61.910000
2010-11-30,61.549999
2010-12-01,62.419998
2010-12-02,62.599998
2010-12-03,62.560001
2010-12-06,62.200001
2010-12-07,62.310001
2010-12-08,62.450001
2010-12-09,62.060001
2010-12-10,61.910000
2010-12-13,61.860001
2010-12-14,62.770000
2010-12-15,62.570000
2010-12-16,62.400002
2010-12-17,62.540001
2010-12-20,62.490002
2010-12-21,62.340000
2010-12-22,62.020000
2010-12-23,62.250000
2010-12-27,61.930000
2010-12-28,62.049999
2010-12-29,62.130001
2010-12-30,61.939999
2010-12-31,61.849998
2011-01-03,62.820000
2011-01-04,63.349998
2011-01-05,63.310001
2011-01-06,63.209999
2011-01-07,62.599998
2011-01-10,62.160000
2011-01-11,62.270000
2011-01-12,62.500000
2011-01-13,62.910000
2011-01-14,62.549999
2011-01-18,62.099998
2011-01-19,62.560001
2011-01-20,62.860001
2011-01-21,62.660000
2011-01-24,62.220001
2011-01-25,61.080002
2011-01-26,60.599998
2011-01-27,60.680000
2011-01-28,60.009998
2011-01-31,59.770000
2011-02-01,60.630001
2011-02-02,60.619999
2011-02-03,60.799999
2011-02-04,60.840000
2011-02-07,60.869999
2011-02-08,60.939999
2011-02-09,60.880001
2011-02-10,60.930000
2011-02-11,60.700001
2011-02-14,60.700001
2011-02-15,60.619999
2011-02-16,60.520000
2011-02-17,60.790001
2011-02-18,61.110001
2011-02-22,60.650002
2011-02-23,60.389999
2011-02-24,60.250000
2011-02-25,59.639999
2011-02-28,61.439999
2011-03-01,60.700001
2011-03-02,60.810001
2011-03-03,61.049999
2011-03-04,61.060001
2011-03-07,60.400002
2011-03-08,60.709999
2011-03-09,60.400002
2011-03-10,59.610001
2011-03-11,59.689999
2011-03-14,59.130001
2011-03-15,58.480000
2011-03-16,57.660000
2011-03-17,58.130001
2011-03-18,58.570000
2011-03-21,58.830002
2011-03-22,58.790001
2011-03-23,58.720001
2011-03-24,59.029999
2011-03-25,58.980000
2011-03-28,59.240002
2011-03-29,59.220001
2011-03-30,59.380001
2011-03-31,59.250000
2011-04-01,59.490002
2011-04-04,60.150002
2011-04-05,59.799999
2011-04-06,59.660000
2011-04-07,59.480000
2011-04-08,59.459999
2011-04-11,59.860001
2011-04-12,59.939999
2011-04-13,59.599998
2011-04-14,60.020000
2011-04-15,60.560001
2011-04-18,60.459999
2011-04-19,62.689999
2011-04-20,64.389999
2011-04-21,64.070000
2011-04-25,64.110001
2011-04-26,64.949997
2011-04-27,65.570000
2011-04-28,65.379997
2011-04-29,65.720001
2011-05-02,66.209999
2011-05-03,66.260002
2011-05-04,65.669998
2011-05-05,65.010002
2011-05-06,65.269997
2011-05-09,65.629997
2011-05-10,65.760002
2011-05-11,66.570000
2011-05-12,67.190002
2011-05-13,66.620003
2011-05-16,66.370003
2011-05-17,66.400002
2011-05-18,66.500000
2011-05-19,66.389999
2011-05-20,65.690002
2011-05-23,65.559998
2011-05-24,65.779999
2011-05-25,66.290001
2011-05-26,65.510002
2011-05-27,66.769997
2011-05-31,67.290001
2011-06-01,66.480003
2011-06-02,66.480003
2011-06-03,66.089996
2011-06-06,66.050003
2011-06-07,65.500000
2011-06-08,66.139999
2011-06-09,66.779999
2011-06-10,66.089996
2011-06-13,66.589996
2011-06-14,67.099998
2011-06-15,66.160004
2011-06-16,66.320000
2011-06-17,66.290001
2011-06-20,66.510002
2011-06-21,66.489998
2011-06-22,66.070000
2011-06-23,65.669998
2011-06-24,65.059998
2011-06-27,65.250000
2011-06-28,65.910004
2011-06-29,66.309998
2011-06-30,66.519997
2011-07-01,67.300003
2011-07-05,67.620003
2011-07-06,67.550003
2011-07-07,67.919998
2011-07-08,67.570000
2011-07-11,67.269997
2011-07-12,67.029999
2011-07-13,67.629997
2011-07-14,67.660004
2011-07-15,67.449997
2011-07-18,67.089996
2011-07-19,66.720001
2011-07-20,66.239998
2011-07-21,66.470001
2011-07-22,66.720001
2011-07-25,66.250000
2011-07-26,65.919998
2011-07-27,65.230003
2011-07-28,65.080002
2011-07-29,64.790001
2011-08-01,64.410004
2011-08-02,63.430000
2011-08-03,63.410000
2011-08-04,61.840000
2011-08-05,62.709999
2011-08-08,61.119999
2011-08-09,62.200001
2011-08-10,60.200001
2011-08-11,63.439999
2011-08-12,63.360001
2011-08-15,64.589996
2011-08-16,64.360001
2011-08-17,64.260002
2011-08-18,63.160000
2011-08-19,63.139999
2011-08-22,63.290001
2011-08-23,64.970001
2011-08-24,65.529999
2011-08-25,64.550003
2011-08-26,64.279999
2011-08-29,65.860001
2011-08-30,65.769997
2011-08-31,65.800003
2011-09-01,65.330002
2011-09-02,64.070000
2011-09-06,64.639999
2011-09-07,65.430000
2011-09-08,64.949997
2011-09-09,63.639999
2011-09-12,63.590000
2011-09-13,63.610001
2011-09-14,63.730000
2011-09-15,64.400002
2011-09-16,64.589996
2011-09-19,64.139999
2011-09-20,64.220001
2011-09-21,63.130001
2011-09-22,61.919998
2011-09-23,61.590000
2011-09-26,62.689999
2011-09-27,63.820000
2011-09-28,63.250000
2011-09-29,63.900002
2011-09-30,63.689999
2011-10-03,62.080002
2011-10-04,62.169998
2011-10-05,62.349998
2011-10-06,62.810001
2011-10-07,63.130001
2011-10-10,64.430000
2011-10-11,63.959999
2011-10-12,64.330002
2011-10-13,64.230003
2011-10-14,64.720001
2011-10-17,63.790001
2011-10-18,64.419998
2011-10-19,62.639999
2011-10-20,62.529999
2011-10-21,63.779999
2011-10-24,64.730003
2011-10-25,63.689999
2011-10-26,64.489998
2011-10-27,65.500000
2011-10-28,65.599998
2011-10-31,64.389999
2011-11-01,63.380001
2011-11-02,63.639999
2011-11-03,64.339996
2011-11-04,64.120003
2011-11-07,64.000000
2011-11-08,64.860001
2011-11-09,63.529999
2011-11-10,64.120003
2011-11-11,65.250000
2011-11-14,64.910004
2011-11-15,64.989998
2011-11-16,64.400002
2011-11-17,63.939999
2011-11-18,63.849998
2011-11-21,62.939999
2011-11-22,62.900002
2011-11-23,61.990002
2011-11-25,61.270000
2011-11-28,62.369999
2011-11-29,62.779999
2011-11-30,64.720001
2011-12-01,64.449997
2011-12-02,63.470001
2011-12-05,63.360001
2011-12-06,63.490002
2011-12-07,64.449997
2011-12-08,63.779999
2011-12-09,64.529999
2011-12-12,63.509998
2011-12-13,63.360001
2011-12-14,63.180000
2011-12-15,64.000000
2011-12-16,64.300003
2011-12-19,63.529999
2011-12-20,64.519997
2011-12-21,64.959999
2011-12-22,65.180000
2011-12-23,65.980003
2011-12-27,66.019997
2011-12-28,65.449997
2011-12-29,65.879997
2011-12-30,65.580002
2012-01-03,65.879997
2012-01-04,65.480003
2012-01-05,65.400002
2012-01-06,64.830002
2012-01-09,64.930000
2012-01-10,65.199997
2012-01-11,65.129997
2012-01-12,65.230003
2012-01-13,65.260002
2012-01-17,65.120003
2012-01-18,65.279999
2012-01-19,65.190002
2012-01-20,65.269997
2012-01-23,65.000000
2012-01-24,65.000000
2012-01-25,65.220001
2012-01-26,65.699997
2012-01-27,65.559998
2012-01-30,65.709999
2012-01-31,65.910004
2012-02-01,65.690002
2012-02-02,65.589996
2012-02-03,65.639999
2012-02-06,65.190002
2012-02-07,65.260002
2012-02-08,65.239998
2012-02-09,64.889999
2012-02-10,64.599998
2012-02-13,64.680000
2012-02-14,64.610001
2012-02-15,64.650002
2012-02-16,64.919998
2012-02-17,64.989998
2012-02-21,65.040001
2012-02-22,65.000000
2012-02-23,65.099998
2012-02-24,64.459999
2012-02-27,64.449997
2012-02-28,65.180000
2012-02-29,65.080002
2012-03-01,64.830002
2012-03-02,64.769997
2012-03-05,64.910004
2012-03-06,64.349998
2012-03-07,64.300003
2012-03-08,64.849998
2012-03-09,64.739998
2012-03-12,65.099998
2012-03-13,65.330002
2012-03-14,65.080002
2012-03-15,65.070000
2012-03-16,65.120003
2012-03-19,65.209999
2012-03-20,64.959999
2012-03-21,64.760002
2012-03-22,64.459999
2012-03-23,64.550003
2012-03-26,65.169998
2012-03-27,65.400002
2012-03-28,65.620003
2012-03-29,65.540001
2012-03-30,65.959999
2012-04-02,66.209999
2012-04-03,65.879997
2012-04-04,65.389999
2012-04-05,65.339996
2012-04-09,64.919998
2012-04-10,64.199997
2012-04-11,64.129997
2012-04-12,64.150002
2012-04-13,63.540001
2012-04-16,63.980000
2012-04-17,64.220001
2012-04-18,63.259998
2012-04-19,63.029999
2012-04-20,63.709999
2012-04-23,63.369999
2012-04-24,63.770000
2012-04-25,64.430000
2012-04-26,64.750000
2012-04-27,64.839996
2012-04-30,65.099998
2012-05-01,65.220001
2012-05-02,65.330002
2012-05-03,65.339996
2012-05-04,64.739998
2012-05-07,64.800003
2012-05-08,64.980003
2012-05-09,64.279999
2012-05-10,64.570000
2012-05-11,64.339996
2012-05-14,63.930000
2012-05-15,63.610001
2012-05-16,63.709999
2012-05-17,63.549999
2012-05-18,63.349998
2012-05-21,63.470001
2012-05-22,63.520000
2012-05-23,63.270000
2012-05-24,63.099998
2012-05-25,62.509998
2012-05-29,62.590000
2012-05-30,62.209999
2012-05-31,62.430000
2012-06-01,61.779999
2012-06-04,62.340000
2012-06-05,62.209999
2012-06-06,62.799999
2012-06-07,62.799999
2012-06-08,62.980000
2012-06-11,62.119999
2012-06-12,63.080002
2012-06-13,64.449997
2012-06-14,65.449997
2012-06-15,66.010002
2012-06-18,66.300003
2012-06-19,66.720001
2012-06-20,67.000000
2012-06-21,66.389999
2012-06-22,66.629997
2012-06-25,66.500000
2012-06-26,66.419998
2012-06-27,66.839996
2012-06-28,66.940002
2012-06-29,67.559998
2012-07-02,68.000000
2012-07-03,68.040001
2012-07-05,67.779999
2012-07-06,67.639999
2012-07-09,67.779999
2012-07-10,67.879997
2012-07-11,67.900002
2012-07-12,67.709999
2012-07-13,68.610001
2012-07-16,68.449997
2012-07-17,69.000000
2012-07-18,69.370003
2012-07-19,69.529999
2012-07-20,68.629997
2012-07-23,68.110001
2012-07-24,67.349998
2012-07-25,67.529999
2012-07-26,68.739998
2012-07-27,69.519997
2012-07-30,69.449997
2012-07-31,69.220001
2012-08-01,69.379997
2012-08-02,68.449997
2012-08-03,69.120003
2012-08-06,68.839996
2012-08-07,68.290001
2012-08-08,68.349998
2012-08-09,68.320000
2012-08-10,68.639999
2012-08-13,68.459999
2012-08-14,68.639999
2012-08-15,68.349998
2012-08-16,68.199997
2012-08-17,67.800003
2012-08-20,67.699997
2012-08-21,67.779999
2012-08-22,67.750000
2012-08-23,67.739998
2012-08-24,67.599998
2012-08-27,67.489998
2012-08-28,67.510002
2012-08-29,67.370003
2012-08-30,67.209999
2012-08-31,67.430000
2012-09-04,67.260002
2012-09-05,67.269997
2012-09-06,67.839996
2012-09-07,67.879997
2012-09-10,68.180000
2012-09-11,68.199997
2012-09-12,68.150002
2012-09-13,68.989998
2012-09-14,68.470001
2012-09-17,68.250000
2012-09-18,68.550003
2012-09-19,68.599998
2012-09-20,68.900002
2012-09-21,69.059998
2012-09-24,69.000000
2012-09-25,69.320000
2012-09-26,69.000000
2012-09-27,69.010002
2012-09-28,68.910004
2012-10-01,69.129997
2012-10-02,68.959999
2012-10-03,69.000000
2012-10-04,69.269997
2012-10-05,69.650002
2012-10-08,69.440002
2012-10-09,68.410004
2012-10-10,68.220001
2012-10-11,67.970001
2012-10-12,67.970001
2012-10-15,68.599998
2012-10-16,69.550003
2012-10-17,71.000000
2012-10-18,72.519997
2012-10-19,71.860001
2012-10-22,71.779999
2012-10-23,70.889999
2012-10-24,70.739998
2012-10-25,71.139999
2012-10-26,70.900002
2012-10-31,70.820000
2012-11-01,71.500000
2012-11-02,70.900002
2012-11-05,70.790001
2012-11-06,71.010002
2012-11-07,70.339996
2012-11-08,69.650002
2012-11-09,69.870003
2012-11-12,69.680000
2012-11-13,69.510002
2012-11-14,69.269997
2012-11-15,69.070000
2012-11-16,69.190002
2012-11-19,69.250000
2012-11-20,69.669998
2012-11-21,69.589996
2012-11-23,69.559998
2012-11-26,69.089996
2012-11-27,68.809998
2012-11-28,69.290001
2012-11-29,69.220001
2012-11-30,69.730003
2012-12-03,69.650002
2012-12-04,69.860001
2012-12-05,69.970001
2012-12-06,70.050003
2012-12-07,70.449997
2012-12-10,70.599998
2012-12-11,71.099998
2012-12-12,70.959999
2012-12-13,70.750000
2012-12-14,70.690002
2012-12-17,70.940002
2012-12-18,70.949997
2012-12-19,70.629997
2012-12-20,70.750000
2012-12-21,70.269997
2012-12-24,70.019997
2012-12-26,70.169998
2012-12-27,70.089996
2012-12-28,69.480003
2012-12-31,70.099998
2013-01-02,70.839996
2013-01-03,70.739998
2013-01-04,71.550003
2013-01-07,71.400002
2013-01-08,71.410004
2013-01-09,71.730003
2013-01-10,72.190002
2013-01-11,72.349998
2013-01-14,72.559998
2013-01-15,72.370003
2013-01-16,72.580002
2013-01-17,72.900002
2013-01-18,73.230003
2013-01-22,72.690002
2013-01-23,72.849998
2013-01-24,73.099998
2013-01-25,73.919998
2013-01-28,73.620003
2013-01-29,74.410004
2013-01-30,74.089996
2013-01-31,73.919998
2013-02-01,74.180000
2013-02-04,74.110001
2013-02-05,74.660004
2013-02-06,75.389999
2013-02-07,75.059998
2013-02-08,75.480003
2013-02-11,75.410004
2013-02-12,75.800003
2013-02-13,75.660004
2013-02-14,75.809998
2013-02-15,76.160004
2013-02-19,76.959999
2013-02-20,76.650002
2013-02-21,76.870003
2013-02-22,76.250000
2013-02-25,75.570000
2013-02-26,75.750000
2013-02-27,76.320000
2013-02-28,76.110001
2013-03-01,76.699997
2013-03-04,77.199997
2013-03-05,77.660004
2013-03-06,77.389999
2013-03-07,77.750000
2013-03-08,78.190002
2013-03-11,78.440002
2013-03-12,78.559998
2013-03-13,78.550003
2013-03-14,79.099998
2013-03-15,79.190002
2013-03-18,78.809998
2013-03-19,78.860001
2013-03-20,79.449997
2013-03-21,79.010002
2013-03-22,79.739998
2013-03-25,79.680000
2013-03-26,80.849998
2013-03-27,81.269997
2013-03-28,81.529999
2013-04-01,81.930000
2013-04-02,82.690002
2013-04-03,82.070000
2013-04-04,82.410004
2013-04-05,82.040001
2013-04-08,81.110001
2013-04-09,81.519997
2013-04-10,82.019997
2013-04-11,82.320000
2013-04-12,82.739998
2013-04-15,81.709999
2013-04-16,83.440002
2013-04-17,83.900002
2013-04-18,83.180000
2013-04-19,84.489998
2013-04-22,84.830002
2013-04-23,85.449997
2013-04-24,84.389999
2013-04-25,85.220001
2013-04-26,85.120003
2013-04-29,85.580002
2013-04-30,85.230003
2013-05-01,84.230003
2013-05-02,85.160004
2013-05-03,85.750000
2013-05-06,84.680000
2013-05-07,85.529999
2013-05-08,85.459999
2013-05-09,85.150002
2013-05-10,85.760002
2013-05-13,85.849998
2013-05-14,86.970001
2013-05-15,87.639999
2013-05-16,87.449997
2013-05-17,88.089996
2013-05-20,88.010002
2013-05-21,88.589996
2013-05-22,88.459999
2013-05-23,87.209999
2013-05-24,86.820000
2013-05-28,87.610001
2013-05-29,85.650002
2013-05-30,85.989998
2013-05-31,84.180000
2013-06-03,84.709999
2013-06-04,84.099998
2013-06-05,83.680000
2013-06-06,84.459999
2013-06-07,84.910004
2013-06-10,85.139999
2013-06-11,84.690002
2013-06-12,83.739998
2013-06-13,84.910004
2013-06-14,84.910004
2013-06-17,85.629997
2013-06-18,86.360001
2013-06-19,84.860001
2013-06-20,82.620003
2013-06-21,83.199997
2013-06-24,84.610001
2013-06-25,85.349998
2013-06-26,86.989998
2013-06-27,86.709999
2013-06-28,85.860001
2013-07-01,86.629997
2013-07-02,86.570000
2013-07-03,86.779999
2013-07-05,87.870003
2013-07-08,88.589996
2013-07-09,88.879997
2013-07-10,89.239998
2013-07-11,89.669998
2013-07-12,89.989998
2013-07-15,90.400002
2013-07-16,90.400002
2013-07-17,90.129997
2013-07-18,90.169998
2013-07-19,92.230003
2013-07-22,92.279999
2013-07-23,92.419998
2013-07-24,92.360001
2013-07-25,92.570000
2013-07-26,92.830002
2013-07-29,93.209999
2013-07-30,93.169998
2013-07-31,93.500000
2013-08-01,93.769997
2013-08-02,94.389999
2013-08-05,93.800003
2013-08-06,93.809998
2013-08-07,93.660004
2013-08-08,93.339996
2013-08-09,92.360001
2013-08-12,92.000000
2013-08-13,93.010002
2013-08-14,90.699997
2013-08-15,89.550003
2013-08-16,89.370003
2013-08-19,90.449997
2013-08-20,89.730003
2013-08-21,88.800003
2013-08-22,88.260002
2013-08-23,88.410004
2013-08-26,87.529999
2013-08-27,86.169998
2013-08-28,86.529999
2013-08-29,86.570000
2013-08-30,86.410004
2013-09-03,86.419998
2013-09-04,86.900002
2013-09-05,87.040001
2013-09-06,87.160004
2013-09-09,87.559998
2013-09-10,88.529999
2013-09-11,89.230003
2013-09-12,89.010002
2013-09-13,88.570000
2013-09-16,89.029999
2013-09-17,89.059998
2013-09-18,89.910004
2013-09-19,90.070000
2013-09-20,89.680000
2013-09-23,89.089996
2013-09-24,88.220001
2013-09-25,87.080002
2013-09-26,87.070000
2013-09-27,86.730003
2013-09-30,86.690002
2013-10-01,87.470001
2013-10-02,87.290001
2013-10-03,86.580002
2013-10-04,87.309998
2013-10-07,86.589996
2013-10-08,85.610001
2013-10-09,85.959999
2013-10-10,87.779999
2013-10-11,89.449997
2013-10-14,89.800003
2013-10-15,89.930000
2013-10-16,91.110001
2013-10-17,91.970001
2013-10-18,91.629997
2013-10-21,91.199997
2013-10-22,92.360001
2013-10-23,92.099998
2013-10-24,92.349998
2013-10-25,92.089996
2013-10-28,92.389999
2013-10-29,93.139999
2013-10-30,92.790001
2013-10-31,92.610001
2013-11-01,93.370003
2013-11-04,93.029999
2013-11-05,92.809998
2013-11-06,93.040001
2013-11-07,92.690002
2013-11-08,94.050003
2013-11-11,94.290001
2013-11-12,93.559998
2013-11-13,93.339996
2013-11-14,93.919998
2013-11-15,94.389999
2013-11-18,94.300003
2013-11-19,94.860001
2013-11-20,95.150002
2013-11-21,95.199997
2013-11-22,95.250000
2013-11-25,95.629997
2013-11-26,95.059998
2013-11-27,94.980003
2013-11-29,94.660004
2013-12-02,94.279999
2013-12-03,93.970001
2013-12-04,93.629997
2013-12-05,92.970001
2013-12-06,94.440002
2013-12-09,94.440002
2013-12-10,94.139999
2013-12-11,93.110001
2013-12-12,91.160004
2013-12-13,91.349998
2013-12-16,91.370003
2013-12-17,90.660004
2013-12-18,92.639999
2013-12-19,91.980003
2013-12-20,92.089996
2013-12-23,92.029999
2013-12-24,92.059998
2013-12-26,92.540001
2013-12-27,92.349998
2013-12-30,92.300003
2013-12-31,91.589996
2014-01-02,91.029999
2014-01-03,91.849998
2014-01-06,92.330002
2014-01-07,94.290001
2014-01-08,94.160004
2014-01-09,94.730003
2014-01-10,94.739998
2014-01-13,94.500000
2014-01-14,94.720001
2014-01-15,94.800003
2014-01-16,94.639999
2014-01-17,95.059998
2014-01-21,94.029999
2014-01-22,94.320000
2014-01-23,92.739998
2014-01-24,90.610001
2014-01-27,89.940002
2014-01-28,90.099998
2014-01-29,88.900002
2014-01-30,89.500000
2014-01-31,88.470001
2014-02-03,86.779999
2014-02-04,86.620003
2014-02-05,87.279999
2014-02-06,88.750000
2014-02-07,90.040001
2014-02-10,91.070000
2014-02-11,92.970001
2014-02-12,92.419998
2014-02-13,92.559998
2014-02-14,92.760002
2014-02-18,92.169998
2014-02-19,91.639999
2014-02-20,92.379997
2014-02-21,91.519997
2014-02-24,91.110001
2014-02-25,91.110001
2014-02-26,91.110001
2014-02-27,91.360001
2014-02-28,92.120003
2014-03-03,91.559998
2014-03-04,93.339996
2014-03-05,92.589996
2014-03-06,92.889999
2014-03-07,93.320000
2014-03-10,93.449997
2014-03-11,93.489998
2014-03-12,93.599998
2014-03-13,93.000000
2014-03-14,92.809998
2014-03-17,93.930000
2014-03-18,93.940002
2014-03-19,93.589996
2014-03-20,94.120003
2014-03-21,95.930000
2014-03-24,95.199997
2014-03-25,97.379997
2014-03-26,97.050003
2014-03-27,97.279999
2014-03-28,97.440002
2014-03-31,98.230003
2014-04-01,97.940002
2014-04-02,98.230003
2014-04-03,98.260002
2014-04-04,98.419998
2014-04-07,97.889999
2014-04-08,98.059998
2014-04-09,98.949997
2014-04-10,96.540001
2014-04-11,96.870003
2014-04-14,97.139999
2014-04-15,99.199997
2014-04-16,98.750000
2014-04-17,98.959999
2014-04-21,100.000000
2014-04-22,100.180000
2014-04-23,100.220001
2014-04-24,99.959999
2014-04-25,99.790001
2014-04-28,101.339996
2014-04-29,101.029999
2014-04-30,101.290001
2014-05-01,100.529999
2014-05-02,99.309998
2014-05-05,100.000000
2014-05-06,99.510002
2014-05-07,100.910004
2014-05-08,100.500000
2014-05-09,100.910004
2014-05-12,100.519997
2014-05-13,101.019997
2014-05-14,100.870003
2014-05-15,100.690002
2014-05-16,100.580002
2014-05-19,100.639999
2014-05-20,100.250000
2014-05-21,101.139999
2014-05-22,100.959999
2014-05-23,100.980003
2014-05-27,100.809998
2014-05-28,100.300003
2014-05-29,100.760002
2014-05-30,101.459999
2014-06-02,102.169998
2014-06-03,102.459999
2014-06-04,102.680000
2014-06-05,103.220001
2014-06-06,103.180000
2014-06-09,103.220001
2014-06-10,104.099998
2014-06-11,103.320000
2014-06-12,102.529999
2014-06-13,102.529999
2014-06-16,102.449997
2014-06-17,101.930000
2014-06-18,102.809998
2014-06-19,103.809998
2014-06-20,105.269997
2014-06-23,104.750000
2014-06-24,104.589996
2014-06-25,105.760002
2014-06-26,105.650002
2014-06-27,104.989998
2014-06-30,104.620003
2014-07-01,105.870003
2014-07-02,105.860001
2014-07-03,105.419998
2014-07-07,106.470001
2014-07-08,105.720001
2014-07-09,106.040001
2014-07-10,105.800003
2014-07-11,105.099998
2014-07-14,105.379997
2014-07-15,103.279999
2014-07-16,102.220001
2014-07-17,100.370003
2014-07-18,101.800003
2014-07-21,101.269997
2014-07-22,102.470001
2014-07-23,102.190002
2014-07-24,102.199997
2014-07-25,102.110001
2014-07-28,102.110001
2014-07-29,101.959999
2014-07-30,102.300003
2014-07-31,100.089996
2014-08-01,99.900002
2014-08-04,100.160004
2014-08-05,99.820000
2014-08-06,100.709999
2014-08-07,99.930000
2014-08-08,101.080002
2014-08-11,101.160004
2014-08-12,100.629997
2014-08-13,101.739998
2014-08-14,102.019997
2014-08-15,101.169998
2014-08-18,102.699997
2014-08-19,102.959999
2014-08-20,103.209999
2014-08-21,104.190002
2014-08-22,103.099998
2014-08-25,103.230003
2014-08-26,103.440002
2014-08-27,103.220001
2014-08-28,102.949997
2014-08-29,103.730003
2014-09-02,103.360001
2014-09-03,103.760002
2014-09-04,103.839996
2014-09-05,104.419998
2014-09-08,104.050003
2014-09-09,103.800003
2014-09-10,104.989998
2014-09-11,104.550003
2014-09-12,104.580002
2014-09-15,104.720001
2014-09-16,105.879997
2014-09-17,106.190002
2014-09-18,107.349998
2014-09-19,107.989998
2014-09-22,107.879997
2014-09-23,107.459999
2014-09-24,108.639999
2014-09-25,107.099998
2014-09-26,107.099998
2014-09-29,106.540001
2014-09-30,106.589996
2014-10-01,104.300003
2014-10-02,103.849998
2014-10-03,105.129997
2014-10-06,104.860001
2014-10-07,102.389999
2014-10-08,104.910004
2014-10-09,102.080002
2014-10-10,101.230003
2014-10-13,99.120003
2014-10-14,97.010002
2014-10-15,98.209999
2014-10-16,96.779999
2014-10-17,98.699997
2014-10-20,99.199997
2014-10-21,100.360001
2014-10-22,101.220001
2014-10-23,102.629997
2014-10-24,103.129997
2014-10-27,104.070000
2014-10-28,104.790001
2014-10-29,105.559998
2014-10-30,107.040001
2014-10-31,107.779999
2014-11-03,107.459999
2014-11-04,108.620003
2014-11-05,108.820000
2014-11-06,109.010002
2014-11-07,108.199997
2014-11-10,108.820000
2014-11-11,108.910004
2014-11-12,108.750000
2014-11-13,109.070000
2014-11-14,108.160004
2014-11-17,108.300003
2014-11-18,108.830002
2014-11-19,108.760002
2014-11-20,108.180000
2014-11-21,107.860001
2014-11-24,106.879997
2014-11-25,106.699997
2014-11-26,107.209999
2014-11-28,108.250000
2014-12-01,108.029999
2014-12-02,108.510002
2014-12-03,107.720001
2014-12-04,107.559998
2014-12-05,108.510002
2014-12-08,108.519997
2014-12-09,108.050003
2014-12-10,106.239998
2014-12-11,106.720001
2014-12-12,104.430000
2014-12-15,103.959999
2014-12-16,102.760002
2014-12-17,104.070000
2014-12-18,106.809998
2014-12-19,105.550003
2014-12-22,106.739998
2014-12-23,104.279999
2014-12-24,104.589996
2014-12-26,105.059998
2014-12-29,105.330002
2014-12-30,105.360001
2014-12-31,104.570000
2015-01-02,104.519997
2015-01-05,103.790001
2015-01-06,103.279999
2015-01-07,105.559998
2015-01-08,106.389999
2015-01-09,104.940002
2015-01-12,104.580002
2015-01-13,104.760002
2015-01-14,104.000000
2015-01-15,102.489998
2015-01-16,104.040001
2015-01-20,101.290001
2015-01-21,101.900002
2015-01-22,103.760002
2015-01-23,102.199997
2015-01-26,102.260002
2015-01-27,102.089996
2015-01-28,101.480003
2015-01-29,102.379997
2015-01-30,100.139999
2015-02-02,100.830002
2015-02-03,102.459999
2015-02-04,101.360001
2015-02-05,102.459999
2015-02-06,101.099998
2015-02-09,99.779999
2015-02-10,100.349998
2015-02-11,100.379997
2015-02-12,98.440002
2015-02-13,99.620003
2015-02-17,100.440002
2015-02-18,99.959999
2015-02-19,100.699997
2015-02-20,100.260002
2015-02-23,100.180000
2015-02-24,100.699997
2015-02-25,101.209999
2015-02-26,102.800003
2015-02-27,102.510002
2015-03-02,103.220001
2015-03-03,102.339996
2015-03-04,101.650002
2015-03-05,102.519997
2015-03-06,100.110001
2015-03-09,100.660004
2015-03-10,99.529999
2015-03-11,98.320000
2015-03-12,99.830002
2015-03-13,99.209999
2015-03-16,101.059998
2015-03-17,99.889999
2015-03-18,101.459999
2015-03-19,101.690002
2015-03-20,102.400002
2015-03-23,102.980003
2015-03-24,101.959999
2015-03-25,100.339996
2015-03-26,100.139999
2015-03-27,100.339996
2015-03-30,101.550003
2015-03-31,100.599998
2015-04-01,99.150002
2015-04-02,99.639999
2015-04-06,99.160004
2015-04-07,100.099998
2015-04-08,100.160004
2015-04-09,101.330002
2015-04-10,102.059998
2015-04-13,100.550003
2015-04-14,100.519997
2015-04-15,100.599998
2015-04-16,99.790001
2015-04-17,99.580002
2015-04-20,100.209999
2015-04-21,100.300003
2015-04-22,100.430000
2015-04-23,100.459999
2015-04-24,101.080002
2015-04-27,100.580002
2015-04-28,100.739998
2015-04-29,100.389999
2015-04-30,99.199997
2015-05-01,100.129997
2015-05-04,100.349998
2015-05-05,99.500000
2015-05-06,99.169998
2015-05-07,99.660004
2015-05-08,101.470001
2015-05-11,101.029999
2015-05-12,100.470001
2015-05-13,100.550003
2015-05-14,101.830002
2015-05-15,102.300003
2015-05-18,103.419998
2015-05-19,103.959999
2015-05-20,103.599998
2015-05-21,102.419998
2015-05-22,101.349998
2015-05-26,100.820000
2015-05-27,101.129997
2015-05-28,101.150002
2015-05-29,100.139999
2015-06-01,100.040001
2015-06-02,99.980003
2015-06-03,100.089996
2015-06-04,99.230003
2015-06-05,98.589996
2015-06-08,97.959999
2015-06-09,98.209999
2015-06-10,98.879997
2015-06-11,99.239998
2015-06-12,98.349998
2015-06-15,97.489998
2015-06-16,98.360001
2015-06-17,98.730003
2015-06-18,100.360001
2015-06-19,99.860001
2015-06-22,100.089996
2015-06-23,99.779999
2015-06-24,99.330002
2015-06-25,99.120003
2015-06-26,99.639999
2015-06-29,97.680000
2015-06-30,97.459999
2015-07-01,98.470001
2015-07-02,98.440002
2015-07-06,98.199997
2015-07-07,98.919998
2015-07-08,97.769997
2015-07-09,98.400002
2015-07-10,99.529999
2015-07-13,100.269997
2015-07-14,99.779999
2015-07-15,100.419998
2015-07-16,101.110001
2015-07-17,100.080002
2015-07-20,100.370003
2015-07-21,100.339996
2015-07-22,100.180000
2015-07-23,100.199997
2015-07-24,99.150002
2015-07-27,98.279999
2015-07-28,99.019997
2015-07-29,99.730003
2015-07-30,99.839996
2015-07-31,100.209999
2015-08-03,100.019997
2015-08-04,99.800003
2015-08-05,100.519997
2015-08-06,99.070000
2015-08-07,98.849998
2015-08-10,99.790001
2015-08-11,99.010002
2015-08-12,98.709999
2015-08-13,98.480003
2015-08-14,98.809998
2015-08-17,99.870003
2015-08-18,99.370003
2015-08-19,99.309998
2015-08-20,98.790001
2015-08-21,95.559998
2015-08-24,92.820000
2015-08-25,90.730003
2015-08-26,95.110001
2015-08-27,96.220001
2015-08-28,95.169998
2015-08-31,93.980003
2015-09-01,92.089996
2015-09-02,93.349998
2015-09-03,92.639999
2015-09-04,91.309998
2015-09-08,93.940002
2015-09-09,92.220001
2015-09-10,92.720001
2015-09-11,92.930000
2015-09-14,93.320000
2015-09-15,94.400002
2015-09-16,94.610001
2015-09-17,94.839996
2015-09-18,93.389999
2015-09-21,93.129997
2015-09-22,93.239998
2015-09-23,92.989998
2015-09-24,92.480003
2015-09-25,91.000000
2015-09-28,91.370003
2015-09-29,93.040001
2015-09-30,93.349998
2015-10-01,93.169998
2015-10-02,93.930000
2015-10-05,94.760002
2015-10-06,93.419998
2015-10-07,94.980003
2015-10-08,95.080002
2015-10-09,95.370003
2015-10-12,95.989998
2015-10-13,95.449997
2015-10-14,94.529999
2015-10-15,97.150002
2015-10-16,98.239998
2015-10-19,97.940002
2015-10-20,97.589996
2015-10-21,97.629997
2015-10-22,99.529999
2015-10-23,100.309998
2015-10-26,99.940002
2015-10-27,100.190002
2015-10-28,100.480003
2015-10-29,101.370003
2015-10-30,101.029999
2015-11-02,102.169998
2015-11-03,101.959999
2015-11-04,101.940002
2015-11-05,102.330002
2015-11-06,101.919998
2015-11-09,100.839996
2015-11-10,101.449997
2015-11-11,101.860001
2015-11-12,100.269997
2015-11-13,99.879997
2015-11-16,101.220001
2015-11-17,101.500000
2015-11-18,102.669998
2015-11-19,102.489998
2015-11-20,102.480003
2015-11-23,102.769997
2015-11-24,102.040001
2015-11-25,101.959999
2015-11-27,102.370003
2015-11-30,101.239998
2015-12-01,102.360001
2015-12-02,102.050003
2015-12-03,100.790001
2015-12-04,102.949997
2015-12-07,103.320000
2015-12-08,102.419998
2015-12-09,102.150002
2015-12-10,102.639999
2015-12-11,101.680000
2015-12-14,102.150002
2015-12-15,104.129997
2015-12-16,105.250000
2015-12-17,103.639999
2015-12-18,101.949997
2015-12-21,101.580002
2015-12-22,102.709999
2015-12-23,103.489998
2015-12-24,103.720001
2015-12-28,103.220001
2015-12-29,104.029999
2015-12-30,103.779999
2015-12-31,102.720001
2016-01-04,100.480003
2016-01-05,100.900002
2016-01-06,100.389999
2016-01-07,99.220001
2016-01-08,98.160004
2016-01-11,97.570000
2016-01-12,98.239998
2016-01-13,97.019997
2016-01-14,98.889999
2016-01-15,97.000000
2016-01-19,97.500000
2016-01-20,95.750000
2016-01-21,95.940002
2016-01-22,96.750000
2016-01-25,96.400002
2016-01-26,101.180000
2016-01-27,102.160004
2016-01-28,102.269997
2016-01-29,104.440002
2016-02-01,104.370003
2016-02-02,103.410004
2016-02-03,104.139999
2016-02-04,103.900002
2016-02-05,100.540001
2016-02-08,102.000000
2016-02-09,101.970001
2016-02-10,101.730003
2016-02-11,101.699997
2016-02-12,101.820000
2016-02-16,102.320000
2016-02-17,102.500000
2016-02-18,104.239998
2016-02-19,104.160004
2016-02-22,104.750000
2016-02-23,104.080002
2016-02-24,104.959999
2016-02-25,106.379997
2016-02-26,105.779999
2016-02-29,105.209999
2016-03-01,107.220001
2016-03-02,107.040001
2016-03-03,106.650002
2016-03-04,106.500000
2016-03-07,106.739998
2016-03-08,106.220001
2016-03-09,106.839996
2016-03-10,107.139999
2016-03-11,107.709999
2016-03-14,107.660004
2016-03-15,107.760002
2016-03-16,107.410004
2016-03-17,106.739998
2016-03-18,107.500000
2016-03-21,107.279999
2016-03-22,107.379997
2016-03-23,108.500000
2016-03-24,108.309998
2016-03-28,108.230003
2016-03-29,109.139999
2016-03-30,108.980003
2016-03-31,108.199997
2016-04-01,109.190002
2016-04-04,108.589996
2016-04-05,108.949997
2016-04-06,109.419998
2016-04-07,109.269997
2016-04-08,109.099998
2016-04-11,108.970001
2016-04-12,109.599998
2016-04-13,109.870003
2016-04-14,109.839996
2016-04-15,110.180000
2016-04-18,110.930000
2016-04-19,112.680000
2016-04-20,113.580002
2016-04-21,113.570000
2016-04-22,113.320000
2016-04-25,113.510002
2016-04-26,112.910004
2016-04-27,112.769997
2016-04-28,112.480003
2016-04-29,112.080002
2016-05-02,112.750000
2016-05-03,112.690002
2016-05-04,112.220001
2016-05-05,112.879997
2016-05-06,112.739998
2016-05-09,113.720001
2016-05-10,114.669998
2016-05-11,114.370003
2016-05-12,114.230003
2016-05-13,113.559998
2016-05-16,114.440002
2016-05-17,113.830002
2016-05-18,113.589996
2016-05-19,112.849998
2016-05-20,112.639999
2016-05-23,112.160004
2016-05-24,112.690002
2016-05-25,113.349998
2016-05-26,112.900002
2016-05-27,113.059998
2016-05-31,112.690002
2016-06-01,112.779999
2016-06-02,114.489998
2016-06-03,114.760002
2016-06-06,115.769997
2016-06-07,115.730003
2016-06-08,115.800003
2016-06-09,117.000000
2016-06-10,117.010002
2016-06-13,116.790001
2016-06-14,117.120003
2016-06-15,116.410004
2016-06-16,116.639999
2016-06-17,115.480003
2016-06-20,116.540001
2016-06-21,116.180000
2016-06-22,116.459999
2016-06-23,117.379997
2016-06-24,115.629997
2016-06-27,116.550003
2016-06-28,118.230003
2016-06-29,119.330002
2016-06-30,121.300003
2016-07-01,121.290001
2016-07-05,122.269997
2016-07-06,122.639999
2016-07-07,122.510002
2016-07-08,122.849998
2016-07-11,122.930000
2016-07-12,122.919998
2016-07-13,123.000000
2016-07-14,123.180000
2016-07-15,123.000000
2016-07-18,123.139999
2016-07-19,125.250000
2016-07-20,125.139999
2016-07-21,125.150002
2016-07-22,125.029999
2016-07-25,124.889999
2016-07-26,125.150002
2016-07-27,124.769997
2016-07-28,124.459999
2016-07-29,125.230003
2016-08-01,125.400002
2016-08-02,124.849998
2016-08-03,123.900002
2016-08-04,123.860001
2016-08-05,124.239998
2016-08-08,123.650002
2016-08-09,123.430000
2016-08-10,123.360001
2016-08-11,123.769997
2016-08-12,123.220001
2016-08-15,122.309998
2016-08-16,120.330002
2016-08-17,121.309998
2016-08-18,120.720001
2016-08-19,119.919998
2016-08-22,119.129997
2016-08-23,119.440002
2016-08-24,118.709999
2016-08-25,118.570000
2016-08-26,119.040001
2016-08-29,119.919998
2016-08-30,119.470001
2016-08-31,119.339996
2016-09-01,119.080002
2016-09-02,119.320000
2016-09-06,119.750000
2016-09-07,119.610001
2016-09-08,119.470001
2016-09-09,118.230003
2016-09-12,119.160004
2016-09-13,117.610001
2016-09-14,117.860001
2016-09-15,118.629997
2016-09-16,118.250000
2016-09-19,117.660004
2016-09-20,117.949997
2016-09-21,118.910004
2016-09-22,119.459999
2016-09-23,118.809998
2016-09-26,117.779999
2016-09-27,119.220001
2016-09-28,119.389999
2016-09-29,117.269997
2016-09-30,118.129997
2016-10-03,118.809998
2016-10-04,118.820000
2016-10-05,119.180000
2016-10-06,118.750000
2016-10-07,119.239998
2016-10-10,119.800003
2016-10-11,117.639999
2016-10-12,117.970001
2016-10-13,118.260002
2016-10-14,117.559998
2016-10-17,118.489998
2016-10-18,115.410004
2016-10-19,114.589996
2016-10-20,114.870003
2016-10-21,113.440002
2016-10-24,113.610001
2016-10-25,113.959999
2016-10-26,114.559998
2016-10-27,115.699997
2016-10-28,115.330002
2016-10-31,115.989998
2016-11-01,115.339996
2016-11-02,114.860001
2016-11-03,115.029999
2016-11-04,115.110001
2016-11-07,116.660004
2016-11-08,117.050003
2016-11-09,120.309998
2016-11-10,119.540001
2016-11-11,118.470001
2016-11-14,116.599998
2016-11-15,116.320000
2016-11-16,116.360001
2016-11-17,116.570000
2016-11-18,115.360001
2016-11-21,115.000000
2016-11-22,112.739998
2016-11-23,113.070000
2016-11-25,114.129997
2016-11-28,113.129997
2016-11-29,112.480003
2016-11-30,111.300003
2016-12-01,111.379997
2016-12-02,111.959999
2016-12-05,111.940002
2016-12-06,112.059998
2016-12-07,111.099998
2016-12-08,110.989998
2016-12-09,112.260002
2016-12-12,115.360001
2016-12-13,115.889999
2016-12-14,114.989998
2016-12-15,115.889999
2016-12-16,115.879997
2016-12-19,116.019997
2016-12-20,115.660004
2016-12-21,115.309998
2016-12-22,115.440002
2016-12-23,115.959999
2016-12-27,115.910004
2016-12-28,115.099998
2016-12-29,115.489998
2016-12-30,115.209999
2017-01-03,115.839996
2017-01-04,115.650002
2017-01-05,116.860001
2017-01-06,116.300003
2017-01-09,116.279999
2017-01-10,116.160004
2017-01-11,114.730003
2017-01-12,114.620003
2017-01-13,114.599998
2017-01-17,114.870003
2017-01-18,114.699997
2017-01-19,114.199997
2017-01-20,114.150002
2017-01-23,113.910004
2017-01-24,111.760002
2017-01-25,112.800003
2017-01-26,111.839996
2017-01-27,113.379997
2017-01-30,113.129997
2017-01-31,113.250000
2017-02-01,113.230003
2017-02-02,113.570000
2017-02-03,113.639999
2017-02-06,113.400002
2017-02-07,113.480003
2017-02-08,113.400002
2017-02-09,114.080002
2017-02-10,115.239998
2017-02-13,115.879997
2017-02-14,116.360001
2017-02-15,117.199997
2017-02-16,118.080002
2017-02-17,118.860001
2017-02-21,119.660004
2017-02-22,119.519997
2017-02-23,121.699997
2017-02-24,122.730003
2017-02-27,122.400002
2017-02-28,122.209999
2017-03-01,123.860001
2017-03-02,123.629997
2017-03-03,123.790001
2017-03-06,123.709999
2017-03-07,123.830002
2017-03-08,124.099998
2017-03-09,125.949997
2017-03-10,126.209999
2017-03-13,126.680000
2017-03-14,127.050003
2017-03-15,128.960007
2017-03-16,128.460007
2017-03-17,128.059998
2017-03-20,128.070007
2017-03-21,127.250000
2017-03-22,126.260002
2017-03-23,125.900002
2017-03-24,125.480003
2017-03-27,125.800003
2017-03-28,125.660004
2017-03-29,124.919998
2017-03-30,124.660004
2017-03-31,124.550003
2017-04-03,124.690002
2017-04-04,124.680000
2017-04-05,124.800003
2017-04-06,125.050003
2017-04-07,124.919998
2017-04-10,124.339996
2017-04-11,124.220001
2017-04-12,125.400002
2017-04-13,124.989998
2017-04-17,125.720001
2017-04-18,121.820000
2017-04-19,121.370003
2017-04-20,121.870003
2017-04-21,121.760002
2017-04-24,122.889999
2017-04-25,123.430000
2017-04-26,123.510002
2017-04-27,123.739998
2017-04-28,123.470001
2017-05-01,123.339996
2017-05-02,123.699997
2017-05-03,123.330002
2017-05-04,123.949997
2017-05-05,123.510002
2017-05-08,123.250000
2017-05-09,123.209999
2017-05-10,122.809998
2017-05-11,123.199997
2017-05-12,123.639999
2017-05-15,126.989998
2017-05-16,127.769997
2017-05-17,126.669998
2017-05-18,126.970001
2017-05-19,127.000000
2017-05-22,127.260002
2017-05-23,127.519997
2017-05-24,127.510002
2017-05-25,127.529999
2017-05-26,126.919998
2017-05-30,127.110001
2017-05-31,128.250000
2017-06-01,128.779999
2017-06-02,130.080002
2017-06-05,130.360001
2017-06-06,130.830002
2017-06-07,130.750000
2017-06-08,130.550003
2017-06-09,131.529999
2017-06-12,131.820007
2017-06-13,132.020004
2017-06-14,132.770004
2017-06-15,133.039993
2017-06-16,134.350006
2017-06-19,134.070007
2017-06-20,134.220001
2017-06-21,134.910004
2017-06-22,136.050003
2017-06-23,136.429993
2017-06-26,136.339996
2017-06-27,135.009995
2017-06-28,133.820007
2017-06-29,132.639999
2017-06-30,132.289993
2017-07-03,132.899994
2017-07-05,133.639999
2017-07-06,132.520004
2017-07-07,132.539993
2017-07-10,131.550003
2017-07-11,131.229996
2017-07-12,132.229996
2017-07-13,131.860001
2017-07-14,132.600006
2017-07-17,132.149994
2017-07-18,134.460007
2017-07-19,135.210007
2017-07-20,136.570007
2017-07-21,135.309998
2017-07-24,133.009995
2017-07-25,131.880005
2017-07-26,130.949997
2017-07-27,130.830002
2017-07-28,131.850006
2017-07-31,132.720001
2017-08-01,132.509995
2017-08-02,132.160004
2017-08-03,133.350006
2017-08-04,133.179993
2017-08-07,132.860001
2017-08-08,132.270004
2017-08-09,133.229996
2017-08-10,133.089996
2017-08-11,133.100006
2017-08-14,133.479996
2017-08-15,133.380005
2017-08-16,134.169998
2017-08-17,133.039993
2017-08-18,132.630005
2017-08-21,133.449997
2017-08-22,134.699997
2017-08-23,132.800003
2017-08-24,132.889999
2017-08-25,131.679993
2017-08-28,131.740005
2017-08-29,132.210007
2017-08-30,131.070007
2017-08-31,132.369995
2017-09-01,131.029999
2017-09-05,129.899994
2017-09-06,130.669998
2017-09-07,132.190002
2017-09-08,130.979996
2017-09-11,133.210007
2017-09-12,132.630005
2017-09-13,132.449997
2017-09-14,134.179993
2017-09-15,134.449997
2017-09-18,135.380005
2017-09-19,135.220001
2017-09-20,133.220001
2017-09-21,131.750000
2017-09-22,131.389999
2017-09-25,131.169998
2017-09-26,130.940002
2017-09-27,129.750000
2017-09-28,129.470001
2017-09-29,130.009995
2017-10-02,131.220001
2017-10-03,132.100006
2017-10-04,132.889999
2017-10-05,133.190002
2017-10-06,133.220001
2017-10-09,133.449997
2017-10-10,133.899994
2017-10-11,136.649994
2017-10-12,136.830002
2017-10-13,136.429993
2017-10-16,136.119995
2017-10-17,140.789993
2017-10-18,140.679993
2017-10-19,142.039993
2017-10-20,142.399994
2017-10-23,143.619995
2017-10-24,141.639999
2017-10-25,142.360001
2017-10-26,141.809998
2017-10-27,141.779999
2017-10-30,140.000000
2017-10-31,139.410004
2017-11-01,139.979996
2017-11-02,139.929993
2017-11-03,140.080002
2017-11-06,139.759995
2017-11-07,139.770004
2017-11-08,141.320007
2017-11-09,140.350006
2017-11-10,139.559998
2017-11-13,139.759995
2017-11-14,139.490005
2017-11-15,139.100006
2017-11-16,138.869995
2017-11-17,138.000000
2017-11-20,137.929993
2017-11-21,138.339996
2017-11-22,137.289993
2017-11-24,138.009995
2017-11-27,138.100006
2017-11-28,140.020004
2017-11-29,139.809998
2017-11-30,139.330002
2017-12-01,139.979996
2017-12-04,139.009995
2017-12-05,139.669998
2017-12-06,141.059998
2017-12-07,140.009995
2017-12-08,140.589996
2017-12-11,141.139999
2017-12-12,142.600006
2017-12-13,142.889999
2017-12-14,141.649994
2017-12-15,142.460007
2017-12-18,141.800003
2017-12-19,141.779999
2017-12-20,141.160004
2017-12-21,141.059998
2017-12-22,140.119995
2017-12-26,140.089996
2017-12-27,140.570007
2017-12-28,140.559998
2017-12-29,139.720001
2018-01-02,139.229996
2018-01-03,140.559998
2018-01-04,140.550003
2018-01-05,141.710007
2018-01-08,141.889999
2018-01-09,144.139999
2018-01-10,143.970001
2018-01-11,144.789993
2018-01-12,145.759995
2018-01-16,146.860001
2018-01-17,146.979996
2018-01-18,146.919998
2018-01-19,147.360001
2018-01-22,148.139999
2018-01-23,141.830002
2018-01-24,142.070007
2018-01-25,144.399994
2018-01-26,145.330002
2018-01-29,143.679993
2018-01-30,142.429993
2018-01-31,138.190002
2018-02-01,140.020004
2018-02-02,137.679993
2018-02-05,130.389999
2018-02-06,131.830002
2018-02-07,131.419998
2018-02-08,126.360001
2018-02-09,129.529999
2018-02-12,130.270004
2018-02-13,129.960007
2018-02-14,129.669998
2018-02-15,131.229996
2018-02-16,133.149994
2018-02-20,130.869995
2018-02-21,129.910004
2018-02-22,129.910004
2018-02-23,132.020004
2018-02-26,132.070007
2018-02-27,131.669998
2018-02-28,129.880005
2018-03-01,127.279999
2018-03-02,128.820007
2018-03-05,129.789993
2018-03-06,128.220001
2018-03-07,129.039993
2018-03-08,132.059998
2018-03-09,133.800003
2018-03-12,132.630005
2018-03-13,134.350006
2018-03-14,132.320007
2018-03-15,133.059998
2018-03-16,133.679993
2018-03-19,130.240005
2018-03-20,131.210007
2018-03-21,131.190002
2018-03-22,127.379997
2018-03-23,125.099998
2018-03-26,127.389999
2018-03-27,127.209999
2018-03-28,127.449997
2018-03-29,128.149994
2018-04-02,124.559998
2018-04-03,128.350006
2018-04-04,130.410004
2018-04-05,130.710007
2018-04-06,128.100006
2018-04-09,129.479996
2018-04-10,130.250000
2018-04-11,129.630005
2018-04-12,130.429993
2018-04-13,130.619995
2018-04-16,131.759995
2018-04-17,130.539993
2018-04-18,127.720001
2018-04-19,127.550003
2018-04-20,126.660004
2018-04-23,126.830002
2018-04-24,126.190002
2018-04-25,126.760002
2018-04-26,128.009995
2018-04-27,128.270004
2018-04-30,126.489998
2018-05-01,126.010002
2018-05-02,123.500000
2018-05-03,123.029999
2018-05-04,124.190002
2018-05-07,123.589996
2018-05-08,122.610001
2018-05-09,123.510002
2018-05-10,125.349998
2018-05-11,127.239998
2018-05-14,126.059998
2018-05-15,125.129997
2018-05-16,125.349998
2018-05-17,123.849998
2018-05-18,124.239998
2018-05-21,123.720001
2018-05-22,122.910004
2018-05-23,123.449997
2018-05-24,122.250000
2018-05-25,121.470001
2018-05-29,119.400002
2018-05-30,120.970001
2018-05-31,119.620003
2018-06-01,121.260002
2018-06-04,121.949997
2018-06-05,121.480003
2018-06-06,122.790001
2018-06-07,123.330002
2018-06-08,124.059998
2018-06-11,122.660004
2018-06-12,122.540001
2018-06-13,122.629997
2018-06-14,122.410004
2018-06-15,122.610001
2018-06-18,121.320000
2018-06-19,122.570000
2018-06-20,122.040001
2018-06-21,121.449997
2018-06-22,122.839996
2018-06-25,122.589996
2018-06-26,122.349998
2018-06-27,121.610001
2018-06-28,122.000000
2018-06-29,121.339996
2018-07-02,121.580002
2018-07-03,122.709999
2018-07-05,125.000000
2018-07-06,125.750000
2018-07-09,126.050003
2018-07-10,127.379997
2018-07-11,126.239998
2018-07-12,127.760002
2018-07-13,125.930000
2018-07-16,124.690002
2018-07-17,129.110001
2018-07-18,127.800003
2018-07-19,125.940002
2018-07-20,125.849998
2018-07-23,126.629997
2018-07-24,129.360001
2018-07-25,128.619995
2018-07-26,130.279999
2018-07-27,131.550003
2018-07-30,132.169998
2018-07-31,132.520004
2018-08-01,132.639999
2018-08-02,131.250000
2018-08-03,131.949997
2018-08-06,132.020004
2018-08-07,131.460007
2018-08-08,131.169998
2018-08-09,131.199997
2018-08-10,130.750000
2018-08-13,130.220001
2018-08-14,129.500000
2018-08-15,130.429993
2018-08-16,132.479996
2018-08-17,134.470001
2018-08-20,136.880005
2018-08-21,135.350006
2018-08-22,134.610001
2018-08-23,135.110001
2018-08-24,135.949997
2018-08-27,134.919998
2018-08-28,134.320007
2018-08-29,134.860001
2018-08-30,134.949997
2018-08-31,134.690002
2018-09-04,133.720001
2018-09-05,135.860001
2018-09-06,136.869995
2018-09-07,137.320007
2018-09-10,137.210007
2018-09-11,138.509995
2018-09-12,139.360001
2018-09-13,139.889999
2018-09-14,139.490005
2018-09-17,139.960007
2018-09-18,140.539993
2018-09-19,140.460007
2018-09-20,141.979996
2018-09-21,142.880005
2018-09-24,140.470001
2018-09-25,138.639999
2018-09-26,138.160004
2018-09-27,138.220001
2018-09-28,138.169998
2018-10-01,139.690002
2018-10-02,140.479996
2018-10-03,139.029999
2018-10-04,139.350006
2018-10-05,139.100006
2018-10-08,139.389999
2018-10-09,139.199997
2018-10-10,137.729996
2018-10-11,133.839996
2018-10-12,133.869995
2018-10-15,133.949997
2018-10-16,136.559998
2018-10-17,139.460007
2018-10-18,139.500000
2018-10-19,139.050003
2018-10-22,138.679993
2018-10-23,138.929993
2018-10-24,137.470001
2018-10-25,138.470001
2018-10-26,136.970001
2018-10-29,137.550003
2018-10-30,140.750000
2018-10-31,139.990005
2018-11-01,140.820007
2018-11-02,140.679993
2018-11-05,142.199997
2018-11-06,142.570007
2018-11-07,144.750000
2018-11-08,145.300003
2018-11-09,145.339996
2018-11-12,145.619995
2018-11-13,144.679993
2018-11-14,144.250000
2018-11-15,144.500000
2018-11-16,145.990005
2018-11-19,147.729996
2018-11-20,146.449997
2018-11-21,141.990005
2018-11-23,142.229996
2018-11-26,141.369995
2018-11-27,143.220001
2018-11-28,146.440002
2018-11-29,145.850006
2018-11-30,146.899994
2018-12-03,146.210007
2018-12-04,146.029999
2018-12-06,145.910004
2018-12-07,145.429993
2018-12-10,145.259995
2018-12-11,146.500000
2018-12-12,147.100006
2018-12-13,147.839996
2018-12-14,133.000000
2018-12-17,129.139999
2018-12-18,130.419998
2018-12-19,127.610001
2018-12-20,128.270004
2018-12-21,128.089996
2018-12-24,122.839996
2018-12-26,126.709999
2018-12-27,127.410004
2018-12-28,127.269997
2018-12-31,129.050003
2019-01-02,127.750000
2019-01-03,125.720001
2019-01-04,127.830002
2019-01-07,127.010002
2019-01-08,129.960007
2019-01-09,128.929993
2019-01-10,129.710007
2019-01-11,129.750000
2019-01-14,128.279999
2019-01-15,129.360001
2019-01-16,128.039993
2019-01-17,129.089996
2019-01-18,130.690002
2019-01-22,128.800003
2019-01-23,128.800003
2019-01-24,127.029999
2019-01-25,128.229996
2019-01-28,128.990005
2019-01-29,130.330002
2019-01-30,131.639999
2019-01-31,133.080002
2019-02-01,134.199997
2019-02-04,132.880005
2019-02-05,132.880005
2019-02-06,133.000000
2019-02-07,132.050003
2019-02-08,132.399994
2019-02-11,132.000000
2019-02-12,134.160004
2019-02-13,134.449997
2019-02-14,134.309998
2019-02-15,136.380005
2019-02-19,135.690002
2019-02-20,136.350006
2019-02-21,135.419998
2019-02-22,136.600006
2019-02-25,136.199997
2019-02-26,136.110001
2019-02-27,135.869995
2019-02-28,136.639999
2019-03-01,138.350006
2019-03-04,138.479996
2019-03-05,138.770004
2019-03-06,139.089996
2019-03-07,138.240005
2019-03-08,138.059998
2019-03-11,138.559998
2019-03-12,139.179993
2019-03-13,139.410004
2019-03-14,138.020004
2019-03-15,137.600006
2019-03-18,137.169998
2019-03-19,138.440002
2019-03-20,137.289993
2019-03-21,138.100006
2019-03-22,136.910004
2019-03-25,136.610001
2019-03-26,138.570007
2019-03-27,138.699997
2019-03-28,138.880005
2019-03-29,139.789993
2019-04-01,138.979996
2019-04-02,137.710007
2019-04-03,137.169998
2019-04-04,135.570007
2019-04-05,136.179993
2019-04-08,136.139999
2019-04-09,135.570007
2019-04-10,135.580002
2019-04-11,135.210007
2019-04-12,135.979996
2019-04-15,136.520004
2019-04-16,138.020004
2019-04-17,138.520004
2019-04-18,137.520004
2019-04-22,137.830002
2019-04-23,139.899994
2019-04-24,139.199997
2019-04-25,139.649994
2019-04-26,140.389999
2019-04-29,139.839996
2019-04-30,141.199997
2019-05-01,141.949997
2019-05-02,141.279999
2019-05-03,142.009995
2019-05-06,142.089996
2019-05-07,139.970001
2019-05-08,139.789993
2019-05-09,138.729996
2019-05-10,139.050003
2019-05-13,137.199997
2019-05-14,136.820007
2019-05-15,136.910004
2019-05-16,138.210007
2019-05-17,138.610001
2019-05-20,138.419998
2019-05-21,138.119995
2019-05-22,138.759995
2019-05-23,139.789993
2019-05-24,138.850006
2019-05-28,137.070007
2019-05-29,131.330002
2019-05-30,132.110001
2019-05-31,131.149994
2019-06-03,131.440002
2019-06-04,133.729996
2019-06-05,134.380005
2019-06-06,136.679993
2019-06-07,138.550003
2019-06-10,139.020004
2019-06-11,139.779999
2019-06-12,141.679993
2019-06-13,140.710007
2019-06-14,140.089996
2019-06-17,139.440002
2019-06-18,140.229996
2019-06-19,140.449997
2019-06-20,142.210007
2019-06-21,142.089996
2019-06-24,143.059998
2019-06-25,144.240005
2019-06-26,141.850006
2019-06-27,140.690002
2019-06-28,139.279999
2019-07-01,139.360001
2019-07-02,140.029999
2019-07-03,142.139999
2019-07-05,140.570007
2019-07-08,140.970001
2019-07-09,141.410004
2019-07-10,141.210007
2019-07-11,140.110001
2019-07-12,134.300003
2019-07-15,134.710007
2019-07-16,132.500000
2019-07-17,131.860001
2019-07-18,132.070007
2019-07-19,130.309998
2019-07-22,128.639999
2019-07-23,128.839996
2019-07-24,129.779999
2019-07-25,131.119995
2019-07-26,130.729996
2019-07-29,133.020004
2019-07-30,132.080002
2019-07-31,130.220001
2019-08-01,130.289993
2019-08-02,131.070007
2019-08-05,130.160004
2019-08-06,130.770004
2019-08-07,130.210007
2019-08-08,131.679993
2019-08-09,132.039993
2019-08-12,131.929993
2019-08-13,133.419998
2019-08-14,130.259995
2019-08-15,130.539993
2019-08-16,131.360001
2019-08-19,132.250000
2019-08-20,130.600006
2019-08-21,131.529999
2019-08-22,131.270004
2019-08-23,127.730003
2019-08-26,127.800003
2019-08-27,129.639999
2019-08-28,128.679993
2019-08-29,128.240005
2019-08-30,128.360001
2019-09-03,128.740005
2019-09-04,128.860001
2019-09-05,128.580002
2019-09-06,128.210007
2019-09-09,126.949997
2019-09-10,129.550003
2019-09-11,131.169998
2019-09-12,130.429993
2019-09-13,130.779999
2019-09-16,129.539993
2019-09-17,129.669998
2019-09-18,130.410004
2019-09-19,130.110001
2019-09-20,131.649994
2019-09-23,131.740005
2019-09-24,131.550003
2019-09-25,130.990005
2019-09-26,128.850006
2019-09-27,128.600006
2019-09-30,129.380005
2019-10-01,129.990005
2019-10-02,132.000000
2019-10-03,131.190002
2019-10-04,133.660004
2019-10-07,133.160004
2019-10-08,131.839996
2019-10-09,129.220001
2019-10-10,129.059998
2019-10-11,131.330002
2019-10-14,130.720001
2019-10-15,132.839996
2019-10-16,135.169998
2019-10-17,136.169998
2019-10-18,127.699997
2019-10-21,128.020004
2019-10-22,129.199997
2019-10-23,129.899994
2019-10-24,127.500000
2019-10-25,128.350006
2019-10-28,129.179993
2019-10-29,129.119995
2019-10-30,132.839996
2019-10-31,132.039993
2019-11-01,131.199997
2019-11-04,130.229996
2019-11-05,130.419998
2019-11-06,130.960007
2019-11-07,131.429993
2019-11-08,133.000000
2019-11-11,131.979996
2019-11-12,131.350006
2019-11-13,131.270004
2019-11-14,130.960007
2019-11-15,134.940002
2019-11-18,134.830002
2019-11-19,134.820007
2019-11-20,135.940002
2019-11-21,136.440002
2019-11-22,138.070007
2019-11-25,137.179993
2019-11-26,137.169998
2019-11-27,137.750000
2019-11-29,137.490005
2019-12-02,137.360001
2019-12-03,137.160004
2019-12-04,139.380005
2019-12-05,139.559998
2019-12-06,140.380005
2019-12-09,140.500000
2019-12-10,139.990005
2019-12-11,140.979996
2019-12-12,141.339996
2019-12-13,141.380005
2019-12-16,141.789993
2019-12-17,143.559998
2019-12-18,143.190002
2019-12-19,145.350006
2019-12-20,146.059998
2019-12-23,146.440002
2019-12-24,145.929993
2019-12-26,145.830002
2019-12-27,145.750000
2019-12-30,145.300003
2019-12-31,145.869995
2020-01-02,145.970001
2020-01-03,144.279999
2020-01-06,144.100006
2020-01-07,144.979996
2020-01-08,144.960007
2020-01-09,145.389999
2020-01-10,145.059998
2020-01-13,145.699997
2020-01-14,146.520004
2020-01-15,147.009995
2020-01-16,148.199997
2020-01-17,149.169998
2020-01-21,149.270004
2020-01-22,148.250000
2020-01-23,148.529999
2020-01-24,148.320007
2020-01-27,148.750000
2020-01-28,149.500000
2020-01-29,150.539993
2020-01-30,150.360001
2020-01-31,148.869995
2020-02-03,150.169998
2020-02-04,151.600006
2020-02-05,153.990005
2020-02-06,153.529999
2020-02-07,151.889999
2020-02-10,151.860001
2020-02-11,151.990005
2020-02-12,151.089996
2020-02-13,150.089996
2020-02-14,150.130005
2020-02-18,149.139999
2020-02-19,148.940002
2020-02-20,148.369995
2020-02-21,149.929993
2020-02-24,145.910004
2020-02-25,144.649994
2020-02-26,143.679993
2020-02-27,139.119995
2020-02-28,134.479996
2020-03-02,140.020004
2020-03-03,135.589996
2020-03-04,143.479996
2020-03-05,142.009995
2020-03-06,142.029999
2020-03-09,136.440002
2020-03-10,141.639999
2020-03-11,131.800003
2020-03-12,125.410004
2020-03-13,134.289993
2020-03-16,127.129997
2020-03-17,136.589996
2020-03-18,134.960007
2020-03-19,127.050003
2020-03-20,119.889999
2020-03-23,111.139999
2020-03-24,119.180000
2020-03-25,119.400002
2020-03-26,126.570000
2020-03-27,123.160004
2020-03-30,133.009995
2020-03-31,131.130005
2020-04-01,128.809998
2020-04-02,133.149994
2020-04-03,134.169998
2020-04-06,139.759995
2020-04-07,137.479996
2020-04-08,143.259995
2020-04-09,141.229996
2020-04-13,139.770004
2020-04-14,146.029999
2020-04-15,147.660004
2020-04-16,149.669998
2020-04-17,152.020004
2020-04-20,151.669998
2020-04-21,149.679993
2020-04-22,152.990005
2020-04-23,155.509995
2020-04-24,154.860001
2020-04-27,154.289993
2020-04-28,151.389999
2020-04-29,150.240005
2020-04-30,150.039993
2020-05-01,148.289993
2020-05-04,148.270004
2020-05-05,149.500000
2020-05-06,148.080002
2020-05-07,147.589996
2020-05-08,148.699997
2020-05-11,149.110001
2020-05-12,147.139999
2020-05-13,147.130005
2020-05-14,147.639999
2020-05-15,150.440002
2020-05-18,150.520004
2020-05-19,149.020004
2020-05-20,147.679993
2020-05-21,146.710007
2020-05-22,144.369995
2020-05-26,144.559998
2020-05-27,144.889999
2020-05-28,146.970001
2020-05-29,148.750000
2020-06-01,147.190002
2020-06-02,148.250000
2020-06-03,148.649994
2020-06-04,146.729996
2020-06-05,147.300003
2020-06-08,146.770004
2020-06-09,145.960007
2020-06-10,147.800003
2020-06-11,140.869995
2020-06-12,142.149994
2020-06-15,141.250000
2020-06-16,144.460007
2020-06-17,144.020004
2020-06-18,143.410004
2020-06-19,143.830002
2020-06-22,143.389999
2020-06-23,142.860001
2020-06-24,139.820007
2020-06-25,139.669998
2020-06-26,137.809998
2020-06-29,139.039993
2020-06-30,140.630005
2020-07-01,140.380005
2020-07-02,140.970001
2020-07-06,142.979996
2020-07-07,142.850006
2020-07-08,143.270004
2020-07-09,142.490005
2020-07-10,142.369995
2020-07-13,145.210007
2020-07-14,147.919998
2020-07-15,148.259995
2020-07-16,149.250000
2020-07-17,149.350006
2020-07-20,149.600006
2020-07-21,149.740005
2020-07-22,150.009995
2020-07-23,149.610001
2020-07-24,148.119995
2020-07-27,147.179993
2020-07-28,146.830002
2020-07-29,146.539993
2020-07-30,146.839996
2020-07-31,145.759995
2020-08-03,147.350006
2020-08-04,147.220001
2020-08-05,148.399994
2020-08-06,147.550003
2020-08-07,148.600006
2020-08-10,148.029999
2020-08-11,146.970001
2020-08-12,149.660004
2020-08-13,148.000000
2020-08-14,148.240005
2020-08-17,148.990005
2020-08-18,150.089996
2020-08-19,150.389999
2020-08-20,151.419998
2020-08-21,152.759995
2020-08-24,152.149994
2020-08-25,152.059998
2020-08-26,152.300003
2020-08-27,152.979996
2020-08-28,153.639999
2020-08-31,153.410004
2020-09-01,151.520004
2020-09-02,153.830002
2020-09-03,149.550003
2020-09-04,148.589996
2020-09-08,147.259995
2020-09-09,149.699997
2020-09-10,146.910004
2020-09-11,147.779999
2020-09-14,148.350006
2020-09-15,148.889999
2020-09-16,148.399994
2020-09-17,147.169998
2020-09-18,149.179993
2020-09-21,145.100006
2020-09-22,144.210007
2020-09-23,144.440002
2020-09-24,144.669998
2020-09-25,145.660004
2020-09-28,147.110001
2020-09-29,147.059998
2020-09-30,148.880005
2020-10-01,147.320007
2020-10-02,146.240005
2020-10-05,148.229996
2020-10-06,146.259995
2020-10-07,147.880005
2020-10-08,148.889999
2020-10-09,150.970001
2020-10-12,151.839996
2020-10-13,148.360001
2020-10-14,148.100006
2020-10-15,147.190002
2020-10-16,148.100006
2020-10-19,144.320007
2020-10-20,144.550003
2020-10-21,143.929993
2020-10-22,145.080002
2020-10-23,145.240005
2020-10-26,143.970001
2020-10-27,143.149994
2020-10-28,138.360001
2020-10-29,137.190002
2020-10-30,137.110001
2020-11-02,138.690002
2020-11-03,138.500000
2020-11-04,139.399994
2020-11-05,139.759995
2020-11-06,142.250000
2020-11-09,146.080002
2020-11-10,148.279999
2020-11-11,147.800003
2020-11-12,148.300003
2020-11-13,149.899994
2020-11-16,150.850006
2020-11-17,149.350006
2020-11-18,147.369995
2020-11-19,147.139999
2020-11-20,146.360001
2020-11-23,143.869995
2020-11-24,143.869995
2020-11-25,143.679993
2020-11-27,144.000000
2020-11-30,144.679993
2020-12-01,147.449997
2020-12-02,148.139999
2020-12-03,149.000000
2020-12-04,150.270004
2020-12-07,148.970001
2020-12-08,151.550003
2020-12-09,153.100006
2020-12-10,152.250000
2020-12-11,152.949997
2020-12-14,149.070007
2020-12-15,150.570007
2020-12-16,149.669998
2020-12-17,153.619995
2020-12-18,154.509995
2020-12-21,153.020004
2020-12-22,152.720001
2020-12-23,151.940002
2020-12-24,152.470001
2020-12-28,153.190002
2020-12-29,154.139999
2020-12-30,156.050003
2020-12-31,157.380005
2021-01-04,156.500000
2021-01-05,158.339996
2021-01-06,159.830002
2021-01-07,160.369995
2021-01-08,160.039993
2021-01-11,159.369995
2021-01-12,158.130005
2021-01-13,157.889999
2021-01-14,160.649994
2021-01-15,160.300003
2021-01-19,162.779999
2021-01-20,162.380005
2021-01-21,161.729996
2021-01-22,163.550003
2021-01-25,165.979996
2021-01-26,170.479996
2021-01-27,167.880005
2021-01-28,169.160004
2021-01-29,163.130005
2021-02-01,162.710007
2021-02-02,161.250000
2021-02-03,160.500000
2021-02-04,161.990005
2021-02-05,164.449997
2021-02-08,164.919998
2021-02-09,166.270004
2021-02-10,166.809998
2021-02-11,166.059998
2021-02-12,166.580002
2021-02-16,165.070007
2021-02-17,165.660004
2021-02-18,165.740005
2021-02-19,162.979996
2021-02-22,161.869995
2021-02-23,160.440002
2021-02-24,162.589996
2021-02-25,162.759995
2021-02-26,158.460007
2021-03-01,159.320007
2021-03-02,159.020004
2021-03-03,156.220001
2021-03-04,153.070007
2021-03-05,156.100006
2021-03-08,157.399994
2021-03-09,157.699997
2021-03-10,159.149994
2021-03-11,159.139999
2021-03-12,159.600006
2021-03-15,160.419998
2021-03-16,161.369995
2021-03-17,160.770004
2021-03-18,160.470001
2021-03-19,160.039993
2021-03-22,160.500000
2021-03-23,160.350006
2021-03-24,161.910004
2021-03-25,161.970001
2021-03-26,164.929993
2021-03-29,166.039993
2021-03-30,165.009995
2021-03-31,164.350006
2021-04-01,162.830002
2021-04-05,163.429993
2021-04-06,163.389999
2021-04-07,163.610001
2021-04-08,162.970001
2021-04-09,161.250000
2021-04-12,161.639999
2021-04-13,159.479996
2021-04-14,159.919998
2021-04-15,160.389999
2021-04-16,162.240005
2021-04-19,162.690002
2021-04-20,166.479996
2021-04-21,166.589996
2021-04-22,165.179993
2021-04-23,165.520004
2021-04-26,164.119995
2021-04-27,163.179993
2021-04-28,161.979996
2021-04-29,164.199997
2021-04-30,162.729996
2021-05-03,165.210007
2021-05-04,167.770004
2021-05-05,167.070007
2021-05-06,167.740005
2021-05-07,168.500000
2021-05-10,170.270004
2021-05-11,168.880005
2021-05-12,168.199997
2021-05-13,169.960007
2021-05-14,170.220001
2021-05-17,170.389999
2021-05-18,170.449997
2021-05-19,170.080002
2021-05-20,171.070007
2021-05-21,170.960007
2021-05-24,170.550003
2021-05-25,170.080002
2021-05-26,169.070007
2021-05-27,168.809998
2021-05-28,169.250000
2021-06-01,165.529999
2021-06-02,166.199997
2021-06-03,166.039993
2021-06-04,165.970001
2021-06-07,164.839996
2021-06-08,163.389999
2021-06-09,165.589996
2021-06-10,167.080002
2021-06-11,164.960007
2021-06-14,165.369995
2021-06-15,164.490005
2021-06-16,164.429993
2021-06-17,165.220001
2021-06-18,161.979996
2021-06-21,163.839996
2021-06-22,163.619995
2021-06-23,162.630005
2021-06-24,163.369995
2021-06-25,164.210007
2021-06-28,164.020004
2021-06-29,164.029999
2021-06-30,164.740005
2021-07-01,165.960007
2021-07-02,168.979996
2021-07-06,167.970001
2021-07-07,169.410004
2021-07-08,169.080002
2021-07-09,169.750000
2021-07-12,169.479996
2021-07-13,169.270004
2021-07-14,170.419998
2021-07-15,168.369995
2021-07-16,168.100006
2021-07-19,166.880005
2021-07-20,168.449997
2021-07-21,169.490005
2021-07-22,169.979996
2021-07-23,171.789993
2021-07-26,171.869995
2021-07-27,172.660004
2021-07-28,172.179993
2021-07-29,172.179993
2021-07-30,172.199997
2021-08-02,172.270004
2021-08-03,174.389999
2021-08-04,173.360001
2021-08-05,173.690002
2021-08-06,173.110001
2021-08-09,173.710007
2021-08-10,173.770004
2021-08-11,173.800003
2021-08-12,175.199997
2021-08-13,176.250000
2021-08-16,177.839996
2021-08-17,179.470001
2021-08-18,177.190002
2021-08-19,178.570007
2021-08-20,179.440002
2021-08-23,177.610001
2021-08-24,175.389999
2021-08-25,174.229996
2021-08-26,173.300003
2021-08-27,172.929993
2021-08-30,173.660004
2021-08-31,173.130005
2021-09-01,173.740005
2021-09-02,174.929993
2021-09-03,175.039993
2021-09-07,172.320007
2021-09-08,171.899994
2021-09-09,168.070007
2021-09-10,166.970001
2021-09-13,165.800003
2021-09-14,164.800003
2021-09-15,165.419998
2021-09-16,165.220001
2021-09-17,164.750000
2021-09-20,163.809998
2021-09-21,164.529999
2021-09-22,163.929993
2021-09-23,164.860001
2021-09-24,164.360001
2021-09-27,163.169998
2021-09-28,162.809998
2021-09-29,164.020004
2021-09-30,161.500000
2021-10-01,160.470001
2021-10-04,159.220001
2021-10-05,159.580002
2021-10-06,159.910004
2021-10-07,161.339996
2021-10-08,160.929993
2021-10-11,160.250000
2021-10-12,157.690002
2021-10-13,159.199997
2021-10-14,160.110001
2021-10-15,161.300003
2021-10-18,160.119995
2021-10-19,163.869995
2021-10-20,163.779999
2021-10-21,163.399994
2021-10-22,163.720001
2021-10-25,164.080002
2021-10-26,165.750000
2021-10-27,163.740005
2021-10-28,162.850006
2021-10-29,162.880005
2021-11-01,163.020004
2021-11-02,165.589996
2021-11-03,165.059998
2021-11-04,164.600006
2021-11-05,163.429993
2021-11-08,162.869995
2021-11-09,162.509995
2021-11-10,164.270004
2021-11-11,163.059998
2021-11-12,165.009995
2021-11-15,163.520004
2021-11-16,162.669998
2021-11-17,163.279999
2021-11-18,162.399994
2021-11-19,162.889999
2021-11-22,159.699997
2021-11-23,160.690002
2021-11-24,160.240005
2021-11-26,159.199997
2021-11-29,159.750000
2021-11-30,155.929993
2021-12-01,158.080002
2021-12-02,157.089996
2021-12-03,159.380005
2021-12-06,162.940002
2021-12-07,163.360001
2021-12-08,164.339996
2021-12-09,165.899994
2021-12-10,165.490005
2021-12-13,168.449997
2021-12-14,170.289993
2021-12-15,171.139999
2021-12-16,173.009995
2021-12-17,168.229996
2021-12-20,167.750000
2021-12-21,167.210007
2021-12-22,167.929993
2021-12-23,168.250000
2021-12-27,169.669998
2021-12-28,170.350006
2021-12-29,171.550003
2021-12-30,172.309998
2021-12-31,171.070007
2022-01-03,171.539993
2022-01-04,171.080002
2022-01-05,172.220001
2022-01-06,171.630005
2022-01-07,173.949997
2022-01-10,173.089996
2022-01-11,171.250000
2022-01-12,169.789993
2022-01-13,168.759995
2022-01-14,167.839996
2022-01-18,167.100006
2022-01-19,166.580002
2022-01-20,165.250000
2022-01-21,164.869995
2022-01-24,162.970001
2022-01-25,167.630005
2022-01-26,168.380005
2022-01-27,170.589996
2022-01-28,171.789993
2022-01-31,172.289993
2022-02-01,170.880005
2022-02-02,172.770004
2022-02-03,172.759995
2022-02-04,171.630005
2022-02-07,171.059998
2022-02-08,171.509995
2022-02-09,171.490005
2022-02-10,169.419998
2022-02-11,167.710007
2022-02-14,165.600006
2022-02-15,167.309998
2022-02-16,167.210007
2022-02-17,166.190002
2022-02-18,163.360001
2022-02-22,161.139999
2022-02-23,161.220001
2022-02-24,158.139999
2022-02-25,166.000000
2022-02-28,164.570007
2022-03-01,164.000000
2022-03-02,166.039993
2022-03-03,168.479996
2022-03-04,169.479996
2022-03-07,172.210007
2022-03-08,168.720001
2022-03-09,169.360001
2022-03-10,169.660004
2022-03-11,169.350006
2022-03-14,171.690002
2022-03-15,176.139999
2022-03-16,174.520004
2022-03-17,176.800003
2022-03-18,174.839996
2022-03-21,175.830002
2022-03-22,175.000000
2022-03-23,174.339996
2022-03-24,175.240005
2022-03-25,176.919998
2022-03-28,177.830002
2022-03-29,177.740005
2022-03-30,179.589996
2022-03-31,177.229996
2022-04-01,178.190002
2022-04-04,176.470001
2022-04-05,177.610001
2022-04-06,182.229996
2022-04-07,181.759995
2022-04-08,182.119995
2022-04-11,179.839996
2022-04-12,179.899994
2022-04-13,180.660004
2022-04-14,179.899994
2022-04-18,177.660004
2022-04-19,183.080002
2022-04-20,183.889999
2022-04-21,183.360001
2022-04-22,181.539993
2022-04-25,186.009995
2022-04-26,184.679993
2022-04-27,182.100006
2022-04-28,183.460007
2022-04-29,180.460007
2022-05-02,178.639999
2022-05-03,178.289993
2022-05-04,180.199997
2022-05-05,176.759995
2022-05-06,176.369995
2022-05-09,177.330002
2022-05-10,177.089996
2022-05-11,176.130005
2022-05-12,177.869995
2022-05-13,176.850006
2022-05-16,178.080002
2022-05-17,178.820007
2022-05-18,175.500000
2022-05-19,173.940002
2022-05-20,176.979996
2022-05-23,179.440002
2022-05-24,181.399994
2022-05-25,179.619995
2022-05-26,179.460007
2022-05-27,181.089996
2022-05-31,179.529999
2022-06-01,177.710007
2022-06-02,177.149994
2022-06-03,176.419998
2022-06-06,176.399994
2022-06-07,178.339996
2022-06-08,177.279999
2022-06-09,173.710007
2022-06-10,172.550003
2022-06-13,170.809998
2022-06-14,168.190002
2022-06-15,169.990005
2022-06-16,170.080002
2022-06-17,169.460007
2022-06-21,173.009995
2022-06-22,175.740005
2022-06-23,179.660004
2022-06-24,182.289993
2022-06-27,182.119995
2022-06-28,176.940002
2022-06-29,176.990005
2022-06-30,177.509995
2022-07-01,179.520004
2022-07-05,178.139999
2022-07-06,178.300003
2022-07-07,178.500000
2022-07-08,178.279999
2022-07-11,178.350006
2022-07-12,175.850006
2022-07-13,175.440002
2022-07-14,175.679993
2022-07-15,178.229996
2022-07-18,174.229996
2022-07-19,171.690002
2022-07-20,170.710007
2022-07-21,171.309998
2022-07-22,172.119995
2022-07-25,172.460007
2022-07-26,173.679993
2022-07-27,173.199997
2022-07-28,174.199997
2022-07-29,174.520004
2022-08-01,173.910004
2022-08-02,172.919998
2022-08-03,174.589996
2022-08-04,171.789993
2022-08-05,171.110001
2022-08-08,170.199997
2022-08-09,170.179993
2022-08-10,170.669998
2022-08-11,167.139999
2022-08-12,165.300003
2022-08-15,166.089996
2022-08-16,167.570007
2022-08-17,167.580002
2022-08-18,166.770004
2022-08-19,169.309998
2022-08-22,167.589996
2022-08-23,166.130005
2022-08-24,165.580002
2022-08-25,167.130005
2022-08-26,164.270004
2022-08-29,163.000000
2022-08-30,162.429993
2022-08-31,161.339996
2022-09-01,165.339996
2022-09-02,162.740005
2022-09-06,163.179993
2022-09-07,164.070007
2022-09-08,165.389999
2022-09-09,165.710007
2022-09-12,165.639999
2022-09-13,161.330002
2022-09-14,164.660004
2022-09-15,165.080002
2022-09-16,167.600006
2022-09-19,166.279999
2022-09-20,164.970001
2022-09-21,163.279999
2022-09-22,166.179993
2022-09-23,166.720001
2022-09-26,165.699997
2022-09-27,164.940002
2022-09-28,166.360001
2022-09-29,164.529999
2022-09-30,163.360001
2022-10-03,163.199997
2022-10-04,165.619995
2022-10-05,165.110001
2022-10-06,161.910004
2022-10-07,160.199997
2022-10-10,160.410004
2022-10-11,162.729996
2022-10-12,162.690002
2022-10-13,165.149994
2022-10-14,164.460007
2022-10-17,166.589996
2022-10-18,166.009995
2022-10-19,164.690002
2022-10-20,165.110001
2022-10-21,168.710007
2022-10-24,170.979996
2022-10-25,170.710007
2022-10-26,172.210007
2022-10-27,172.309998
2022-10-28,174.869995
2022-10-31,173.970001
2022-11-01,173.089996
2022-11-02,170.429993
2022-11-03,170.720001
2022-11-04,171.479996
2022-11-07,172.979996
2022-11-08,173.839996
2022-11-09,172.449997
2022-11-10,174.470001
2022-11-11,169.250000
2022-11-14,171.910004
2022-11-15,172.389999
2022-11-16,173.460007
2022-11-17,174.860001
2022-11-18,176.199997
2022-11-21,175.970001
2022-11-22,176.820007
2022-11-23,177.009995
2022-11-25,177.240005
2022-11-28,177.330002
2022-11-29,176.089996
2022-11-30,178.000000
2022-12-01,178.740005
2022-12-02,178.880005
2022-12-05,178.779999
2022-12-06,176.100006
2022-12-07,177.169998
2022-12-08,177.199997
2022-12-09,175.740005
2022-12-12,177.839996
2022-12-13,179.210007
2022-12-14,179.759995
2022-12-15,177.490005
2022-12-16,175.669998
2022-12-19,175.479996
2022-12-20,175.669998
2022-12-21,177.679993
2022-12-22,177.029999
2022-12-23,177.479996
2022-12-27,177.429993
2022-12-28,176.660004
2022-12-29,177.559998
2022-12-30,176.649994
2023-01-03,178.190002
2023-01-04,180.130005
2023-01-05,178.800003
2023-01-06,180.250000
2023-01-09,175.580002
2023-01-10,175.160004
2023-01-11,174.880005
2023-01-12,174.000000
2023-01-13,173.429993
2023-01-17,172.360001
2023-01-18,169.759995
2023-01-19,169.529999
2023-01-20,168.740005
2023-01-23,168.309998
2023-01-24,168.309998
2023-01-25,169.509995
2023-01-26,168.889999
2023-01-27,168.229996
2023-01-30,162.000000
2023-01-31,163.419998
2023-02-01,164.919998
2023-02-02,165.539993
2023-02-03,164.610001
2023-02-06,163.360001
2023-02-07,163.399994
2023-02-08,163.610001
2023-02-09,161.399994
2023-02-10,162.149994
2023-02-13,162.750000
2023-02-14,162.039993
2023-02-15,159.369995
2023-02-16,158.240005
2023-02-17,160.389999
2023-02-21,158.000000
2023-02-22,157.779999
2023-02-23,157.729996
2023-02-24,155.970001
2023-02-27,155.630005
2023-02-28,153.259995
2023-03-01,152.570007
2023-03-02,152.449997
2023-03-03,154.020004
2023-03-06,155.559998
2023-03-07,154.089996
2023-03-08,152.960007
2023-03-09,151.240005
2023-03-10,151.610001
2023-03-13,153.059998
2023-03-14,153.919998
2023-03-15,154.350006
2023-03-16,154.029999
2023-03-17,152.380005
2023-03-20,153.889999
2023-03-21,153.889999
2023-03-22,151.050003
2023-03-23,151.130005
2023-03-24,152.649994
2023-03-27,153.300003
2023-03-28,151.820007
2023-03-29,153.309998
2023-03-30,153.429993
2023-03-31,155.000000
2023-04-03,156.850006
2023-04-04,158.490005
2023-04-05,165.610001
2023-04-06,165.149994
2023-04-10,164.320007
2023-04-11,164.270004
2023-04-12,163.919998
2023-04-13,166.110001
2023-04-14,165.839996
2023-04-17,165.669998
2023-04-18,161.009995
2023-04-19,162.529999
2023-04-20,163.580002
2023-04-21,162.690002
2023-04-24,163.679993
2023-04-25,165.179993
2023-04-26,162.619995
2023-04-27,163.000000
2023-04-28,163.699997
2023-05-01,163.600006
2023-05-02,165.029999
2023-05-03,162.869995
2023-05-04,162.130005
2023-05-05,162.679993
2023-05-08,162.309998
2023-05-09,161.050003
2023-05-10,161.649994
2023-05-11,160.990005
2023-05-12,160.779999
2023-05-15,159.550003
2023-05-16,159.339996
2023-05-17,158.990005
2023-05-18,158.479996
2023-05-19,158.910004
2023-05-22,156.869995
2023-05-23,156.809998
2023-05-24,156.660004
2023-05-25,154.410004
2023-05-26,154.350006
2023-05-30,154.369995
2023-05-31,155.059998
2023-06-01,154.539993
2023-06-02,156.970001
2023-06-05,158.320007
2023-06-06,158.179993
2023-06-07,158.520004
2023-06-08,160.259995
2023-06-09,160.009995
2023-06-12,159.899994
2023-06-13,160.740005
2023-06-14,161.559998
2023-06-15,163.729996
2023-06-16,164.229996
2023-06-20,164.130005
2023-06-21,163.880005
2023-06-22,165.619995
2023-06-23,165.479996
2023-06-26,163.630005
2023-06-27,163.289993
2023-06-28,162.960007
2023-06-29,164.100006
2023-06-30,165.520004
2023-07-03,163.350006
2023-07-05,162.809998
2023-07-06,161.600006
2023-07-07,159.250000
2023-07-10,159.509995
2023-07-11,158.630005
2023-07-12,158.080002
2023-07-13,158.809998
2023-07-14,159.869995
2023-07-17,159.070007
2023-07-18,159.059998
2023-07-19,158.740005
2023-07-20,168.380005
2023-07-21,170.190002
2023-07-24,171.080002
2023-07-25,172.389999
2023-07-26,172.720001
2023-07-27,173.690002
2023-07-28,174.479996
2023-07-31,167.529999
2023-08-01,168.889999
2023-08-02,169.910004
2023-08-03,170.639999
2023-08-04,169.039993
2023-08-07,173.100006
2023-08-08,173.179993
2023-08-09,173.070007
2023-08-10,172.169998
2023-08-11,173.850006
2023-08-14,173.440002
2023-08-15,172.940002
2023-08-16,172.389999
2023-08-17,174.009995
2023-08-18,172.490005
2023-08-21,167.350006
2023-08-22,166.020004
2023-08-23,164.529999
2023-08-24,165.089996
2023-08-25,166.250000
2023-08-28,164.289993
2023-08-29,164.309998
2023-08-30,163.729996
2023-08-31,161.679993
2023-09-01,160.479996
2023-09-05,160.679993
2023-09-06,158.009995
2023-09-07,160.029999
2023-09-08,160.559998
2023-09-11,162.660004
2023-09-12,163.580002
2023-09-13,163.990005
2023-09-14,163.740005
2023-09-15,161.449997
2023-09-18,162.470001
2023-09-19,162.199997
2023-09-20,162.910004
2023-09-21,161.660004
2023-09-22,160.500000
2023-09-25,160.259995
2023-09-26,159.020004
2023-09-27,157.110001
2023-09-28,156.880005
2023-09-29,155.750000
2023-10-02,155.149994
2023-10-03,155.339996
2023-10-04,155.520004
2023-10-05,157.139999
2023-10-06,157.639999
2023-10-09,158.539993
2023-10-10,158.360001
2023-10-11,156.179993
2023-10-12,156.330002
2023-10-13,156.850006
2023-10-16,157.529999
2023-10-17,156.089996
2023-10-18,152.729996
2023-10-19,152.320007
2023-10-20,153.000000
2023-10-23,151.389999
2023-10-24,151.229996
2023-10-25,151.570007
2023-10-26,149.000000
2023-10-27,145.600006
2023-10-30,147.029999
2023-10-31,148.339996
2023-11-01,148.690002
2023-11-02,150.240005
2023-11-03,151.339996
2023-11-06,151.699997
2023-11-07,150.899994
2023-11-08,150.350006
2023-11-09,147.419998
2023-11-10,147.250000
2023-11-13,147.630005
2023-11-14,147.660004
2023-11-15,148.800003
2023-11-16,150.100006
2023-11-17,149.789993
2023-11-20,149.910004
2023-11-21,151.119995
2023-11-22,150.820007
2023-11-24,152.500000
2023-11-27,151.279999
2023-11-28,151.630005
2023-11-29,152.110001
2023-11-30,154.660004
2023-12-01,158.380005
2023-12-04,158.880005
2023-12-05,158.550003
2023-12-06,156.619995
2023-12-07,155.399994
2023-12-08,154.419998
2023-12-11,155.059998
2023-12-12,155.070007
2023-12-13,155.789993
2023-12-14,156.869995
2023-12-15,155.160004
2023-12-18,155.440002
2023-12-19,156.460007
2023-12-20,153.270004
2023-12-21,154.839996
2023-12-22,155.460007
2023-12-26,156.139999
2023-12-27,156.350006
2023-12-28,156.580002
2023-12-29,156.740005
2024-01-02,159.970001
2024-01-03,160.970001
2024-01-04,160.630005
2024-01-05,161.130005
2024-01-08,161.529999
2024-01-09,161.630005
2024-01-10,161.869995
2024-01-11,161.149994
2024-01-12,162.389999
2024-01-16,160.520004
2024-01-17,160.429993
2024-01-18,161.210007
2024-01-19,161.679993
2024-01-22,162.470001
2024-01-23,159.809998
2024-01-24,158.960007
2024-01-25,159.559998
2024-01-26,159.500000
2024-01-29,159.360001
2024-01-30,158.770004
2024-01-31,158.899994
2024-02-01,158.360001
2024-02-02,156.610001
2024-02-05,155.800003
2024-02-06,158.059998
2024-02-07,157.979996
2024-02-08,156.399994
2024-02-09,156.759995
2024-02-12,157.850006
2024-02-13,156.470001
2024-02-14,155.740005
2024-02-15,157.919998
2024-02-16,156.550003
2024-02-20,157.860001
2024-02-21,158.679993
2024-02-22,160.449997
2024-02-23,161.839996
2024-02-26,160.789993
2024-02-27,160.979996
2024-02-28,161.550003
2024-02-29,161.380005
2024-03-01,162.119995
2024-03-04,159.839996
2024-03-05,159.970001
2024-03-06,159.339996
2024-03-07,158.869995
2024-03-08,159.520004
2024-03-11,161.229996
2024-03-12,162.740005
2024-03-13,161.100006
2024-03-14,159.210007
2024-03-15,158.179993
2024-03-18,156.759995
2024-03-19,156.210007
2024-03-20,155.759995
2024-03-21,155.750000
2024-03-22,155.229996
2024-03-25,155.220001
2024-03-26,155.770004
2024-03-27,157.960007
2024-03-28,158.190002
2024-04-01,157.779999
2024-04-02,157.729996
2024-04-03,154.259995
2024-04-04,152.500000
2024-04-05,152.389999
2024-04-08,151.589996
2024-04-09,152.289993
2024-04-10,150.199997
2024-04-11,148.789993
2024-04-12,147.520004
2024-04-15,147.589996
2024-04-16,144.449997
2024-04-17,144.770004
2024-04-18,145.740005
2024-04-19,147.910004
2024-04-22,149.119995
2024-04-23,149.559998
2024-04-24,148.529999
2024-04-25,146.820007
2024-04-26,146.139999
2024-04-29,146.820007
2024-04-30,144.589996
2024-05-01,151.179993
2024-05-02,149.919998
2024-05-03,149.270004
2024-05-06,148.580002
2024-05-07,148.720001
2024-05-08,148.949997
2024-05-09,149.850006
2024-05-10,149.910004
2024-05-13,151.220001
2024-05-14,151.380005
2024-05-15,152.669998
2024-05-16,154.279999
2024-05-17,154.639999
2024-05-20,151.270004
2024-05-21,151.240005
2024-05-22,153.500000
2024-05-23,149.699997
2024-05-24,146.970001
2024-05-28,144.380005
2024-05-29,144.440002
2024-05-30,145.279999
2024-05-31,146.669998
2024-06-03,147.740005
2024-06-04,147.800003
2024-06-05,145.970001
2024-06-06,146.419998
2024-06-07,147.080002
2024-06-10,147.130005
2024-06-11,146.759995
2024-06-12,145.410004
2024-06-13,145.449997
2024-06-14,145.539993
2024-06-17,145.949997
2024-06-18,145.649994
2024-06-20,147.779999
2024-06-21,148.750000
2024-06-24,149.119995
2024-06-25,147.190002
2024-06-26,146.820007
2024-06-27,145.800003
2024-06-28,146.160004
2024-07-01,146.440002
2024-07-02,146.029999
2024-07-03,145.690002
2024-07-05,146.479996
2024-07-08,145.479996
2024-07-09,147.050003
2024-07-10,149.429993
2024-07-11,149.699997
2024-07-12,149.880005
2024-07-15,149.240005
2024-07-16,151.009995
2024-07-17,156.580002
2024-07-18,155.419998
2024-07-19,154.690002
2024-07-22,154.240005
2024-07-23,152.350006
2024-07-24,156.279999
2024-07-25,159.639999
2024-07-26,160.639999
2024-07-29,158.559998
2024-07-30,161.330002
2024-07-31,157.850006
2024-08-01,160.759995
2024-08-02,164.139999
2024-08-05,161.250000
2024-08-06,158.970001
2024-08-07,158.899994
2024-08-08,160.220001
2024-08-09,160.619995
2024-08-12,159.880005
2024-08-13,158.389999
2024-08-14,158.479996
2024-08-15,159.089996
2024-08-16,159.389999
2024-08-19,159.630005
2024-08-20,160.160004
2024-08-21,161.429993
2024-08-22,162.350006
2024-08-23,164.130005
2024-08-26,164.610001
2024-08-27,162.949997
2024-08-28,163.919998
2024-08-29,164.229996
2024-08-30,165.860001
2024-09-03,167.160004
2024-09-04,167.360001
2024-09-05,164.990005
2024-09-06,164.380005
2024-09-09,166.610001
2024-09-10,167.380005
2024-09-11,164.820007
2024-09-12,164.639999
2024-09-13,165.520004
2024-09-16,166.990005
2024-09-17,167.070007
2024-09-18,166.149994
2024-09-19,164.820007
2024-09-20,164.160004
2024-09-23,163.220001
2024-09-24,162.779999
2024-09-25,160.600006
2024-09-26,161.389999
2024-09-27,161.399994
2024-09-30,162.059998
2024-10-01,161.990005
2024-10-02,161.169998
2024-10-03,160.500000
2024-10-04,160.289993
2024-10-07,159.529999
2024-10-08,159.690002
2024-10-09,160.649994
2024-10-10,160.509995
2024-10-11,161.460007
2024-10-14,161.600006
2024-10-15,164.100006
2024-10-16,164.279999
2024-10-17,164.470001
2024-10-18,165.119995
2024-10-21,162.830002
2024-10-22,163.449997
2024-10-23,165.860001
2024-10-24,163.669998
2024-10-25,160.880005
2024-10-28,161.600006
2024-10-29,160.089996
2024-10-30,160.610001
2024-10-31,159.860001
2024-11-01,160.130005
2024-11-04,158.240005
2024-11-05,158.350006
2024-11-06,157.880005
2024-11-07,156.729996
2024-11-08,155.470001
2024-11-11,155.039993
2024-11-12,152.639999
2024-11-13,153.240005
2024-11-14,151.869995
2024-11-15,154.000000
2024-11-18,154.770004
2024-11-19,153.000000
2024-11-20,153.110001
2024-11-21,155.500000
2024-11-22,155.169998
2024-11-25,155.779999
2024-11-26,154.520004
2024-11-27,155.399994
2024-11-29,155.009995
2024-12-02,154.800003
2024-12-03,152.360001
2024-12-04,150.470001
2024-12-05,149.520004
2024-12-06,149.309998
2024-12-09,149.600006
2024-12-10,149.229996
2024-12-11,146.639999
2024-12-12,146.240005
2024-12-13,146.619995
2024-12-16,143.850006
2024-12-17,146.410004
2024-12-18,144.750000
2024-12-19,143.580002
2024-12-20,144.470001
2024-12-23,145.270004
2024-12-24,145.850006
2024-12-26,145.580002
2024-12-27,145.050003
2024-12-30,143.339996
2024-12-31,144.619995
2025-01-02,144.020004
2025-01-03,144.190002
2025-01-06,143.660004
2025-01-07,146.229996
2025-01-08,142.270004
2025-01-10,142.059998
2025-01-13,144.470001
2025-01-14,144.750000
2025-01-15,144.970001
2025-01-16,147.770004
2025-01-17,147.029999
2025-01-21,148.149994
2025-01-22,145.270004
2025-01-23,146.639999
2025-01-24,146.820007
2025-01-27,152.889999
2025-01-28,150.380005
2025-01-29,151.149994
2025-01-30,152.869995
2025-01-31,152.149994
2025-02-03,151.869995
2025-02-04,153.490005
2025-02-05,154.690002
2025-02-06,153.509995
2025-02-07,153.119995
2025-02-10,154.240005
2025-02-11,156.130005
2025-02-12,155.259995
2025-02-13,157.250000
2025-02-14,156.149994
2025-02-18,154.990005
2025-02-19,157.889999
2025-02-20,159.679993
2025-02-21,162.300003
2025-02-24,163.740005
2025-02-25,166.089996
2025-02-26,163.080002
2025-02-27,163.729996
2025-02-28,165.020004
2025-03-03,167.279999
2025-03-04,165.419998
2025-03-05,165.119995
2025-03-06,165.830002
2025-03-07,166.690002
2025-03-10,167.699997
2025-03-11,165.860001
2025-03-12,162.850006
2025-03-13,162.990005
2025-03-14,162.809998
2025-03-17,162.839996
2025-03-18,164.250000
2025-03-19,162.990005
2025-03-20,163.020004
2025-03-21,163.630005
2025-03-24,163.289993
2025-03-25,161.020004
2025-03-26,161.720001
2025-03-27,163.130005
2025-03-28,163.710007
2025-03-31,165.839996
2025-04-01,153.250000
2025-04-02,155.360001
2025-04-03,159.820007
2025-04-04,153.240005
2025-04-07,150.619995
2025-04-08,150.000000
2025-04-09,150.970001
2025-04-10,148.690002
2025-04-11,151.729996
2025-04-14,154.360001
2025-04-15,153.619995
2025-04-16,153.910004
2025-04-17,157.470001
2025-04-21,156.919998
2025-04-22,157.750000
2025-04-23,155.380005
2025-04-24,154.929993
2025-04-25,154.580002
2025-04-28,155.350006
2025-04-29,155.910004
2025-04-30,156.309998
2025-05-01,154.460007
2025-05-02,156.119995
2025-05-05,155.000000
2025-05-06,154.470001
2025-05-07,157.300003
2025-05-08,155.660004
2025-05-09,154.220001
2025-05-12,154.139999
2025-05-13,148.440002
2025-05-14,146.360001
2025-05-15,149.610001
2025-05-16,151.330002
2025-05-19,152.490005
2025-05-20,153.660004
2025-05-21,153.179993
2025-05-22,152.610001
2025-05-23,152.940002
2025-05-27,153.250000
2025-05-28,152.429993
2025-05-29,153.580002
2025-05-30,155.210007
2025-06-02,155.399994
2025-06-03,154.419998
2025-06-04,153.220001
2025-06-05,153.660004
2025-06-06,155.029999
2025-06-09,155.229996
2025-06-10,156.449997
2025-06-11,155.259995
2025-06-12,156.660004
2025-06-13,157.100006
2025-06-16,155.220001
2025-06-17,152.380005
2025-06-18,150.729996
2025-06-20,149.789993
2025-06-23,151.320007
2025-06-24,152.190002
2025-06-25,152.279999
2025-06-26,152.009995
2025-06-27,152.410004
2025-06-30,152.750000
2025-07-01,155.919998
2025-07-02,155.559998
2025-07-03,156.009995
2025-07-07,155.270004
2025-07-08,155.789993
2025-07-09,156.279999
2025-07-10,157.690002
2025-07-11,156.899994
2025-07-14,156.820007
2025-07-15,155.169998
2025-07-16,164.779999
2025-07-17,162.979996
2025-07-18,163.699997
2025-07-21,164.360001
2025-07-22,167.929993
2025-07-23,169.100006
2025-07-24,169.559998
2025-07-25,168.300003
2025-07-28,166.220001
2025-07-29,168.110001
2025-07-30,167.259995
2025-07-31,164.740005
2025-08-01,167.330002
2025-08-04,171.039993
2025-08-05,170.740005
2025-08-06,170.589996
2025-08-07,171.529999
2025-08-08,173.330002
2025-08-11,173.820007
2025-08-12,172.779999
2025-08-13,174.419998
2025-08-14,174.720001
2025-08-15,176.639999
2025-08-18,176.250000
2025-08-19,177.800003
2025-08-20,178.839996
2025-08-21,178.929993
2025-08-22,179.289993
2025-08-25,178.410004
2025-08-26,176.490005
2025-08-27,176.789993
2025-08-28,175.449997
2025-08-29,177.169998
2025-09-02,178.059998
2025-09-03,178.000000
2025-09-04,178.759995
2025-09-05,178.429993
2025-09-08,178.130005
2025-09-09,176.960007
2025-09-10,175.789993
2025-09-11,178.500000
2025-09-12,178.059998
2025-09-15,177.399994
2025-09-16,176.460007
2025-09-17,177.199997
2025-09-18,174.160004
2025-09-19,176.190002
2025-09-22,174.210007
2025-09-23,176.580002
2025-09-24,176.690002
2025-09-25,177.729996
2025-09-26,179.710007
2025-09-29,181.619995
2025-09-30,185.419998
2025-10-01,186.050003
2025-10-02,185.979996
2025-10-03,188.639999
2025-10-06,188.160004
2025-10-07,188.889999
2025-10-08,189.690002
2025-10-09,191.080002
2025-10-10,190.720001
2025-10-13,190.899994
2025-10-14,190.850006
2025-10-15,191.169998
2025-10-16,192.119995
2025-10-17,193.220001
2025-10-20,193.720001
2025-10-21,191.880005
2025-10-22,192.940002
2025-10-23,192.470001
2025-10-24,190.399994
2025-10-27,190.300003
2025-10-28,186.929993
2025-10-29,186.600006
2025-10-30,189.050003
2025-10-31,188.869995
2025-11-03,186.259995
2025-11-04,186.860001
2025-11-05,186.000000
2025-11-06,186.970001
2025-11-07,186.570007
2025-11-10,188.410004
2025-11-11,193.830002
2025-11-12,194.389999
2025-11-13,195.250000
2025-11-14,195.929993
2025-11-17,199.580002
2025-11-18,200.000000
2025-11-19,202.509995
2025-11-20,203.070007
2025-11-21,203.899994
2025-11-24,206.050003
2025-11-25,206.669998
2025-11-26,207.559998
2025-11-28,206.919998
2025-12-01,205.339996
2025-12-02,205.419998
2025-12-03,205.330002
2025-12-04,202.479996
2025-12-05,201.929993
2025-12-08,201.619995
2025-12-09,199.960007
2025-12-10,206.539993
2025-12-11,210.009995
2025-12-12,211.580002
2025-12-15,214.169998
2025-12-16,209.300003
2025-12-17,210.330002
2025-12-18,208.309998
2025-12-19,206.369995
2025-12-22,207.320007
2025-12-23,205.779999
2025-12-24,207.779999
2025-12-26,207.630005
2025-12-29,207.559998
2025-12-30,206.910004
2025-12-31,206.949997
2026-01-02,207.350006
2026-01-05,204.309998
2026-01-06,204.789993
2026-01-07,207.490005
2026-01-08,205.750000
2026-01-09,204.389999
2026-01-12,209.720001
2026-01-13,213.649994
2026-01-14,218.550003
2026-01-15,219.570007
2026-01-16,218.660004
2026-01-20,218.210007
2026-01-21,218.009995
2026-01-22,218.490005
2026-01-23,220.139999
2026-01-26,221.490005
2026-01-27,224.440002
2026-01-28,227.720001
2026-01-29,227.289993
2026-01-30,227.250000
2026-02-02,230.750000
2026-02-03,233.100006
2026-02-04,234.470001
2026-02-05,237.789993
2026-02-06,239.990005
2026-02-09,238.639999
2026-02-10,238.350006
2026-02-11,240.860001
2026-02-12,244.550003
2026-02-13,243.449997
2026-02-17,243.330002
2026-02-18,244.990005
2026-02-19,246.910004
2026-02-20,242.490005
2026-02-23,245.839996
2026-02-24,246.279999
2026-02-25,245.169998
2026-02-26,243.470001
2026-02-27,248.429993
2026-03-02,248.559998
2026-03-03,246.750000
2026-03-04,245.300003
2026-03-05,239.630005
2026-03-06,240.399994
2026-03-09,242.589996
2026-03-10,243.710007
2026-03-11,242.990005
2026-03-12,242.039993
2026-03-13,241.520004
2026-03-16,243.190002
2026-03-17,238.110001
2026-03-18,237.279999
2026-03-19,237.600006
2026-03-20,235.369995
2026-03-23,235.419998
2026-03-24,235.270004
2026-03-25,239.929993
2026-03-26,239.240005
2026-03-27,240.449997
2026-03-30,242.490005
2026-03-31,244.440002
2026-04-01,244.119995
2026-04-02,243.039993
2026-04-06,240.970001
2026-04-07,238.410004
2026-04-08,241.300003
2026-04-09,241.309998
2026-04-10,238.460007
2026-04-13,237.960007
2026-04-14,240.100006
2026-04-15,238.669998
2026-04-16,234.539993
2026-04-17,234.179993
2026-04-20,230.690002
2026-04-21,226.160004
2026-04-22,226.100006
2026-04-23,230.649994
2026-04-24,227.500000
2026-04-27,225.339996
2026-04-28,227.789993
2026-04-29,227.350006
2026-04-30,229.850006
2026-05-01,227.190002
2026-05-04,224.199997
2026-05-05,225.550003
2026-05-06,224.619995
2026-05-07,222.509995
2026-05-08,221.320007
2026-05-11,221.429993
2026-05-12,224.259995
2026-05-13,230.419998
2026-05-14,230.800003
2026-05-15,226.710007
2026-05-18,228.919998
2026-05-19,230.000000
2026-05-20,229.320007
2026-05-21,231.729996
2026-05-22,234.339996
2026-05-26,230.179993
2026-05-27,231.289993
2026-05-28,230.800003
2026-05-29,225.330002
2026-06-01,223.509995
2026-06-02,222.889999
2026-06-03,223.240005
2026-06-04,228.169998
2026-06-05,232.770004
2026-06-08,232.160004
2026-06-09,237.000000
2026-06-10,238.490005
2026-06-11,238.330002
2026-06-12,240.869995
2026-06-15,235.660004
2026-06-16,235.179993
2026-06-17,234.199997
2026-06-18,228.389999
2026-06-22,231.289993
2026-06-23,239.080002
2026-06-24,241.000000
2026-06-25,244.880005
2026-06-26,254.660004
2026-06-29,258.510010
2026-06-30,253.970001
2026-07-01,253.979996
2026-07-02,263.040009
2026-07-06,259.329987
2026-07-07,267.239990
2026-07-08,263.399994
2026-07-09,259.100006
2026-07-10,256.980011
2026-07-13,257.769989
2026-07-14,253.850006
2026-07-15,247.020004
2026-07-16,249.970001
2026-07-17,253.039993
2026-07-20,248.820007
2026-07-21,250.610001
