Date,Close
2000-01-03,28.187500
2000-01-04,28.218750
2000-01-05,28.468750
2000-01-06,28.500000
2000-01-07,30.375000
2000-01-10,29.406250
2000-01-11,30.406250
2000-01-12,30.750000
2000-01-13,30.281250
2000-01-14,30.531250
2000-01-18,32.500000
2000-01-19,32.625000
2000-01-20,32.937500
2000-01-21,33.437500
2000-01-24,32.437500
2000-01-25,32.937500
2000-01-26,31.531250
2000-01-27,29.750000
2000-01-28,28.468750
2000-01-31,28.718750
2000-02-01,29.062500
2000-02-02,28.187500
2000-02-03,27.625000
2000-02-04,28.125000
2000-02-07,28.437500
2000-02-08,28.593750
2000-02-09,28.500000
2000-02-10,28.343750
2000-02-11,27.781250
2000-02-14,27.062500
2000-02-15,27.843750
2000-02-16,26.781250
2000-02-17,26.156250
2000-02-18,25.687500
2000-02-22,25.875000
2000-02-23,25.625000
2000-02-24,24.906250
2000-02-25,24.343750
2000-02-28,24.656250
2000-02-29,24.312500
2000-03-01,25.500000
2000-03-02,24.812500
2000-03-03,25.062500
2000-03-06,24.500000
2000-03-07,23.562500
2000-03-08,23.750000
2000-03-09,23.375000
2000-03-10,22.750000
2000-03-13,21.875000
2000-03-14,21.656250
2000-03-15,23.781250
2000-03-16,24.875000
2000-03-17,24.562500
2000-03-20,24.281250
2000-03-21,24.718750
2000-03-22,23.531250
2000-03-23,23.500000
2000-03-24,23.500000
2000-03-27,22.625000
2000-03-28,22.437500
2000-03-29,23.437500
2000-03-30,24.281250
2000-03-31,23.468750
2000-04-03,24.656250
2000-04-04,26.187500
2000-04-05,23.812500
2000-04-06,22.875000
2000-04-07,23.093750
2000-04-10,22.500000
2000-04-11,23.593750
2000-04-12,24.250000
2000-04-13,23.625000
2000-04-14,23.500000
2000-04-17,24.250000
2000-04-18,24.312500
2000-04-19,24.593750
2000-04-20,24.718750
2000-04-24,24.812500
2000-04-25,25.250000
2000-04-26,24.718750
2000-04-27,24.125000
2000-04-28,23.625000
2000-05-01,23.125000
2000-05-02,23.125000
2000-05-03,24.250000
2000-05-04,24.250000
2000-05-05,23.531250
2000-05-08,24.250000
2000-05-09,25.250000
2000-05-10,26.406250
2000-05-11,26.781250
2000-05-12,26.125000
2000-05-15,25.875000
2000-05-16,24.468750
2000-05-17,24.125000
2000-05-18,24.718750
2000-05-19,25.031250
2000-05-22,25.343750
2000-05-23,25.000000
2000-05-24,26.343750
2000-05-25,26.343750
2000-05-26,27.281250
2000-05-30,26.937500
2000-05-31,26.687500
2000-06-01,26.625000
2000-06-02,26.281250
2000-06-05,26.000000
2000-06-06,25.906250
2000-06-07,26.500000
2000-06-08,26.406250
2000-06-09,26.156250
2000-06-12,26.312500
2000-06-13,26.687500
2000-06-14,26.500000
2000-06-15,27.937500
2000-06-16,27.750000
2000-06-19,27.218750
2000-06-20,26.468750
2000-06-21,26.750000
2000-06-22,28.062500
2000-06-23,28.937500
2000-06-26,29.500000
2000-06-27,28.937500
2000-06-28,30.023438
2000-06-29,29.531250
2000-06-30,28.718750
2000-07-03,29.093750
2000-07-05,29.375000
2000-07-06,29.468750
2000-07-07,29.375000
2000-07-10,28.781250
2000-07-11,28.093750
2000-07-12,28.062500
2000-07-13,28.968750
2000-07-14,28.812500
2000-07-17,28.671875
2000-07-18,29.093750
2000-07-19,30.250000
2000-07-20,30.250000
2000-07-21,30.429688
2000-07-24,29.625000
2000-07-25,29.625000
2000-07-26,29.406250
2000-07-27,30.218750
2000-07-28,31.343750
2000-07-31,30.656250
2000-08-01,31.500000
2000-08-02,31.468750
2000-08-03,31.500000
2000-08-04,31.062500
2000-08-07,30.687500
2000-08-08,30.468750
2000-08-09,29.906250
2000-08-10,30.500000
2000-08-11,31.125000
2000-08-14,31.531250
2000-08-15,31.000000
2000-08-16,30.343750
2000-08-17,29.843750
2000-08-18,30.156250
2000-08-21,29.906250
2000-08-22,29.000000
2000-08-23,29.398438
2000-08-24,28.968750
2000-08-25,28.000000
2000-08-28,28.500000
2000-08-29,28.156250
2000-08-30,27.125000
2000-08-31,26.320312
2000-09-01,27.125000
2000-09-05,28.156250
2000-09-06,27.156250
2000-09-07,27.000000
2000-09-08,27.281250
2000-09-11,26.500000
2000-09-12,26.750000
2000-09-13,26.250000
2000-09-14,25.500000
2000-09-15,25.406250
2000-09-18,26.562500
2000-09-19,26.437500
2000-09-20,25.125000
2000-09-21,24.781250
2000-09-22,26.437500
2000-09-25,26.781250
2000-09-26,27.468750
2000-09-27,27.812500
2000-09-28,27.718750
2000-09-29,27.562500
2000-10-02,28.500000
2000-10-03,28.156250
2000-10-04,28.625000
2000-10-05,29.562500
2000-10-06,29.218750
2000-10-09,28.906250
2000-10-10,29.093750
2000-10-11,29.281250
2000-10-12,28.625000
2000-10-13,28.593750
2000-10-16,29.312500
2000-10-17,28.968750
2000-10-18,29.093750
2000-10-19,28.562500
2000-10-20,27.406250
2000-10-23,27.656250
2000-10-24,28.062500
2000-10-25,28.968750
2000-10-26,29.343750
2000-10-27,29.468750
2000-10-30,29.937500
2000-10-31,30.187500
2000-11-01,30.437500
2000-11-02,30.375000
2000-11-03,29.656250
2000-11-06,30.250000
2000-11-07,30.031250
2000-11-08,30.093750
2000-11-09,31.156250
2000-11-10,30.937500
2000-11-13,30.531250
2000-11-14,30.281250
2000-11-15,30.656250
2000-11-16,30.968750
2000-11-17,30.718750
2000-11-20,28.281250
2000-11-21,27.625000
2000-11-22,29.781250
2000-11-24,29.500000
2000-11-27,29.781250
2000-11-28,30.218750
2000-11-29,31.062500
2000-11-30,31.312500
2000-12-01,31.093750
2000-12-04,31.375000
2000-12-05,30.718750
2000-12-06,30.437500
2000-12-07,31.187500
2000-12-08,30.437500
2000-12-11,29.156250
2000-12-12,29.000000
2000-12-13,28.906250
2000-12-14,28.500000
2000-12-15,26.750000
2000-12-18,27.437500
2000-12-19,28.375000
2000-12-20,28.125000
2000-12-21,29.687500
2000-12-22,29.437500
2000-12-26,30.000000
2000-12-27,30.281250
2000-12-28,30.531250
2000-12-29,30.468750
2001-01-02,30.406250
2001-01-03,29.625000
2001-01-04,28.781250
2001-01-05,28.843750
2001-01-08,29.312500
2001-01-09,29.687500
2001-01-10,29.562500
2001-01-11,28.687500
2001-01-12,28.312500
2001-01-16,28.500000
2001-01-17,28.968750
2001-01-18,28.562500
2001-01-19,27.906250
2001-01-22,27.843750
2001-01-23,28.437500
2001-01-24,29.031250
2001-01-25,29.312500
2001-01-26,28.968750
2001-01-29,28.559999
2001-01-30,28.955000
2001-01-31,29.000000
2001-02-01,28.719999
2001-02-02,28.870001
2001-02-05,29.600000
2001-02-06,29.709999
2001-02-07,30.000000
2001-02-08,30.305000
2001-02-09,30.070000
2001-02-12,30.410000
2001-02-13,29.980000
2001-02-14,29.750000
2001-02-15,29.184999
2001-02-16,29.680000
2001-02-20,29.235001
2001-02-21,27.459999
2001-02-22,26.495001
2001-02-23,26.000000
2001-02-26,26.235001
2001-02-27,26.000000
2001-02-28,26.514999
2001-03-01,26.350000
2001-03-02,26.275000
2001-03-05,25.100000
2001-03-06,24.900000
2001-03-07,25.215000
2001-03-08,25.700001
2001-03-09,25.750000
2001-03-12,25.049999
2001-03-13,24.375000
2001-03-14,23.834999
2001-03-15,23.825001
2001-03-16,24.325001
2001-03-19,24.200001
2001-03-20,23.715000
2001-03-21,22.625000
2001-03-22,22.860001
2001-03-23,22.750000
2001-03-26,22.450001
2001-03-27,23.305000
2001-03-28,22.975000
2001-03-29,22.260000
2001-03-30,22.580000
2001-04-02,22.924999
2001-04-03,22.330000
2001-04-04,22.625000
2001-04-05,22.650000
2001-04-06,22.500000
2001-04-09,21.950001
2001-04-10,21.825001
2001-04-11,22.065001
2001-04-12,22.285000
2001-04-16,22.705000
2001-04-17,22.850000
2001-04-18,23.375000
2001-04-19,23.750000
2001-04-20,23.500000
2001-04-23,23.725000
2001-04-24,23.695000
2001-04-25,24.100000
2001-04-26,23.450001
2001-04-27,23.500000
2001-04-30,23.094999
2001-05-01,23.815001
2001-05-02,23.785000
2001-05-03,23.375000
2001-05-04,23.415001
2001-05-07,23.410000
2001-05-08,23.285000
2001-05-09,22.879999
2001-05-10,22.805000
2001-05-11,22.645000
2001-05-14,23.004999
2001-05-15,22.950001
2001-05-16,24.115000
2001-05-17,24.065001
2001-05-18,24.049999
2001-05-21,24.145000
2001-05-22,23.900000
2001-05-23,24.350000
2001-05-24,24.545000
2001-05-25,24.084999
2001-05-29,24.170000
2001-05-30,23.940001
2001-05-31,23.700001
2001-06-01,23.905001
2001-06-04,23.785000
2001-06-05,23.809999
2001-06-06,23.375000
2001-06-07,23.059999
2001-06-08,23.000000
2001-06-11,22.965000
2001-06-12,22.955000
2001-06-13,22.924999
2001-06-14,22.510000
2001-06-15,22.129999
2001-06-18,21.885000
2001-06-19,21.875000
2001-06-20,21.965000
2001-06-21,21.795000
2001-06-22,21.424999
2001-06-25,21.795000
2001-06-26,21.975000
2001-06-27,22.090000
2001-06-28,22.674999
2001-06-29,22.500000
2001-07-02,22.799999
2001-07-03,22.969999
2001-07-05,22.620001
2001-07-06,22.299999
2001-07-09,22.610001
2001-07-10,22.334999
2001-07-11,22.754999
2001-07-12,22.745001
2001-07-13,23.004999
2001-07-16,23.490000
2001-07-17,23.565001
2001-07-18,23.110001
2001-07-19,23.350000
2001-07-20,23.055000
2001-07-23,22.240000
2001-07-24,22.100000
2001-07-25,22.490000
2001-07-26,22.500000
2001-07-27,22.395000
2001-07-30,22.129999
2001-07-31,22.299999
2001-08-01,22.040001
2001-08-02,21.955000
2001-08-03,22.350000
2001-08-06,22.305000
2001-08-07,22.440001
2001-08-08,22.750000
2001-08-09,22.805000
2001-08-10,22.834999
2001-08-13,22.900000
2001-08-14,23.020000
2001-08-15,23.790001
2001-08-16,23.855000
2001-08-17,23.770000
2001-08-20,24.270000
2001-08-21,24.155001
2001-08-22,24.125000
2001-08-23,24.725000
2001-08-24,24.605000
2001-08-27,24.254999
2001-08-28,23.934999
2001-08-29,23.850000
2001-08-30,24.395000
2001-08-31,24.334999
2001-09-04,24.750000
2001-09-05,25.225000
2001-09-06,24.754999
2001-09-07,24.865000
2001-09-10,24.975000
2001-09-17,25.100000
2001-09-18,24.735001
2001-09-19,24.750000
2001-09-20,24.174999
2001-09-21,23.400000
2001-09-24,24.014999
2001-09-25,24.000000
2001-09-26,23.445000
2001-09-27,23.475000
2001-09-28,23.424999
2001-10-01,23.045000
2001-10-02,23.084999
2001-10-03,22.900000
2001-10-04,22.580000
2001-10-05,22.750000
2001-10-08,23.075001
2001-10-09,23.090000
2001-10-10,23.075001
2001-10-11,23.025000
2001-10-12,22.400000
2001-10-15,22.250000
2001-10-16,22.270000
2001-10-17,22.139999
2001-10-18,23.059999
2001-10-19,24.295000
2001-10-22,24.490000
2001-10-23,24.434999
2001-10-24,24.385000
2001-10-25,24.719999
2001-10-26,24.570000
2001-10-29,24.305000
2001-10-30,24.080000
2001-10-31,23.940001
2001-11-01,24.295000
2001-11-02,24.440001
2001-11-05,24.650000
2001-11-06,24.924999
2001-11-07,24.700001
2001-11-08,24.535000
2001-11-09,24.610001
2001-11-12,24.660000
2001-11-13,24.825001
2001-11-14,25.000000
2001-11-15,25.000000
2001-11-16,24.965000
2001-11-19,24.735001
2001-11-20,24.500000
2001-11-21,24.379999
2001-11-23,24.575001
2001-11-26,24.155001
2001-11-27,23.995001
2001-11-28,23.375000
2001-11-29,23.540001
2001-11-30,23.480000
2001-12-03,23.264999
2001-12-04,23.275000
2001-12-05,23.559999
2001-12-06,23.215000
2001-12-07,23.299999
2001-12-10,22.815001
2001-12-11,22.825001
2001-12-12,22.990000
2001-12-13,23.115000
2001-12-14,23.125000
2001-12-17,23.075001
2001-12-18,23.250000
2001-12-19,23.745001
2001-12-20,23.879999
2001-12-21,24.389999
2001-12-24,24.184999
2001-12-26,24.260000
2001-12-27,23.969999
2001-12-28,23.584999
2001-12-31,23.575001
2002-01-02,23.735001
2002-01-03,23.424999
2002-01-04,23.215000
2002-01-07,22.610001
2002-01-08,22.325001
2002-01-09,22.280001
2002-01-10,22.389999
2002-01-11,22.650000
2002-01-14,22.250000
2002-01-15,22.174999
2002-01-16,22.075001
2002-01-17,22.525000
2002-01-18,22.719999
2002-01-22,22.950001
2002-01-23,22.389999
2002-01-24,22.110001
2002-01-25,22.575001
2002-01-28,22.605000
2002-01-29,22.000000
2002-01-30,21.924999
2002-01-31,21.875000
2002-02-01,22.340000
2002-02-04,22.340000
2002-02-05,22.875000
2002-02-06,23.250000
2002-02-07,22.940001
2002-02-08,22.924999
2002-02-11,23.070000
2002-02-12,23.055000
2002-02-13,23.190001
2002-02-14,23.495001
2002-02-15,23.475000
2002-02-19,23.145000
2002-02-20,23.440001
2002-02-21,23.000000
2002-02-22,23.650000
2002-02-25,23.684999
2002-02-26,23.495001
2002-02-27,23.740000
2002-02-28,23.695000
2002-03-01,24.205000
2002-03-04,23.885000
2002-03-05,23.799999
2002-03-06,23.770000
2002-03-07,23.475000
2002-03-08,23.924999
2002-03-11,23.790001
2002-03-12,24.045000
2002-03-13,23.975000
2002-03-14,23.945000
2002-03-15,24.320000
2002-03-18,24.334999
2002-03-19,24.600000
2002-03-20,24.705000
2002-03-21,25.200001
2002-03-22,25.625000
2002-03-25,25.875000
2002-03-26,26.299999
2002-03-27,26.145000
2002-03-28,26.129999
2002-04-01,26.150000
2002-04-02,26.139999
2002-04-03,25.870001
2002-04-04,26.010000
2002-04-05,26.090000
2002-04-08,26.500000
2002-04-09,26.674999
2002-04-10,27.110001
2002-04-11,26.570000
2002-04-12,26.680000
2002-04-15,26.195000
2002-04-16,26.940001
2002-04-17,26.959999
2002-04-18,26.855000
2002-04-19,27.455000
2002-04-22,27.650000
2002-04-23,27.260000
2002-04-24,27.490000
2002-04-25,27.490000
2002-04-26,27.225000
2002-04-29,27.320000
2002-04-30,27.754999
2002-05-01,28.809999
2002-05-02,28.820000
2002-05-03,28.430000
2002-05-06,28.295000
2002-05-07,28.325001
2002-05-08,28.250000
2002-05-09,28.250000
2002-05-10,28.180000
2002-05-13,28.445000
2002-05-14,28.325001
2002-05-15,28.344999
2002-05-16,28.525000
2002-05-17,28.500000
2002-05-20,28.100000
2002-05-21,27.730000
2002-05-22,28.100000
2002-05-23,28.344999
2002-05-24,28.100000
2002-05-28,27.320000
2002-05-29,27.075001
2002-05-30,27.195000
2002-05-31,27.780001
2002-06-03,27.014999
2002-06-04,27.000000
2002-06-05,27.700001
2002-06-06,27.075001
2002-06-07,27.025000
2002-06-10,26.865000
2002-06-11,27.000000
2002-06-12,27.240000
2002-06-13,27.250000
2002-06-14,27.424999
2002-06-17,27.625000
2002-06-18,27.650000
2002-06-19,27.540001
2002-06-20,27.860001
2002-06-21,28.000000
2002-06-24,28.475000
2002-06-25,27.725000
2002-06-26,27.770000
2002-06-27,28.045000
2002-06-28,28.000000
2002-07-01,28.174999
2002-07-02,28.340000
2002-07-03,28.305000
2002-07-05,28.235001
2002-07-08,28.639999
2002-07-09,28.219999
2002-07-10,27.350000
2002-07-11,26.555000
2002-07-12,25.525000
2002-07-15,26.000000
2002-07-16,25.184999
2002-07-17,25.000000
2002-07-18,23.965000
2002-07-19,22.545000
2002-07-22,22.945000
2002-07-23,22.290001
2002-07-24,23.424999
2002-07-25,23.780001
2002-07-26,23.725000
2002-07-29,24.715000
2002-07-30,24.075001
2002-07-31,24.969999
2002-08-01,24.965000
2002-08-02,25.049999
2002-08-05,24.180000
2002-08-06,23.934999
2002-08-07,24.504999
2002-08-08,25.410000
2002-08-09,25.549999
2002-08-12,25.405001
2002-08-13,25.129999
2002-08-14,25.975000
2002-08-15,25.705000
2002-08-16,26.094999
2002-08-19,25.850000
2002-08-20,25.815001
2002-08-21,26.370001
2002-08-22,26.200001
2002-08-23,26.350000
2002-08-26,26.504999
2002-08-27,26.260000
2002-08-28,25.639999
2002-08-29,25.200001
2002-08-30,25.500000
2002-09-03,24.959999
2002-09-04,25.250000
2002-09-05,24.674999
2002-09-06,24.945000
2002-09-09,25.174999
2002-09-10,25.485001
2002-09-11,25.549999
2002-09-12,24.775000
2002-09-13,24.825001
2002-09-16,25.340000
2002-09-17,24.475000
2002-09-18,24.650000
2002-09-19,23.834999
2002-09-20,23.760000
2002-09-23,23.500000
2002-09-24,23.600000
2002-09-25,24.245001
2002-09-26,24.215000
2002-09-27,24.245001
2002-09-30,23.980000
2002-10-01,25.030001
2002-10-02,24.950001
2002-10-03,25.309999
2002-10-04,25.450001
2002-10-07,25.065001
2002-10-08,26.059999
2002-10-09,25.815001
2002-10-10,25.730000
2002-10-11,25.725000
2002-10-14,26.275000
2002-10-15,26.240000
2002-10-16,23.600000
2002-10-17,22.950001
2002-10-18,23.195000
2002-10-21,24.000000
2002-10-22,23.940001
2002-10-23,23.969999
2002-10-24,23.445000
2002-10-25,23.485001
2002-10-28,22.965000
2002-10-29,23.190001
2002-10-30,23.424999
2002-10-31,23.240000
2002-11-01,23.415001
2002-11-04,22.850000
2002-11-05,23.180000
2002-11-06,22.700001
2002-11-07,22.410000
2002-11-08,22.260000
2002-11-11,22.280001
2002-11-12,22.155001
2002-11-13,22.615000
2002-11-14,22.570000
2002-11-15,22.985001
2002-11-18,22.959999
2002-11-19,23.195000
2002-11-20,23.040001
2002-11-21,22.879999
2002-11-22,22.705000
2002-11-25,22.555000
2002-11-26,22.400000
2002-11-27,23.115000
2002-11-29,22.820000
2002-12-02,22.600000
2002-12-03,22.450001
2002-12-04,22.820000
2002-12-05,22.514999
2002-12-06,22.700001
2002-12-09,22.549999
2002-12-10,23.250000
2002-12-11,23.375000
2002-12-12,22.934999
2002-12-13,22.924999
2002-12-16,22.865000
2002-12-17,22.459999
2002-12-18,22.270000
2002-12-19,22.059999
2002-12-20,22.040001
2002-12-23,22.195000
2002-12-24,22.115000
2002-12-26,22.075001
2002-12-27,21.735001
2002-12-30,21.754999
2002-12-31,21.920000
2003-01-02,22.424999
2003-01-03,22.370001
2003-01-06,22.459999
2003-01-07,22.180000
2003-01-08,22.035000
2003-01-09,22.264999
2003-01-10,22.600000
2003-01-13,22.879999
2003-01-14,22.865000
2003-01-15,22.450001
2003-01-16,22.834999
2003-01-17,22.549999
2003-01-21,22.360001
2003-01-22,22.275000
2003-01-23,21.950001
2003-01-24,21.415001
2003-01-27,20.895000
2003-01-28,20.549999
2003-01-29,20.275000
2003-01-30,19.600000
2003-01-31,20.230000
2003-02-03,20.075001
2003-02-04,20.165001
2003-02-05,20.025000
2003-02-06,19.955000
2003-02-07,19.764999
2003-02-10,20.030001
2003-02-11,19.500000
2003-02-12,19.870001
2003-02-13,19.990000
2003-02-14,20.400000
2003-02-18,20.549999
2003-02-19,20.334999
2003-02-20,20.025000
2003-02-21,20.320000
2003-02-24,19.910000
2003-02-25,20.190001
2003-02-26,19.860001
2003-02-27,20.129999
2003-02-28,20.110001
2003-03-03,19.605000
2003-03-04,19.184999
2003-03-05,18.775000
2003-03-06,18.775000
2003-03-07,18.850000
2003-03-10,18.535000
2003-03-11,18.830000
2003-03-12,19.025000
2003-03-13,19.725000
2003-03-14,19.950001
2003-03-17,20.495001
2003-03-18,20.485001
2003-03-19,20.905001
2003-03-20,20.764999
2003-03-21,21.125000
2003-03-24,20.455000
2003-03-25,20.500000
2003-03-26,20.365000
2003-03-27,20.430000
2003-03-28,20.365000
2003-03-31,20.240000
2003-04-01,20.195000
2003-04-02,20.725000
2003-04-03,20.600000
2003-04-04,20.950001
2003-04-07,20.850000
2003-04-08,20.924999
2003-04-09,20.834999
2003-04-10,20.719999
2003-04-11,20.715000
2003-04-14,21.205000
2003-04-15,21.264999
2003-04-16,19.950001
2003-04-17,20.200001
2003-04-21,20.055000
2003-04-22,20.205000
2003-04-23,20.000000
2003-04-24,19.955000
2003-04-25,19.709999
2003-04-28,20.165001
2003-04-29,20.415001
2003-04-30,20.200001
2003-05-01,20.219999
2003-05-02,20.500000
2003-05-05,20.264999
2003-05-06,20.510000
2003-05-07,21.635000
2003-05-08,21.440001
2003-05-09,21.995001
2003-05-12,22.250000
2003-05-13,22.125000
2003-05-14,22.125000
2003-05-15,22.320000
2003-05-16,21.975000
2003-05-19,22.055000
2003-05-20,22.260000
2003-05-21,22.070000
2003-05-22,22.264999
2003-05-23,22.094999
2003-05-27,22.330000
2003-05-28,22.080000
2003-05-29,22.309999
2003-05-30,22.785000
2003-06-02,22.900000
2003-06-03,23.055000
2003-06-04,23.295000
2003-06-05,23.389999
2003-06-06,23.445000
2003-06-09,23.434999
2003-06-10,23.299999
2003-06-11,23.400000
2003-06-12,23.725000
2003-06-13,23.674999
2003-06-16,24.100000
2003-06-17,23.600000
2003-06-18,23.500000
2003-06-19,23.059999
2003-06-20,23.235001
2003-06-23,23.375000
2003-06-24,23.584999
2003-06-25,23.320000
2003-06-26,23.440001
2003-06-27,23.254999
2003-06-30,23.205000
2003-07-01,23.245001
2003-07-02,23.190001
2003-07-03,23.115000
2003-07-07,22.475000
2003-07-08,22.110001
2003-07-09,21.940001
2003-07-10,22.004999
2003-07-11,21.955000
2003-07-14,22.139999
2003-07-15,21.995001
2003-07-16,21.455000
2003-07-17,22.379999
2003-07-18,22.450001
2003-07-21,22.500000
2003-07-22,22.545000
2003-07-23,22.584999
2003-07-24,22.260000
2003-07-25,22.520000
2003-07-28,22.315001
2003-07-29,22.430000
2003-07-30,22.690001
2003-07-31,22.485001
2003-08-01,22.375000
2003-08-04,22.445000
2003-08-05,22.180000
2003-08-06,22.049999
2003-08-07,22.389999
2003-08-08,22.424999
2003-08-11,22.309999
2003-08-12,22.325001
2003-08-13,22.254999
2003-08-14,22.530001
2003-08-15,22.504999
2003-08-18,22.430000
2003-08-19,22.150000
2003-08-20,21.945000
2003-08-21,21.805000
2003-08-22,21.639999
2003-08-25,22.035000
2003-08-26,22.115000
2003-08-27,21.980000
2003-08-28,21.915001
2003-08-29,21.760000
2003-09-02,21.889999
2003-09-03,21.855000
2003-09-04,22.250000
2003-09-05,22.075001
2003-09-08,22.135000
2003-09-09,22.174999
2003-09-10,22.475000
2003-09-11,22.240000
2003-09-12,21.995001
2003-09-15,21.750000
2003-09-16,21.459999
2003-09-17,21.504999
2003-09-18,21.799999
2003-09-19,21.590000
2003-09-22,21.620001
2003-09-23,21.709999
2003-09-24,21.495001
2003-09-25,21.525000
2003-09-26,21.514999
2003-09-29,21.535000
2003-09-30,21.480000
2003-10-01,21.945000
2003-10-02,22.125000
2003-10-03,22.020000
2003-10-06,22.205000
2003-10-07,22.330000
2003-10-08,22.120001
2003-10-09,21.965000
2003-10-10,21.915001
2003-10-13,22.070000
2003-10-14,22.275000
2003-10-15,22.549999
2003-10-16,22.500000
2003-10-17,22.525000
2003-10-20,22.805000
2003-10-21,22.895000
2003-10-22,22.660000
2003-10-23,22.760000
2003-10-24,22.700001
2003-10-27,22.594999
2003-10-28,22.690001
2003-10-29,22.924999
2003-10-30,23.000000
2003-10-31,23.200001
2003-11-03,23.340000
2003-11-04,23.450001
2003-11-05,23.490000
2003-11-06,23.510000
2003-11-07,23.315001
2003-11-10,23.309999
2003-11-11,23.260000
2003-11-12,23.540001
2003-11-13,23.465000
2003-11-14,23.344999
2003-11-17,23.340000
2003-11-18,23.250000
2003-11-19,23.430000
2003-11-20,23.225000
2003-11-21,23.209999
2003-11-24,23.209999
2003-11-25,23.285000
2003-11-26,23.344999
2003-11-28,23.250000
2003-12-01,23.510000
2003-12-02,23.504999
2003-12-03,23.700001
2003-12-04,23.580000
2003-12-05,23.445000
2003-12-08,23.875000
2003-12-09,23.879999
2003-12-10,24.094999
2003-12-11,24.195000
2003-12-12,24.684999
2003-12-15,24.895000
2003-12-16,25.340000
2003-12-17,25.084999
2003-12-18,24.969999
2003-12-19,25.049999
2003-12-22,25.080000
2003-12-23,25.084999
2003-12-24,24.950001
2003-12-26,24.980000
2003-12-29,25.080000
2003-12-30,25.260000
2003-12-31,25.375000
2004-01-02,25.174999
2004-01-05,25.205000
2004-01-06,25.100000
2004-01-07,24.940001
2004-01-08,25.059999
2004-01-09,24.795000
2004-01-12,25.004999
2004-01-13,24.855000
2004-01-14,24.900000
2004-01-15,24.865000
2004-01-16,24.940001
2004-01-20,24.965000
2004-01-21,24.889999
2004-01-22,24.665001
2004-01-23,25.020000
2004-01-26,25.094999
2004-01-27,24.995001
2004-01-28,24.695000
2004-01-29,24.795000
2004-01-30,24.620001
2004-02-02,24.805000
2004-02-03,24.915001
2004-02-04,24.875000
2004-02-05,25.190001
2004-02-06,25.495001
2004-02-09,26.200001
2004-02-10,26.084999
2004-02-11,25.900000
2004-02-12,25.770000
2004-02-13,25.570000
2004-02-17,25.570000
2004-02-18,25.620001
2004-02-19,25.500000
2004-02-20,25.469999
2004-02-23,25.170000
2004-02-24,24.889999
2004-02-25,24.825001
2004-02-26,24.915001
2004-02-27,24.980000
2004-03-01,24.809999
2004-03-02,24.639999
2004-03-03,24.570000
2004-03-04,24.415001
2004-03-05,25.049999
2004-03-08,24.930000
2004-03-09,25.090000
2004-03-10,24.950001
2004-03-11,24.090000
2004-03-12,24.225000
2004-03-15,23.855000
2004-03-16,24.080000
2004-03-17,24.440001
2004-03-18,24.520000
2004-03-19,24.389999
2004-03-22,24.125000
2004-03-23,24.065001
2004-03-24,24.245001
2004-03-25,24.379999
2004-03-26,24.389999
2004-03-29,24.700001
2004-03-30,25.115000
2004-03-31,25.150000
2004-04-01,25.290001
2004-04-02,25.465000
2004-04-05,25.290001
2004-04-06,25.434999
2004-04-07,25.540001
2004-04-08,25.620001
2004-04-12,25.424999
2004-04-13,25.445000
2004-04-14,25.594999
2004-04-15,25.600000
2004-04-16,25.965000
2004-04-19,26.500000
2004-04-20,26.139999
2004-04-21,26.065001
2004-04-22,25.730000
2004-04-23,25.525000
2004-04-26,25.344999
2004-04-27,25.355000
2004-04-28,25.105000
2004-04-29,25.230000
2004-04-30,25.285000
2004-05-03,25.309999
2004-05-04,25.135000
2004-05-05,25.545000
2004-05-06,25.535000
2004-05-07,25.370001
2004-05-10,24.965000
2004-05-11,25.025000
2004-05-12,24.959999
2004-05-13,24.805000
2004-05-14,25.000000
2004-05-17,24.905001
2004-05-18,25.049999
2004-05-19,24.680000
2004-05-20,24.815001
2004-05-21,24.690001
2004-05-24,24.915001
2004-05-25,25.195000
2004-05-26,25.110001
2004-05-27,25.660000
2004-05-28,25.674999
2004-06-01,25.535000
2004-06-02,25.969999
2004-06-03,25.885000
2004-06-04,26.135000
2004-06-07,26.355000
2004-06-08,26.305000
2004-06-09,25.879999
2004-06-10,25.815001
2004-06-14,25.690001
2004-06-15,25.615000
2004-06-16,25.594999
2004-06-17,25.545000
2004-06-18,25.695000
2004-06-21,25.584999
2004-06-22,25.510000
2004-06-23,25.650000
2004-06-24,25.520000
2004-06-25,25.049999
2004-06-28,25.195000
2004-06-29,25.270000
2004-06-30,25.240000
2004-07-01,25.180000
2004-07-02,25.264999
2004-07-06,25.330000
2004-07-07,25.209999
2004-07-08,25.280001
2004-07-09,25.510000
2004-07-12,25.415001
2004-07-13,25.330000
2004-07-14,25.580000
2004-07-15,25.420000
2004-07-16,25.290001
2004-07-19,25.170000
2004-07-20,25.040001
2004-07-21,24.600000
2004-07-22,24.485001
2004-07-23,22.584999
2004-07-26,22.150000
2004-07-27,21.875000
2004-07-28,21.840000
2004-07-29,21.530001
2004-07-30,21.930000
2004-08-02,22.105000
2004-08-03,22.055000
2004-08-04,22.100000
2004-08-05,21.924999
2004-08-06,21.750000
2004-08-09,21.610001
2004-08-10,21.730000
2004-08-11,22.225000
2004-08-12,21.920000
2004-08-13,22.184999
2004-08-16,22.260000
2004-08-17,22.165001
2004-08-18,22.285000
2004-08-19,22.010000
2004-08-20,22.105000
2004-08-23,22.170000
2004-08-24,22.010000
2004-08-25,22.170000
2004-08-26,22.230000
2004-08-27,22.360001
2004-08-30,22.174999
2004-08-31,22.355000
2004-09-01,22.320000
2004-09-02,22.695000
2004-09-03,22.745001
2004-09-07,22.825001
2004-09-08,21.725000
2004-09-09,21.754999
2004-09-10,21.480000
2004-09-13,21.400000
2004-09-14,21.434999
2004-09-15,20.580000
2004-09-16,20.020000
2004-09-17,20.150000
2004-09-20,20.219999
2004-09-21,20.365000
2004-09-22,20.209999
2004-09-23,20.010000
2004-09-24,19.995001
2004-09-27,19.815001
2004-09-28,19.995001
2004-09-29,20.004999
2004-09-30,20.025000
2004-10-01,20.155001
2004-10-04,20.375000
2004-10-05,20.320000
2004-10-06,20.450001
2004-10-07,20.059999
2004-10-08,20.000000
2004-10-11,20.004999
2004-10-12,19.889999
2004-10-13,19.695000
2004-10-14,19.575001
2004-10-15,19.600000
2004-10-18,19.620001
2004-10-19,19.690001
2004-10-20,19.725000
2004-10-21,19.740000
2004-10-22,19.450001
2004-10-25,19.325001
2004-10-26,19.650000
2004-10-27,20.215000
2004-10-28,20.245001
2004-10-29,20.330000
2004-11-01,20.264999
2004-11-02,20.325001
2004-11-03,20.424999
2004-11-04,20.680000
2004-11-05,20.700001
2004-11-08,20.639999
2004-11-09,20.620001
2004-11-10,20.584999
2004-11-11,20.480000
2004-11-12,20.395000
2004-11-15,20.290001
2004-11-16,20.125000
2004-11-17,20.139999
2004-11-18,20.139999
2004-11-19,19.865000
2004-11-22,19.934999
2004-11-23,19.855000
2004-11-24,19.900000
2004-11-26,19.930000
2004-11-29,19.855000
2004-11-30,19.655001
2004-12-01,19.885000
2004-12-02,20.209999
2004-12-03,20.355000
2004-12-06,20.195000
2004-12-07,20.080000
2004-12-08,20.195000
2004-12-09,20.405001
2004-12-10,20.264999
2004-12-13,20.430000
2004-12-14,20.650000
2004-12-15,20.735001
2004-12-16,20.565001
2004-12-17,20.475000
2004-12-20,20.475000
2004-12-21,20.500000
2004-12-22,20.790001
2004-12-23,20.754999
2004-12-27,20.825001
2004-12-28,20.924999
2004-12-29,20.780001
2004-12-30,20.825001
2004-12-31,20.820000
2005-01-03,20.770000
2005-01-04,20.480000
2005-01-05,20.385000
2005-01-06,20.555000
2005-01-07,20.580000
2005-01-10,20.695000
2005-01-11,20.580000
2005-01-12,20.580000
2005-01-13,20.370001
2005-01-14,20.485001
2005-01-18,20.625000
2005-01-19,20.549999
2005-01-20,20.665001
2005-01-21,20.455000
2005-01-24,20.480000
2005-01-25,20.620001
2005-01-26,20.840000
2005-01-27,20.879999
2005-01-28,20.745001
2005-01-31,20.745001
2005-02-01,20.709999
2005-02-02,20.959999
2005-02-03,20.870001
2005-02-04,21.235001
2005-02-07,21.245001
2005-02-08,21.325001
2005-02-09,21.379999
2005-02-10,21.250000
2005-02-11,21.379999
2005-02-14,21.430000
2005-02-15,21.325001
2005-02-16,21.650000
2005-02-17,21.500000
2005-02-18,21.480000
2005-02-22,21.395000
2005-02-23,21.290001
2005-02-24,21.330000
2005-02-25,21.510000
2005-02-28,21.400000
2005-03-01,21.635000
2005-03-02,21.520000
2005-03-03,21.590000
2005-03-04,21.820000
2005-03-07,21.860001
2005-03-08,21.709999
2005-03-09,21.605000
2005-03-10,21.535000
2005-03-11,21.240000
2005-03-14,21.170000
2005-03-15,21.120001
2005-03-16,20.969999
2005-03-17,21.000000
2005-03-18,20.730000
2005-03-21,20.799999
2005-03-22,20.700001
2005-03-23,20.590000
2005-03-24,20.600000
2005-03-28,20.559999
2005-03-29,20.695000
2005-03-30,20.975000
2005-03-31,20.834999
2005-04-01,20.690001
2005-04-04,20.735001
2005-04-05,20.930000
2005-04-06,20.855000
2005-04-07,21.059999
2005-04-08,21.049999
2005-04-11,20.934999
2005-04-12,21.165001
2005-04-13,21.049999
2005-04-14,21.035000
2005-04-15,20.645000
2005-04-18,20.485001
2005-04-19,21.200001
2005-04-20,20.940001
2005-04-21,20.990000
2005-04-22,21.065001
2005-04-25,21.340000
2005-04-26,21.480000
2005-04-27,21.410000
2005-04-28,21.344999
2005-04-29,21.719999
2005-05-02,21.785000
2005-05-03,21.879999
2005-05-04,21.965000
2005-05-05,22.075001
2005-05-06,22.094999
2005-05-09,22.285000
2005-05-10,22.115000
2005-05-11,22.135000
2005-05-12,22.084999
2005-05-13,22.055000
2005-05-16,22.129999
2005-05-17,22.200001
2005-05-18,22.459999
2005-05-19,22.625000
2005-05-20,22.525000
2005-05-23,22.485001
2005-05-24,22.510000
2005-05-25,22.450001
2005-05-26,22.445000
2005-05-27,22.465000
2005-05-31,22.315001
2005-06-01,22.295000
2005-06-02,22.389999
2005-06-03,22.115000
2005-06-06,21.985001
2005-06-07,22.055000
2005-06-08,21.950001
2005-06-09,21.825001
2005-06-10,21.975000
2005-06-13,21.795000
2005-06-14,21.865000
2005-06-15,21.820000
2005-06-16,21.889999
2005-06-17,22.025000
2005-06-20,21.955000
2005-06-21,21.840000
2005-06-22,21.715000
2005-06-23,21.535000
2005-06-24,21.100000
2005-06-27,21.165001
2005-06-28,21.434999
2005-06-29,21.350000
2005-06-30,20.875000
2005-07-01,21.105000
2005-07-05,21.200001
2005-07-06,20.975000
2005-07-07,20.879999
2005-07-08,21.365000
2005-07-11,21.385000
2005-07-12,21.410000
2005-07-13,21.465000
2005-07-14,21.590000
2005-07-15,21.540001
2005-07-18,21.465000
2005-07-19,21.665001
2005-07-20,21.665001
2005-07-21,21.975000
2005-07-22,22.014999
2005-07-25,21.825001
2005-07-26,21.844999
2005-07-27,22.004999
2005-07-28,22.195000
2005-07-29,21.879999
2005-08-01,21.934999
2005-08-02,22.139999
2005-08-03,22.334999
2005-08-04,22.180000
2005-08-05,22.030001
2005-08-08,21.834999
2005-08-09,22.049999
2005-08-10,21.950001
2005-08-11,22.055000
2005-08-12,21.790001
2005-08-15,21.770000
2005-08-16,21.650000
2005-08-17,21.655001
2005-08-18,21.764999
2005-08-19,22.195000
2005-08-22,22.135000
2005-08-23,22.094999
2005-08-24,21.915001
2005-08-25,21.905001
2005-08-26,21.785000
2005-08-29,22.000000
2005-08-30,21.695000
2005-08-31,22.000000
2005-09-01,21.940001
2005-09-02,21.950001
2005-09-06,22.260000
2005-09-07,22.325001
2005-09-08,22.139999
2005-09-09,22.025000
2005-09-12,22.125000
2005-09-13,21.830000
2005-09-14,21.760000
2005-09-15,21.815001
2005-09-16,21.700001
2005-09-19,21.680000
2005-09-20,21.450001
2005-09-21,21.125000
2005-09-22,21.110001
2005-09-23,21.174999
2005-09-26,21.184999
2005-09-27,21.165001
2005-09-28,21.434999
2005-09-29,21.549999
2005-09-30,21.594999
2005-10-03,21.605000
2005-10-04,21.520000
2005-10-05,21.309999
2005-10-06,21.355000
2005-10-07,21.100000
2005-10-10,20.990000
2005-10-11,20.830000
2005-10-12,20.860001
2005-10-13,20.860001
2005-10-14,21.035000
2005-10-17,21.045000
2005-10-18,20.875000
2005-10-19,20.900000
2005-10-20,21.049999
2005-10-21,20.965000
2005-10-24,21.200001
2005-10-25,21.230000
2005-10-26,21.170000
2005-10-27,21.075001
2005-10-28,21.415001
2005-10-31,21.389999
2005-11-01,21.325001
2005-11-02,21.275000
2005-11-03,21.290001
2005-11-04,21.150000
2005-11-07,21.205000
2005-11-08,21.070000
2005-11-09,21.090000
2005-11-10,21.260000
2005-11-11,21.379999
2005-11-14,21.290001
2005-11-15,21.230000
2005-11-16,21.070000
2005-11-17,20.934999
2005-11-18,21.100000
2005-11-21,21.075001
2005-11-22,21.170000
2005-11-23,21.325001
2005-11-25,21.400000
2005-11-28,21.389999
2005-11-29,21.525000
2005-11-30,21.344999
2005-12-01,21.420000
2005-12-02,21.410000
2005-12-05,21.325001
2005-12-06,21.270000
2005-12-07,21.100000
2005-12-08,20.940001
2005-12-09,20.754999
2005-12-12,20.575001
2005-12-13,20.480000
2005-12-14,20.545000
2005-12-15,20.580000
2005-12-16,20.605000
2005-12-19,20.709999
2005-12-20,20.610001
2005-12-21,20.605000
2005-12-22,20.639999
2005-12-23,20.575001
2005-12-27,20.485001
2005-12-28,20.389999
2005-12-29,20.299999
2005-12-30,20.155001
2006-01-03,20.450001
2006-01-04,20.410000
2006-01-05,20.510000
2006-01-06,20.705000
2006-01-09,20.805000
2006-01-10,20.825001
2006-01-11,20.834999
2006-01-12,20.719999
2006-01-13,20.655001
2006-01-17,20.514999
2006-01-18,20.410000
2006-01-19,20.465000
2006-01-20,20.045000
2006-01-23,20.250000
2006-01-24,20.450001
2006-01-25,20.570000
2006-01-26,20.740000
2006-01-27,20.985001
2006-01-30,20.875000
2006-01-31,20.690001
2006-02-01,20.750000
2006-02-02,20.615000
2006-02-03,20.440001
2006-02-06,20.469999
2006-02-07,20.514999
2006-02-08,20.615000
2006-02-09,20.500000
2006-02-10,20.580000
2006-02-13,20.370001
2006-02-14,20.670000
2006-02-15,20.670000
2006-02-16,20.795000
2006-02-17,20.895000
2006-02-21,20.924999
2006-02-22,21.040001
2006-02-23,21.014999
2006-02-24,21.115000
2006-02-27,21.264999
2006-02-28,20.985001
2006-03-01,21.155001
2006-03-02,20.955000
2006-03-03,20.900000
2006-03-06,20.975000
2006-03-07,20.900000
2006-03-08,21.115000
2006-03-09,21.200001
2006-03-10,21.385000
2006-03-13,21.245001
2006-03-14,21.395000
2006-03-15,21.365000
2006-03-16,21.344999
2006-03-17,21.395000
2006-03-20,21.445000
2006-03-21,21.375000
2006-03-22,21.385000
2006-03-23,21.205000
2006-03-24,21.330000
2006-03-27,21.195000
2006-03-28,21.080000
2006-03-29,21.080000
2006-03-30,21.059999
2006-03-31,20.934999
2006-04-03,20.934999
2006-04-04,21.040001
2006-04-05,20.975000
2006-04-06,20.844999
2006-04-07,20.674999
2006-04-10,20.740000
2006-04-11,20.645000
2006-04-12,20.575001
2006-04-13,20.629999
2006-04-17,20.520000
2006-04-18,20.650000
2006-04-19,20.844999
2006-04-20,20.905001
2006-04-21,20.924999
2006-04-24,20.780001
2006-04-25,20.674999
2006-04-26,20.860001
2006-04-27,21.025000
2006-04-28,20.980000
2006-05-01,20.985001
2006-05-02,21.120001
2006-05-03,20.959999
2006-05-04,21.040001
2006-05-05,21.355000
2006-05-08,21.684999
2006-05-09,21.834999
2006-05-10,21.790001
2006-05-11,21.690001
2006-05-12,21.590000
2006-05-15,21.969999
2006-05-16,21.920000
2006-05-17,21.775000
2006-05-18,21.775000
2006-05-19,21.825001
2006-05-22,21.799999
2006-05-23,21.790001
2006-05-24,22.014999
2006-05-25,22.184999
2006-05-26,22.245001
2006-05-30,21.834999
2006-05-31,22.014999
2006-06-01,21.959999
2006-06-02,21.945000
2006-06-05,21.715000
2006-06-06,21.750000
2006-06-07,21.690001
2006-06-08,21.695000
2006-06-09,21.775000
2006-06-12,21.655001
2006-06-13,21.455000
2006-06-14,21.405001
2006-06-15,21.520000
2006-06-16,21.605000
2006-06-19,21.465000
2006-06-20,21.400000
2006-06-21,21.504999
2006-06-22,21.434999
2006-06-23,21.375000
2006-06-26,21.415001
2006-06-27,21.254999
2006-06-28,21.209999
2006-06-29,21.530001
2006-06-30,21.510000
2006-07-03,21.684999
2006-07-05,21.510000
2006-07-06,21.665001
2006-07-07,21.590000
2006-07-10,21.815001
2006-07-11,21.905001
2006-07-12,21.785000
2006-07-13,21.549999
2006-07-14,21.325001
2006-07-17,21.350000
2006-07-18,21.775000
2006-07-19,21.910000
2006-07-20,21.920000
2006-07-21,21.950001
2006-07-24,22.000000
2006-07-25,22.125000
2006-07-26,22.225000
2006-07-27,22.155001
2006-07-28,22.260000
2006-07-31,22.250000
2006-08-01,22.155001
2006-08-02,22.155001
2006-08-03,22.010000
2006-08-04,21.924999
2006-08-07,21.805000
2006-08-08,21.905001
2006-08-09,21.875000
2006-08-10,21.950001
2006-08-11,21.879999
2006-08-14,21.995001
2006-08-15,22.160000
2006-08-16,22.165001
2006-08-17,22.090000
2006-08-18,22.155001
2006-08-21,22.094999
2006-08-22,22.205000
2006-08-23,22.160000
2006-08-24,22.254999
2006-08-25,22.260000
2006-08-28,22.355000
2006-08-29,22.570000
2006-08-30,22.480000
2006-08-31,22.405001
2006-09-01,22.535000
2006-09-05,22.490000
2006-09-06,22.350000
2006-09-07,22.245001
2006-09-08,22.299999
2006-09-11,22.275000
2006-09-12,22.389999
2006-09-13,22.305000
2006-09-14,22.290001
2006-09-15,22.299999
2006-09-18,22.219999
2006-09-19,22.190001
2006-09-20,22.225000
2006-09-21,22.100000
2006-09-22,21.995001
2006-09-25,22.200001
2006-09-26,22.320000
2006-09-27,22.355000
2006-09-28,22.475000
2006-09-29,22.340000
2006-10-02,22.250000
2006-10-03,22.280001
2006-10-04,22.400000
2006-10-05,22.415001
2006-10-06,22.379999
2006-10-09,22.209999
2006-10-10,22.030001
2006-10-11,22.059999
2006-10-12,22.025000
2006-10-13,22.010000
2006-10-16,22.125000
2006-10-17,21.895000
2006-10-18,21.980000
2006-10-19,22.455000
2006-10-20,23.375000
2006-10-23,23.639999
2006-10-24,23.514999
2006-10-25,23.594999
2006-10-26,23.570000
2006-10-27,23.434999
2006-10-30,23.379999
2006-10-31,23.360001
2006-11-01,23.320000
2006-11-02,23.355000
2006-11-03,23.250000
2006-11-06,23.405001
2006-11-07,23.459999
2006-11-08,23.440001
2006-11-09,23.325001
2006-11-10,23.235001
2006-11-13,23.205000
2006-11-14,23.275000
2006-11-15,23.325001
2006-11-16,23.570000
2006-11-17,23.629999
2006-11-20,23.520000
2006-11-21,23.495001
2006-11-22,23.549999
2006-11-24,23.459999
2006-11-27,23.275000
2006-11-28,23.340000
2006-11-29,23.320000
2006-11-30,23.415001
2006-12-01,23.285000
2006-12-04,23.415001
2006-12-05,24.000000
2006-12-06,24.190001
2006-12-07,24.360001
2006-12-08,24.455000
2006-12-11,24.405001
2006-12-12,24.450001
2006-12-13,24.420000
2006-12-14,24.500000
2006-12-15,24.465000
2006-12-18,24.450001
2006-12-19,24.385000
2006-12-20,24.375000
2006-12-21,24.330000
2006-12-22,24.190001
2006-12-26,24.275000
2006-12-27,24.344999
2006-12-28,24.270000
2006-12-29,24.125000
2007-01-03,24.290001
2007-01-04,24.299999
2007-01-05,24.129999
2007-01-08,24.285000
2007-01-09,24.305000
2007-01-10,24.340000
2007-01-11,24.370001
2007-01-12,24.275000
2007-01-16,24.250000
2007-01-17,24.299999
2007-01-18,24.174999
2007-01-19,24.129999
2007-01-22,24.014999
2007-01-23,24.059999
2007-01-24,24.065001
2007-01-25,23.969999
2007-01-26,23.915001
2007-01-29,23.855000
2007-01-30,23.905001
2007-01-31,23.940001
2007-02-01,24.049999
2007-02-02,24.120001
2007-02-05,23.950001
2007-02-06,24.025000
2007-02-07,24.014999
2007-02-08,23.930000
2007-02-09,23.879999
2007-02-12,23.959999
2007-02-13,24.105000
2007-02-14,23.940001
2007-02-15,23.924999
2007-02-16,23.934999
2007-02-20,23.889999
2007-02-21,23.785000
2007-02-22,23.650000
2007-02-23,23.629999
2007-02-26,23.860001
2007-02-27,23.195000
2007-02-28,23.340000
2007-03-01,23.260000
2007-03-02,22.945000
2007-03-05,23.145000
2007-03-06,23.465000
2007-03-07,23.375000
2007-03-08,23.575001
2007-03-09,23.785000
2007-03-12,23.975000
2007-03-13,23.530001
2007-03-14,23.520000
2007-03-15,23.540001
2007-03-16,23.605000
2007-03-19,23.665001
2007-03-20,23.809999
2007-03-21,24.129999
2007-03-22,24.125000
2007-03-23,24.025000
2007-03-26,24.075001
2007-03-27,24.010000
2007-03-28,23.955000
2007-03-29,24.055000
2007-03-30,24.000000
2007-04-02,24.260000
2007-04-03,24.495001
2007-04-04,24.730000
2007-04-05,24.760000
2007-04-09,24.815001
2007-04-10,25.040001
2007-04-11,24.820000
2007-04-12,24.834999
2007-04-13,24.940001
2007-04-16,25.135000
2007-04-17,25.785000
2007-04-18,25.830000
2007-04-19,25.875000
2007-04-20,26.045000
2007-04-23,25.825001
2007-04-24,25.855000
2007-04-25,25.870001
2007-04-26,26.040001
2007-04-27,26.030001
2007-04-30,26.094999
2007-05-01,26.315001
2007-05-02,26.355000
2007-05-03,26.455000
2007-05-04,26.605000
2007-05-07,26.805000
2007-05-08,26.535000
2007-05-09,26.555000
2007-05-10,26.240000
2007-05-11,26.344999
2007-05-14,26.299999
2007-05-15,26.230000
2007-05-16,26.370001
2007-05-17,26.100000
2007-05-18,26.315001
2007-05-21,25.955000
2007-05-22,25.740000
2007-05-23,25.665001
2007-05-24,25.620001
2007-05-25,25.945000
2007-05-29,26.090000
2007-05-30,26.525000
2007-05-31,26.495001
2007-06-01,26.400000
2007-06-04,26.334999
2007-06-05,26.160000
2007-06-06,26.000000
2007-06-07,25.690001
2007-06-08,25.834999
2007-06-11,25.815001
2007-06-12,25.570000
2007-06-13,25.680000
2007-06-14,25.655001
2007-06-15,25.790001
2007-06-18,25.879999
2007-06-19,25.695000
2007-06-20,25.745001
2007-06-21,26.045000
2007-06-22,25.809999
2007-06-25,25.885000
2007-06-26,25.975000
2007-06-27,26.219999
2007-06-28,26.315001
2007-06-29,26.155001
2007-07-02,26.280001
2007-07-03,26.450001
2007-07-05,26.334999
2007-07-06,26.299999
2007-07-09,26.350000
2007-07-10,26.049999
2007-07-11,26.045000
2007-07-12,26.315001
2007-07-13,26.555000
2007-07-16,26.924999
2007-07-17,26.584999
2007-07-18,26.715000
2007-07-19,26.850000
2007-07-20,26.605000
2007-07-23,26.820000
2007-07-24,26.610001
2007-07-25,27.025000
2007-07-26,26.490000
2007-07-27,26.139999
2007-07-30,26.195000
2007-07-31,26.055000
2007-08-01,26.635000
2007-08-02,26.830000
2007-08-03,26.639999
2007-08-06,27.115000
2007-08-07,27.230000
2007-08-08,27.930000
2007-08-09,27.924999
2007-08-10,27.490000
2007-08-13,27.260000
2007-08-14,27.070000
2007-08-15,26.915001
2007-08-16,26.790001
2007-08-17,27.225000
2007-08-20,27.260000
2007-08-21,27.014999
2007-08-22,26.975000
2007-08-23,26.990000
2007-08-24,27.000000
2007-08-27,27.004999
2007-08-28,26.629999
2007-08-29,26.754999
2007-08-30,26.700001
2007-08-31,26.889999
2007-09-04,27.184999
2007-09-05,26.844999
2007-09-06,27.330000
2007-09-07,27.295000
2007-09-10,27.285000
2007-09-11,27.830000
2007-09-12,27.920000
2007-09-13,27.934999
2007-09-14,28.200001
2007-09-17,27.639999
2007-09-18,28.205000
2007-09-19,28.309999
2007-09-20,28.155001
2007-09-21,28.275000
2007-09-24,28.350000
2007-09-25,28.510000
2007-09-26,28.674999
2007-09-27,28.665001
2007-09-28,28.735001
2007-10-01,28.950001
2007-10-02,28.959999
2007-10-03,28.785000
2007-10-04,28.934999
2007-10-05,29.035000
2007-10-08,28.900000
2007-10-09,28.940001
2007-10-10,28.934999
2007-10-11,28.594999
2007-10-12,28.900000
2007-10-15,28.820000
2007-10-16,28.879999
2007-10-17,29.545000
2007-10-18,29.680000
2007-10-19,29.379999
2007-10-22,29.625000
2007-10-23,29.875000
2007-10-24,30.090000
2007-10-25,30.650000
2007-10-26,30.785000
2007-10-29,30.920000
2007-10-30,30.865000
2007-10-31,30.879999
2007-11-01,30.450001
2007-11-02,30.254999
2007-11-05,30.170000
2007-11-06,30.504999
2007-11-07,29.980000
2007-11-08,30.735001
2007-11-09,30.415001
2007-11-12,29.930000
2007-11-13,30.520000
2007-11-14,30.680000
2007-11-15,30.975000
2007-11-16,31.309999
2007-11-19,31.150000
2007-11-20,31.395000
2007-11-21,31.125000
2007-11-23,31.150000
2007-11-26,30.865000
2007-11-27,31.490000
2007-11-28,31.495001
2007-11-29,31.395000
2007-11-30,31.049999
2007-12-03,31.100000
2007-12-04,31.375000
2007-12-05,31.525000
2007-12-06,31.535000
2007-12-07,31.575001
2007-12-10,31.635000
2007-12-11,31.485001
2007-12-12,31.885000
2007-12-13,32.044998
2007-12-14,31.905001
2007-12-17,31.235001
2007-12-18,31.110001
2007-12-19,31.424999
2007-12-20,31.139999
2007-12-21,31.535000
2007-12-24,31.605000
2007-12-26,31.504999
2007-12-27,31.150000
2007-12-28,31.135000
2007-12-31,30.684999
2008-01-02,30.545000
2008-01-03,30.865000
2008-01-04,30.924999
2008-01-07,31.655001
2008-01-08,31.785000
2008-01-09,32.634998
2008-01-10,32.779999
2008-01-11,31.885000
2008-01-14,32.150002
2008-01-15,31.805000
2008-01-16,31.325001
2008-01-17,31.020000
2008-01-18,30.370001
2008-01-22,29.395000
2008-01-23,29.434999
2008-01-24,29.940001
2008-01-25,29.205000
2008-01-28,29.705000
2008-01-29,29.275000
2008-01-30,28.885000
2008-01-31,29.500000
2008-02-01,29.629999
2008-02-04,29.315001
2008-02-05,28.700001
2008-02-06,28.855000
2008-02-07,29.225000
2008-02-08,29.625000
2008-02-11,29.750000
2008-02-12,29.959999
2008-02-13,29.695000
2008-02-14,29.275000
2008-02-15,29.379999
2008-02-19,29.049999
2008-02-20,29.115000
2008-02-21,28.995001
2008-02-22,29.129999
2008-02-25,29.385000
2008-02-26,29.760000
2008-02-27,30.025000
2008-02-28,29.730000
2008-02-29,29.230000
2008-03-03,29.510000
2008-03-04,29.684999
2008-03-05,29.840000
2008-03-06,29.549999
2008-03-07,29.424999
2008-03-10,29.330000
2008-03-11,29.735001
2008-03-12,29.594999
2008-03-13,29.465000
2008-03-14,28.764999
2008-03-17,28.844999
2008-03-18,29.705000
2008-03-19,29.980000
2008-03-20,30.520000
2008-03-24,30.590000
2008-03-25,30.705000
2008-03-26,30.575001
2008-03-27,30.655001
2008-03-28,30.469999
2008-03-31,30.434999
2008-04-01,30.719999
2008-04-02,30.230000
2008-04-03,30.280001
2008-04-04,30.125000
2008-04-07,30.184999
2008-04-08,30.254999
2008-04-09,30.389999
2008-04-10,30.665001
2008-04-11,30.145000
2008-04-14,30.500000
2008-04-15,30.469999
2008-04-16,30.575001
2008-04-17,30.340000
2008-04-18,30.055000
2008-04-21,30.174999
2008-04-22,29.945000
2008-04-23,30.160000
2008-04-24,30.125000
2008-04-25,29.665001
2008-04-28,29.490000
2008-04-29,29.360001
2008-04-30,29.434999
2008-05-01,29.545000
2008-05-02,29.385000
2008-05-05,29.190001
2008-05-06,29.135000
2008-05-07,28.514999
2008-05-08,28.145000
2008-05-09,28.075001
2008-05-12,28.200001
2008-05-13,28.250000
2008-05-14,28.270000
2008-05-15,28.504999
2008-05-16,28.535000
2008-05-19,28.760000
2008-05-20,28.545000
2008-05-21,28.325001
2008-05-22,29.135000
2008-05-23,29.315001
2008-05-27,29.295000
2008-05-28,28.719999
2008-05-29,28.934999
2008-05-30,28.629999
2008-06-02,28.500000
2008-06-03,28.200001
2008-06-04,28.350000
2008-06-05,28.594999
2008-06-06,27.900000
2008-06-09,27.930000
2008-06-10,29.004999
2008-06-11,28.570000
2008-06-12,28.570000
2008-06-13,27.709999
2008-06-16,27.090000
2008-06-17,26.980000
2008-06-18,26.580000
2008-06-19,26.680000
2008-06-20,26.830000
2008-06-23,26.629999
2008-06-24,26.684999
2008-06-25,27.049999
2008-06-26,26.610001
2008-06-27,25.920000
2008-06-30,25.990000
2008-07-01,25.500000
2008-07-02,25.684999
2008-07-03,25.740000
2008-07-07,25.645000
2008-07-08,25.735001
2008-07-09,25.445000
2008-07-10,25.020000
2008-07-11,25.135000
2008-07-14,25.480000
2008-07-15,25.895000
2008-07-16,26.170000
2008-07-17,25.170000
2008-07-18,25.014999
2008-07-21,24.799999
2008-07-22,25.674999
2008-07-23,26.250000
2008-07-24,25.930000
2008-07-25,26.030001
2008-07-28,25.575001
2008-07-29,25.785000
2008-07-30,25.655001
2008-07-31,25.750000
2008-08-01,26.570000
2008-08-04,26.950001
2008-08-05,27.455000
2008-08-06,27.680000
2008-08-07,27.004999
2008-08-08,27.705000
2008-08-11,27.674999
2008-08-12,27.395000
2008-08-13,27.605000
2008-08-14,27.510000
2008-08-15,27.530001
2008-08-18,27.165001
2008-08-19,27.165001
2008-08-20,27.174999
2008-08-21,26.754999
2008-08-22,27.184999
2008-08-25,26.785000
2008-08-26,26.760000
2008-08-27,26.895000
2008-08-28,26.559999
2008-08-29,26.035000
2008-09-02,25.980000
2008-09-03,25.830000
2008-09-04,25.855000
2008-09-05,25.965000
2008-09-08,26.690001
2008-09-09,26.940001
2008-09-10,26.905001
2008-09-11,27.075001
2008-09-12,27.250000
2008-09-15,27.375000
2008-09-16,27.424999
2008-09-17,26.330000
2008-09-18,26.695000
2008-09-19,26.360001
2008-09-22,25.690001
2008-09-23,25.340000
2008-09-24,25.094999
2008-09-25,25.730000
2008-09-26,26.240000
2008-09-29,25.514999
2008-09-30,26.440001
2008-10-01,27.080000
2008-10-02,26.799999
2008-10-03,26.285000
2008-10-06,25.459999
2008-10-07,24.650000
2008-10-08,23.705000
2008-10-09,21.650000
2008-10-10,20.750000
2008-10-13,23.629999
2008-10-14,21.865000
2008-10-15,22.105000
2008-10-16,22.889999
2008-10-17,22.100000
2008-10-20,23.230000
2008-10-21,23.014999
2008-10-22,22.690001
2008-10-23,21.530001
2008-10-24,20.805000
2008-10-27,20.504999
2008-10-28,22.625000
2008-10-29,21.924999
2008-10-30,22.330000
2008-10-31,22.030001
2008-11-03,22.725000
2008-11-04,23.014999
2008-11-05,22.365000
2008-11-06,22.245001
2008-11-07,23.125000
2008-11-10,22.950001
2008-11-11,22.219999
2008-11-12,21.915001
2008-11-13,23.139999
2008-11-14,22.510000
2008-11-17,21.985001
2008-11-18,21.745001
2008-11-19,21.135000
2008-11-20,20.535000
2008-11-21,22.000000
2008-11-24,22.615000
2008-11-25,22.535000
2008-11-26,22.690001
2008-11-28,23.434999
2008-12-01,22.165001
2008-12-02,21.965000
2008-12-03,23.070000
2008-12-04,22.375000
2008-12-05,22.990000
2008-12-08,22.990000
2008-12-09,22.415001
2008-12-10,22.655001
2008-12-11,22.110001
2008-12-12,22.285000
2008-12-15,22.485001
2008-12-16,23.230000
2008-12-17,22.740000
2008-12-18,22.590000
2008-12-19,22.215000
2008-12-22,22.330000
2008-12-23,21.985001
2008-12-24,22.049999
2008-12-26,22.290001
2008-12-29,22.205000
2008-12-30,22.465000
2008-12-31,22.635000
2009-01-02,22.950001
2009-01-05,22.719999
2009-01-06,22.355000
2009-01-07,22.465000
2009-01-08,22.620001
2009-01-09,22.299999
2009-01-12,21.865000
2009-01-13,22.010000
2009-01-14,21.309999
2009-01-15,21.680000
2009-01-16,21.920000
2009-01-20,21.440001
2009-01-21,21.645000
2009-01-22,21.559999
2009-01-23,21.100000
2009-01-26,21.514999
2009-01-27,21.665001
2009-01-28,21.930000
2009-01-29,21.775000
2009-01-30,21.360001
2009-02-02,21.120001
2009-02-03,21.660000
2009-02-04,21.200001
2009-02-05,21.344999
2009-02-06,21.775000
2009-02-09,21.155001
2009-02-10,20.334999
2009-02-11,20.635000
2009-02-12,22.195000
2009-02-13,21.924999
2009-02-17,21.299999
2009-02-18,21.340000
2009-02-19,21.650000
2009-02-20,21.420000
2009-02-23,21.045000
2009-02-24,21.530001
2009-02-25,21.184999
2009-02-26,20.535000
2009-02-27,20.424999
2009-03-02,19.844999
2009-03-03,19.415001
2009-03-04,19.865000
2009-03-05,18.924999
2009-03-06,19.549999
2009-03-09,19.375000
2009-03-10,19.580000
2009-03-11,19.785000
2009-03-12,20.420000
2009-03-13,20.610001
2009-03-16,20.635000
2009-03-17,20.725000
2009-03-18,20.825001
2009-03-19,21.090000
2009-03-20,21.320000
2009-03-23,22.070000
2009-03-24,22.010000
2009-03-25,22.375000
2009-03-26,22.424999
2009-03-27,22.549999
2009-03-30,21.959999
2009-03-31,21.975000
2009-04-01,22.430000
2009-04-02,22.670000
2009-04-03,22.485001
2009-04-06,22.495001
2009-04-07,22.309999
2009-04-08,22.495001
2009-04-09,22.495001
2009-04-13,22.365000
2009-04-14,22.105000
2009-04-15,22.514999
2009-04-16,22.549999
2009-04-17,22.510000
2009-04-20,22.165001
2009-04-21,21.545000
2009-04-22,21.465000
2009-04-23,21.459999
2009-04-24,21.395000
2009-04-27,21.120001
2009-04-28,21.139999
2009-04-29,21.355000
2009-04-30,21.525000
2009-05-01,21.235001
2009-05-04,21.584999
2009-05-05,21.570000
2009-05-06,21.469999
2009-05-07,21.400000
2009-05-08,21.459999
2009-05-11,21.375000
2009-05-12,22.200001
2009-05-13,21.815001
2009-05-14,22.450001
2009-05-15,22.480000
2009-05-18,23.035000
2009-05-19,23.320000
2009-05-20,23.500000
2009-05-21,23.340000
2009-05-22,23.650000
2009-05-26,23.605000
2009-05-27,23.315001
2009-05-28,23.450001
2009-05-29,24.580000
2009-06-01,24.510000
2009-06-02,24.830000
2009-06-03,24.545000
2009-06-04,24.879999
2009-06-05,24.719999
2009-06-08,24.690001
2009-06-09,24.545000
2009-06-10,24.205000
2009-06-11,24.290001
2009-06-12,24.445000
2009-06-15,24.055000
2009-06-16,23.915001
2009-06-17,23.965000
2009-06-18,24.775000
2009-06-19,24.405001
2009-06-22,23.995001
2009-06-23,23.900000
2009-06-24,23.750000
2009-06-25,23.924999
2009-06-26,24.065001
2009-06-29,24.145000
2009-06-30,23.995001
2009-07-01,24.590000
2009-07-02,24.440001
2009-07-06,24.500000
2009-07-07,24.320000
2009-07-08,24.254999
2009-07-09,24.355000
2009-07-10,24.155001
2009-07-13,24.525000
2009-07-14,24.645000
2009-07-15,25.264999
2009-07-16,25.395000
2009-07-17,25.160000
2009-07-20,25.514999
2009-07-21,25.174999
2009-07-22,24.565001
2009-07-23,24.590000
2009-07-24,24.680000
2009-07-27,24.760000
2009-07-28,24.695000
2009-07-29,24.639999
2009-07-30,24.834999
2009-07-31,24.920000
2009-08-03,24.799999
2009-08-04,24.750000
2009-08-05,24.584999
2009-08-06,24.695000
2009-08-07,24.670000
2009-08-10,24.719999
2009-08-11,24.520000
2009-08-12,24.230000
2009-08-13,24.059999
2009-08-14,24.235001
2009-08-17,24.350000
2009-08-18,24.305000
2009-08-19,24.680000
2009-08-20,24.709999
2009-08-21,24.955000
2009-08-24,24.530001
2009-08-25,24.370001
2009-08-26,24.590000
2009-08-27,24.719999
2009-08-28,24.530001
2009-08-31,24.385000
2009-09-01,24.264999
2009-09-02,24.900000
2009-09-03,24.790001
2009-09-04,24.975000
2009-09-08,25.205000
2009-09-09,25.315001
2009-09-10,25.290001
2009-09-11,25.754999
2009-09-14,26.080000
2009-09-15,26.225000
2009-09-16,26.334999
2009-09-17,26.709999
2009-09-18,26.879999
2009-09-21,26.500000
2009-09-22,26.424999
2009-09-23,26.290001
2009-09-24,26.170000
2009-09-25,26.485001
2009-09-28,26.565001
2009-09-29,26.655001
2009-09-30,26.850000
2009-10-01,26.559999
2009-10-02,26.934999
2009-10-05,26.900000
2009-10-06,27.160000
2009-10-07,27.405001
2009-10-08,27.295000
2009-10-09,27.325001
2009-10-12,27.395000
2009-10-13,27.400000
2009-10-14,27.420000
2009-10-15,27.459999
2009-10-16,27.504999
2009-10-19,27.395000
2009-10-20,27.035000
2009-10-21,27.035000
2009-10-22,27.075001
2009-10-23,26.620001
2009-10-26,26.615000
2009-10-27,26.730000
2009-10-28,26.754999
2009-10-29,27.045000
2009-10-30,26.655001
2009-11-02,26.860001
2009-11-03,26.559999
2009-11-04,26.745001
2009-11-05,27.200001
2009-11-06,27.245001
2009-11-09,27.740000
2009-11-10,27.905001
2009-11-11,28.065001
2009-11-12,27.969999
2009-11-13,28.230000
2009-11-16,28.370001
2009-11-17,28.434999
2009-11-18,28.290001
2009-11-19,28.440001
2009-11-20,28.740000
2009-11-23,29.120001
2009-11-24,29.094999
2009-11-25,29.055000
2009-11-27,28.590000
2009-11-30,28.600000
2009-12-01,29.040001
2009-12-02,28.980000
2009-12-03,28.635000
2009-12-04,28.745001
2009-12-07,28.934999
2009-12-08,28.840000
2009-12-09,28.915001
2009-12-10,29.290001
2009-12-11,29.555000
2009-12-14,29.520000
2009-12-15,29.530001
2009-12-16,29.209999
2009-12-17,28.490000
2009-12-18,28.459999
2009-12-21,28.590000
2009-12-22,28.635000
2009-12-23,28.645000
2009-12-24,28.719999
2009-12-28,28.719999
2009-12-29,28.870001
2009-12-30,28.840000
2009-12-31,28.500000
2010-01-04,28.520000
2010-01-05,28.174999
2010-01-06,28.165001
2010-01-07,28.094999
2010-01-08,27.575001
2010-01-11,28.135000
2010-01-12,28.440001
2010-01-13,28.514999
2010-01-14,28.565001
2010-01-15,28.145000
2010-01-19,28.209999
2010-01-20,27.750000
2010-01-21,27.184999
2010-01-22,27.120001
2010-01-25,27.174999
2010-01-26,27.070000
2010-01-27,27.254999
2010-01-28,27.090000
2010-01-29,27.125000
2010-02-01,27.190001
2010-02-02,27.525000
2010-02-03,27.434999
2010-02-04,26.715000
2010-02-05,26.545000
2010-02-08,26.325001
2010-02-09,27.004999
2010-02-10,26.895000
2010-02-11,27.110001
2010-02-12,26.990000
2010-02-16,27.410000
2010-02-17,27.665001
2010-02-18,27.955000
2010-02-19,27.860001
2010-02-22,27.690001
2010-02-23,27.415001
2010-02-24,27.580000
2010-02-25,26.559999
2010-02-26,26.360001
2010-03-01,26.635000
2010-03-02,26.650000
2010-03-03,26.965000
2010-03-04,27.235001
2010-03-05,27.350000
2010-03-08,27.230000
2010-03-09,27.090000
2010-03-10,27.100000
2010-03-11,26.799999
2010-03-12,26.674999
2010-03-15,26.825001
2010-03-16,26.850000
2010-03-17,26.920000
2010-03-18,26.975000
2010-03-19,27.375000
2010-03-22,27.270000
2010-03-23,27.650000
2010-03-24,27.309999
2010-03-25,27.400000
2010-03-26,27.325001
2010-03-29,27.385000
2010-03-30,27.434999
2010-03-31,27.500000
2010-04-01,27.650000
2010-04-05,27.430000
2010-04-06,27.145000
2010-04-07,26.910000
2010-04-08,26.879999
2010-04-09,27.295000
2010-04-12,27.379999
2010-04-13,27.510000
2010-04-14,27.475000
2010-04-15,27.129999
2010-04-16,27.485001
2010-04-19,27.660000
2010-04-20,27.235001
2010-04-21,27.094999
2010-04-22,27.155001
2010-04-23,26.940001
2010-04-26,26.865000
2010-04-27,26.434999
2010-04-28,26.680000
2010-04-29,26.870001
2010-04-30,26.725000
2010-05-03,26.879999
2010-05-04,26.590000
2010-05-05,26.830000
2010-05-06,26.150000
2010-05-07,26.334999
2010-05-10,27.020000
2010-05-11,26.805000
2010-05-12,27.010000
2010-05-13,26.745001
2010-05-14,26.670000
2010-05-17,26.705000
2010-05-18,26.549999
2010-05-19,26.559999
2010-05-20,25.770000
2010-05-21,25.795000
2010-05-24,25.730000
2010-05-25,25.309999
2010-05-26,25.040001
2010-05-27,25.615000
2010-05-28,25.700001
2010-06-01,25.645000
2010-06-02,26.205000
2010-06-03,26.375000
2010-06-04,25.635000
2010-06-07,25.400000
2010-06-08,25.780001
2010-06-09,25.674999
2010-06-10,26.225000
2010-06-11,25.825001
2010-06-14,25.754999
2010-06-15,26.090000
2010-06-16,26.200001
2010-06-17,26.180000
2010-06-18,26.155001
2010-06-21,26.240000
2010-06-22,26.230000
2010-06-23,26.120001
2010-06-24,25.900000
2010-06-25,25.129999
2010-06-28,25.540001
2010-06-29,25.165001
2010-06-30,25.059999
2010-07-01,25.014999
2010-07-02,25.025000
2010-07-06,25.215000
2010-07-07,25.735001
2010-07-08,26.209999
2010-07-09,26.200001
2010-07-12,26.225000
2010-07-13,26.360001
2010-07-14,26.410000
2010-07-15,26.424999
2010-07-16,26.184999
2010-07-19,26.135000
2010-07-20,26.620001
2010-07-21,27.040001
2010-07-22,27.129999
2010-07-23,27.375000
2010-07-26,27.469999
2010-07-27,27.525000
2010-07-28,27.440001
2010-07-29,27.495001
2010-07-30,27.555000
2010-08-02,28.205000
2010-08-03,28.190001
2010-08-04,28.275000
2010-08-05,28.184999
2010-08-06,28.375000
2010-08-09,28.555000
2010-08-10,28.490000
2010-08-11,28.020000
2010-08-12,27.844999
2010-08-13,27.865000
2010-08-16,27.940001
2010-08-17,28.059999
2010-08-18,27.920000
2010-08-19,27.639999
2010-08-20,27.650000
2010-08-23,27.799999
2010-08-24,27.830000
2010-08-25,27.695000
2010-08-26,27.580000
2010-08-27,28.080000
2010-08-30,27.775000
2010-08-31,27.940001
2010-09-01,28.655001
2010-09-02,28.690001
2010-09-03,28.780001
2010-09-07,28.815001
2010-09-08,28.915001
2010-09-09,29.145000
2010-09-10,29.260000
2010-09-13,29.014999
2010-09-14,28.795000
2010-09-15,28.709999
2010-09-16,28.754999
2010-09-17,28.780001
2010-09-20,28.985001
2010-09-21,29.055000
2010-09-22,29.115000
2010-09-23,28.934999
2010-09-24,29.309999
2010-09-27,29.299999
2010-09-28,29.549999
2010-09-29,29.379999
2010-09-30,29.260000
2010-10-01,29.559999
2010-10-04,29.440001
2010-10-05,29.830000
2010-10-06,29.900000
2010-10-07,29.719999
2010-10-08,29.705000
2010-10-11,29.780001
2010-10-12,29.799999
2010-10-13,29.969999
2010-10-14,29.955000
2010-10-15,29.969999
2010-10-18,30.000000
2010-10-19,30.170000
2010-10-20,30.575001
2010-10-21,30.735001
2010-10-22,30.805000
2010-10-25,30.504999
2010-10-26,30.620001
2010-10-27,30.594999
2010-10-28,30.605000
2010-10-29,30.660000
2010-11-01,30.855000
2010-11-02,30.930000
2010-11-03,30.975000
2010-11-04,31.225000
2010-11-05,31.290001
2010-11-08,31.230000
2010-11-09,31.320000
2010-11-10,31.275000
2010-11-11,31.400000
2010-11-12,31.459999
2010-11-15,31.480000
2010-11-16,31.040001
2010-11-17,31.260000
2010-11-18,31.920000
2010-11-19,32.160000
2010-11-22,32.134998
2010-11-23,31.809999
2010-11-24,32.305000
2010-11-26,32.055000
2010-11-29,31.695000
2010-11-30,31.584999
2010-12-01,32.349998
2010-12-02,32.450001
2010-12-03,32.250000
2010-12-06,31.995001
2010-12-07,32.070000
2010-12-08,32.195000
2010-12-09,32.415001
2010-12-10,32.325001
2010-12-13,32.424999
2010-12-14,31.950001
2010-12-15,32.369999
2010-12-16,32.669998
2010-12-17,32.849998
2010-12-20,32.654999
2010-12-21,32.744999
2010-12-22,32.794998
2010-12-23,32.790001
2010-12-27,32.535000
2010-12-28,32.680000
2010-12-29,32.724998
2010-12-30,32.750000
2010-12-31,32.884998
2011-01-03,32.610001
2011-01-04,31.934999
2011-01-05,31.745001
2011-01-06,31.514999
2011-01-07,31.459999
2011-01-10,31.530001
2011-01-11,31.344999
2011-01-12,31.520000
2011-01-13,31.700001
2011-01-14,31.565001
2011-01-18,31.740000
2011-01-19,31.709999
2011-01-20,31.465000
2011-01-21,31.385000
2011-01-24,31.625000
2011-01-25,31.480000
2011-01-26,31.480000
2011-01-27,31.350000
2011-01-28,31.105000
2011-01-31,31.424999
2011-02-01,31.525000
2011-02-02,31.430000
2011-02-03,31.285000
2011-02-04,31.280001
2011-02-07,31.260000
2011-02-08,31.434999
2011-02-09,31.575001
2011-02-10,31.770000
2011-02-11,31.785000
2011-02-14,31.570000
2011-02-15,31.594999
2011-02-16,31.700001
2011-02-17,32.275002
2011-02-18,32.275002
2011-02-22,31.879999
2011-02-23,31.955000
2011-02-24,31.940001
2011-02-25,32.154999
2011-02-28,31.959999
2011-03-01,32.455002
2011-03-02,32.215000
2011-03-03,32.785000
2011-03-04,32.605000
2011-03-07,32.610001
2011-03-08,32.820000
2011-03-09,32.810001
2011-03-10,32.645000
2011-03-11,32.404999
2011-03-14,31.969999
2011-03-15,31.514999
2011-03-16,30.799999
2011-03-17,31.139999
2011-03-18,31.350000
2011-03-21,31.785000
2011-03-22,31.754999
2011-03-23,32.134998
2011-03-24,32.345001
2011-03-25,32.610001
2011-03-28,32.514999
2011-03-29,32.860001
2011-03-30,33.020000
2011-03-31,33.169998
2011-04-01,33.610001
2011-04-04,33.830002
2011-04-05,33.735001
2011-04-06,33.814999
2011-04-07,33.720001
2011-04-08,33.634998
2011-04-11,33.700001
2011-04-12,33.450001
2011-04-13,33.639999
2011-04-14,34.154999
2011-04-15,34.005001
2011-04-18,33.654999
2011-04-19,33.544998
2011-04-20,33.924999
2011-04-21,33.939999
2011-04-25,33.869999
2011-04-26,33.465000
2011-04-27,33.500000
2011-04-28,33.705002
2011-04-29,33.730000
2011-05-02,33.860001
2011-05-03,33.939999
2011-05-04,33.730000
2011-05-05,33.349998
2011-05-06,33.450001
2011-05-09,33.474998
2011-05-10,33.669998
2011-05-11,33.660000
2011-05-12,34.154999
2011-05-13,34.090000
2011-05-16,33.915001
2011-05-17,33.994999
2011-05-18,34.150002
2011-05-19,34.230000
2011-05-20,34.150002
2011-05-23,33.744999
2011-05-24,33.735001
2011-05-25,33.455002
2011-05-26,33.349998
2011-05-27,33.255001
2011-05-31,33.404999
2011-06-01,33.380001
2011-06-02,33.020000
2011-06-03,32.764999
2011-06-06,32.709999
2011-06-07,32.599998
2011-06-08,32.700001
2011-06-09,32.945000
2011-06-10,32.695000
2011-06-13,32.560001
2011-06-14,32.805000
2011-06-15,32.485001
2011-06-16,32.744999
2011-06-17,32.810001
2011-06-20,32.915001
2011-06-21,33.130001
2011-06-22,33.200001
2011-06-23,32.490002
2011-06-24,32.465000
2011-06-27,32.605000
2011-06-28,33.014999
2011-06-29,33.355000
2011-06-30,33.645000
2011-07-01,34.044998
2011-07-05,34.150002
2011-07-06,34.264999
2011-07-07,34.375000
2011-07-08,34.340000
2011-07-11,34.049999
2011-07-12,33.924999
2011-07-13,34.029999
2011-07-14,33.834999
2011-07-15,33.764999
2011-07-18,33.560001
2011-07-19,34.660000
2011-07-20,34.435001
2011-07-21,34.669998
2011-07-22,34.865002
2011-07-25,34.630001
2011-07-26,34.595001
2011-07-27,34.345001
2011-07-28,34.404999
2011-07-29,34.005001
2011-08-01,33.865002
2011-08-02,33.535000
2011-08-03,34.200001
2011-08-04,32.910000
2011-08-05,33.384998
2011-08-08,32.560001
2011-08-09,33.340000
2011-08-10,31.980000
2011-08-11,33.235001
2011-08-12,33.570000
2011-08-15,34.099998
2011-08-16,34.084999
2011-08-17,34.639999
2011-08-18,33.880001
2011-08-19,33.549999
2011-08-22,33.634998
2011-08-23,34.529999
2011-08-24,34.840000
2011-08-25,33.985001
2011-08-26,34.250000
2011-08-29,34.865002
2011-08-30,34.930000
2011-08-31,35.224998
2011-09-01,35.224998
2011-09-02,34.869999
2011-09-06,34.715000
2011-09-07,35.400002
2011-09-08,35.584999
2011-09-09,34.685001
2011-09-12,34.689999
2011-09-13,34.549999
2011-09-14,34.884998
2011-09-15,35.509998
2011-09-16,35.615002
2011-09-19,35.244999
2011-09-20,35.325001
2011-09-21,34.639999
2011-09-22,33.910000
2011-09-23,33.709999
2011-09-26,34.380001
2011-09-27,34.785000
2011-09-28,34.029999
2011-09-29,34.525002
2011-09-30,33.779999
2011-10-03,32.709999
2011-10-04,32.615002
2011-10-05,32.764999
2011-10-06,32.695000
2011-10-07,32.950001
2011-10-10,33.450001
2011-10-11,33.400002
2011-10-12,33.740002
2011-10-13,33.700001
2011-10-14,33.924999
2011-10-17,33.500000
2011-10-18,33.369999
2011-10-19,33.514999
2011-10-20,33.560001
2011-10-21,34.095001
2011-10-24,33.935001
2011-10-25,33.474998
2011-10-26,33.735001
2011-10-27,34.285000
2011-10-28,34.465000
2011-10-31,34.160000
2011-11-01,33.520000
2011-11-02,33.884998
2011-11-03,34.325001
2011-11-04,33.889999
2011-11-07,34.105000
2011-11-08,34.325001
2011-11-09,33.514999
2011-11-10,33.695000
2011-11-11,34.060001
2011-11-14,33.895000
2011-11-15,34.000000
2011-11-16,33.505001
2011-11-17,33.310001
2011-11-18,33.695000
2011-11-21,32.974998
2011-11-22,32.985001
2011-11-23,32.435001
2011-11-25,32.369999
2011-11-28,32.584999
2011-11-29,33.095001
2011-11-30,33.615002
2011-12-01,33.415001
2011-12-02,33.189999
2011-12-05,33.154999
2011-12-06,33.340000
2011-12-07,33.389999
2011-12-08,33.365002
2011-12-09,33.785000
2011-12-12,33.445000
2011-12-13,33.240002
2011-12-14,33.130001
2011-12-15,33.445000
2011-12-16,33.720001
2011-12-19,33.685001
2011-12-20,34.200001
2011-12-21,34.785000
2011-12-22,34.595001
2011-12-23,34.970001
2011-12-27,34.939999
2011-12-28,34.755001
2011-12-29,35.080002
2011-12-30,34.985001
2012-01-03,35.070000
2012-01-04,34.849998
2012-01-05,34.685001
2012-01-06,34.465000
2012-01-09,34.465000
2012-01-10,34.669998
2012-01-11,34.029999
2012-01-12,33.785000
2012-01-13,33.494999
2012-01-17,33.674999
2012-01-18,33.794998
2012-01-19,33.724998
2012-01-20,34.044998
2012-01-23,34.264999
2012-01-24,33.950001
2012-01-25,34.215000
2012-01-26,34.005001
2012-01-27,33.720001
2012-01-30,33.730000
2012-01-31,33.764999
2012-02-01,33.924999
2012-02-02,33.915001
2012-02-03,34.040001
2012-02-06,34.014999
2012-02-07,34.275002
2012-02-08,34.165001
2012-02-09,33.985001
2012-02-10,33.970001
2012-02-13,34.220001
2012-02-14,34.450001
2012-02-15,34.200001
2012-02-16,34.430000
2012-02-17,34.525002
2012-02-21,34.410000
2012-02-22,34.625000
2012-02-23,34.590000
2012-02-24,34.500000
2012-02-27,34.415001
2012-02-28,34.424999
2012-02-29,34.930000
2012-03-01,34.799999
2012-03-02,34.590000
2012-03-05,34.615002
2012-03-06,34.380001
2012-03-07,34.395000
2012-03-08,34.634998
2012-03-09,34.755001
2012-03-12,35.075001
2012-03-13,35.125000
2012-03-14,35.110001
2012-03-15,35.165001
2012-03-16,35.080002
2012-03-19,35.200001
2012-03-20,35.294998
2012-03-21,35.560001
2012-03-22,35.709999
2012-03-23,35.744999
2012-03-26,35.950001
2012-03-27,35.935001
2012-03-28,36.330002
2012-03-29,36.904999
2012-03-30,37.005001
2012-04-02,37.070000
2012-04-03,36.880001
2012-04-04,36.730000
2012-04-05,36.735001
2012-04-09,36.435001
2012-04-10,36.009998
2012-04-11,36.060001
2012-04-12,36.110001
2012-04-13,35.970001
2012-04-16,36.220001
2012-04-17,36.974998
2012-04-18,37.084999
2012-04-19,36.910000
2012-04-20,37.064999
2012-04-23,36.845001
2012-04-24,37.060001
2012-04-25,37.465000
2012-04-26,37.855000
2012-04-27,38.314999
2012-04-30,38.160000
2012-05-01,38.465000
2012-05-02,38.580002
2012-05-03,38.720001
2012-05-04,38.500000
2012-05-07,38.639999
2012-05-08,38.570000
2012-05-09,38.389999
2012-05-10,38.705002
2012-05-11,38.735001
2012-05-14,38.435001
2012-05-15,38.285000
2012-05-16,38.165001
2012-05-17,37.560001
2012-05-18,37.025002
2012-05-21,37.255001
2012-05-22,37.095001
2012-05-23,37.275002
2012-05-24,37.779999
2012-05-25,37.615002
2012-05-29,37.730000
2012-05-30,37.529999
2012-05-31,37.365002
2012-06-01,36.544998
2012-06-04,36.820000
2012-06-05,36.619999
2012-06-06,37.305000
2012-06-07,37.139999
2012-06-08,37.619999
2012-06-11,37.330002
2012-06-12,37.599998
2012-06-13,37.345001
2012-06-14,37.869999
2012-06-15,38.044998
2012-06-18,37.990002
2012-06-19,37.869999
2012-06-20,37.779999
2012-06-21,37.334999
2012-06-22,37.470001
2012-06-25,37.384998
2012-06-26,37.540001
2012-06-27,38.169998
2012-06-28,38.285000
2012-06-29,39.095001
2012-07-02,39.459999
2012-07-03,39.580002
2012-07-05,39.224998
2012-07-06,39.075001
2012-07-09,38.990002
2012-07-10,38.990002
2012-07-11,38.730000
2012-07-12,38.320000
2012-07-13,38.639999
2012-07-16,38.240002
2012-07-17,38.845001
2012-07-18,38.720001
2012-07-19,38.775002
2012-07-20,38.514999
2012-07-23,38.439999
2012-07-24,38.330002
2012-07-25,38.509998
2012-07-26,39.424999
2012-07-27,40.005001
2012-07-30,40.560001
2012-07-31,40.400002
2012-08-01,40.505001
2012-08-02,39.875000
2012-08-03,40.415001
2012-08-06,40.320000
2012-08-07,39.884998
2012-08-08,39.779999
2012-08-09,39.619999
2012-08-10,39.395000
2012-08-13,39.299999
2012-08-14,39.380001
2012-08-15,39.349998
2012-08-16,39.549999
2012-08-17,39.529999
2012-08-20,39.470001
2012-08-21,39.259998
2012-08-22,38.770000
2012-08-23,38.110001
2012-08-24,38.470001
2012-08-27,38.169998
2012-08-28,38.000000
2012-08-29,37.459999
2012-08-30,37.139999
2012-08-31,37.400002
2012-09-04,37.279999
2012-09-05,37.509998
2012-09-06,38.150002
2012-09-07,37.900002
2012-09-10,37.660000
2012-09-11,37.770000
2012-09-12,37.549999
2012-09-13,38.349998
2012-09-14,38.119999
2012-09-17,38.349998
2012-09-18,38.619999
2012-09-19,38.520000
2012-09-20,38.639999
2012-09-21,38.029999
2012-09-24,38.119999
2012-09-25,37.680000
2012-09-26,37.759998
2012-09-27,38.310001
2012-09-28,37.930000
2012-10-01,38.380001
2012-10-02,38.340000
2012-10-03,38.240002
2012-10-04,38.330002
2012-10-05,38.580002
2012-10-08,38.580002
2012-10-09,38.560001
2012-10-10,38.090000
2012-10-11,38.110001
2012-10-12,38.230000
2012-10-15,38.130001
2012-10-16,37.900002
2012-10-17,37.740002
2012-10-18,37.840000
2012-10-19,37.400002
2012-10-22,37.230000
2012-10-23,36.610001
2012-10-24,36.880001
2012-10-25,37.090000
2012-10-26,37.040001
2012-10-31,37.180000
2012-11-01,37.330002
2012-11-02,37.080002
2012-11-05,36.770000
2012-11-06,37.419998
2012-11-07,36.720001
2012-11-08,36.360001
2012-11-09,36.290001
2012-11-12,36.080002
2012-11-13,36.160000
2012-11-14,36.009998
2012-11-15,36.430000
2012-11-16,36.560001
2012-11-19,37.240002
2012-11-20,37.250000
2012-11-21,37.389999
2012-11-23,37.930000
2012-11-26,37.360001
2012-11-27,37.419998
2012-11-28,37.560001
2012-11-29,37.970001
2012-11-30,37.919998
2012-12-03,37.380001
2012-12-04,37.150002
2012-12-05,37.310001
2012-12-06,37.380001
2012-12-07,37.709999
2012-12-10,37.639999
2012-12-11,37.860001
2012-12-12,37.639999
2012-12-13,37.599998
2012-12-14,37.660000
2012-12-17,37.500000
2012-12-18,37.279999
2012-12-19,36.779999
2012-12-20,37.049999
2012-12-21,36.889999
2012-12-24,36.730000
2012-12-26,36.419998
2012-12-27,36.419998
2012-12-28,35.970001
2012-12-31,36.250000
2013-01-02,37.599998
2013-01-03,37.599998
2013-01-04,37.660000
2013-01-07,37.299999
2013-01-08,37.040001
2013-01-09,37.029999
2013-01-10,36.959999
2013-01-11,36.910000
2013-01-14,36.990002
2013-01-15,37.320000
2013-01-16,37.320000
2013-01-17,37.509998
2013-01-18,37.700001
2013-01-22,37.130001
2013-01-23,37.130001
2013-01-24,37.110001
2013-01-25,37.049999
2013-01-28,37.009998
2013-01-29,37.419998
2013-01-30,37.500000
2013-01-31,37.240002
2013-02-01,37.540001
2013-02-04,37.349998
2013-02-05,38.139999
2013-02-06,38.310001
2013-02-07,38.910000
2013-02-08,38.770000
2013-02-11,38.610001
2013-02-12,37.560001
2013-02-13,37.209999
2013-02-14,36.840000
2013-02-15,37.419998
2013-02-19,37.669998
2013-02-20,37.730000
2013-02-21,37.709999
2013-02-22,38.520000
2013-02-25,37.720001
2013-02-26,38.110001
2013-02-27,38.450001
2013-02-28,38.720001
2013-03-01,38.700001
2013-03-04,38.820000
2013-03-05,38.680000
2013-03-06,39.020000
2013-03-07,39.119999
2013-03-08,39.220001
2013-03-11,39.310001
2013-03-12,38.959999
2013-03-13,38.590000
2013-03-14,39.020000
2013-03-15,38.830002
2013-03-18,38.759998
2013-03-19,39.330002
2013-03-20,39.869999
2013-03-21,40.070000
2013-03-22,40.040001
2013-03-25,40.119999
2013-03-26,40.689999
2013-03-27,40.220001
2013-03-28,40.439999
2013-04-01,40.450001
2013-04-02,40.720001
2013-04-03,40.169998
2013-04-04,40.540001
2013-04-05,40.080002
2013-04-08,40.860001
2013-04-09,40.709999
2013-04-10,41.070000
2013-04-11,41.180000
2013-04-12,41.080002
2013-04-15,40.090000
2013-04-16,42.369999
2013-04-17,42.549999
2013-04-18,42.099998
2013-04-19,42.660000
2013-04-22,42.720001
2013-04-23,42.700001
2013-04-24,42.150002
2013-04-25,42.349998
2013-04-26,42.099998
2013-04-29,42.240002
2013-04-30,42.330002
2013-05-01,42.209999
2013-05-02,41.959999
2013-05-03,42.240002
2013-05-06,42.080002
2013-05-07,42.700001
2013-05-08,42.459999
2013-05-09,42.119999
2013-05-10,42.150002
2013-05-13,42.189999
2013-05-14,42.520000
2013-05-15,42.919998
2013-05-16,43.090000
2013-05-17,42.970001
2013-05-20,42.380001
2013-05-21,42.340000
2013-05-22,42.250000
2013-05-23,41.930000
2013-05-24,42.240002
2013-05-28,42.549999
2013-05-29,41.400002
2013-05-30,40.770000
2013-05-31,39.990002
2013-06-03,40.810001
2013-06-04,41.419998
2013-06-05,40.650002
2013-06-06,40.790001
2013-06-07,41.410000
2013-06-10,41.180000
2013-06-11,40.790001
2013-06-12,40.389999
2013-06-13,40.410000
2013-06-14,40.340000
2013-06-17,40.680000
2013-06-18,40.930000
2013-06-19,40.410000
2013-06-20,39.130001
2013-06-21,39.759998
2013-06-24,39.529999
2013-06-25,39.720001
2013-06-26,40.330002
2013-06-27,40.259998
2013-06-28,40.110001
2013-07-01,40.459999
2013-07-02,40.369999
2013-07-03,40.490002
2013-07-05,40.520000
2013-07-08,40.540001
2013-07-09,40.830002
2013-07-10,40.680000
2013-07-11,41.029999
2013-07-12,41.029999
2013-07-15,41.009998
2013-07-16,40.230000
2013-07-17,40.840000
2013-07-18,40.810001
2013-07-19,41.090000
2013-07-22,40.840000
2013-07-23,40.959999
2013-07-24,40.860001
2013-07-25,40.840000
2013-07-26,40.639999
2013-07-29,40.279999
2013-07-30,40.320000
2013-07-31,40.080002
2013-08-01,40.570000
2013-08-02,40.220001
2013-08-05,40.290001
2013-08-06,40.369999
2013-08-07,40.150002
2013-08-08,40.200001
2013-08-09,40.160000
2013-08-12,39.830002
2013-08-13,39.650002
2013-08-14,39.529999
2013-08-15,39.090000
2013-08-16,39.049999
2013-08-19,38.779999
2013-08-20,38.650002
2013-08-21,38.279999
2013-08-22,38.310001
2013-08-23,38.520000
2013-08-26,38.119999
2013-08-27,38.150002
2013-08-28,38.349998
2013-08-29,38.099998
2013-08-30,38.180000
2013-09-03,37.900002
2013-09-04,38.540001
2013-09-05,38.240002
2013-09-06,38.349998
2013-09-09,38.520000
2013-09-10,38.630001
2013-09-11,38.779999
2013-09-12,38.439999
2013-09-13,38.689999
2013-09-16,38.860001
2013-09-17,38.790001
2013-09-18,39.590000
2013-09-19,39.310001
2013-09-20,39.400002
2013-09-23,38.630001
2013-09-24,38.529999
2013-09-25,38.330002
2013-09-26,38.740002
2013-09-27,38.400002
2013-09-30,37.880001
2013-10-01,37.950001
2013-10-02,37.430000
2013-10-03,37.160000
2013-10-04,37.200001
2013-10-07,37.049999
2013-10-08,37.279999
2013-10-09,37.080002
2013-10-10,37.779999
2013-10-11,37.770000
2013-10-14,37.910000
2013-10-15,37.660000
2013-10-16,38.000000
2013-10-17,38.549999
2013-10-18,38.779999
2013-10-21,38.820000
2013-10-22,39.090000
2013-10-23,39.090000
2013-10-24,38.799999
2013-10-25,39.029999
2013-10-28,39.610001
2013-10-29,39.799999
2013-10-30,39.619999
2013-10-31,39.570000
2013-11-01,39.610001
2013-11-04,39.509998
2013-11-05,39.500000
2013-11-06,40.049999
2013-11-07,39.830002
2013-11-08,40.049999
2013-11-11,39.869999
2013-11-12,39.880001
2013-11-13,40.119999
2013-11-14,40.209999
2013-11-15,40.220001
2013-11-18,40.169998
2013-11-19,40.139999
2013-11-20,40.060001
2013-11-21,40.430000
2013-11-22,40.430000
2013-11-25,40.369999
2013-11-26,40.250000
2013-11-27,40.189999
2013-11-29,40.189999
2013-12-02,40.080002
2013-12-03,40.349998
2013-12-04,40.369999
2013-12-05,39.830002
2013-12-06,40.459999
2013-12-09,40.400002
2013-12-10,39.849998
2013-12-11,40.130001
2013-12-12,39.209999
2013-12-13,39.230000
2013-12-16,39.270000
2013-12-17,39.099998
2013-12-18,40.020000
2013-12-19,39.860001
2013-12-20,40.040001
2013-12-23,40.160000
2013-12-24,40.189999
2013-12-26,40.490002
2013-12-27,40.660000
2013-12-30,41.090000
2013-12-31,41.310001
2014-01-02,40.660000
2014-01-03,40.459999
2014-01-06,40.270000
2014-01-07,40.389999
2014-01-08,39.939999
2014-01-09,39.730000
2014-01-10,40.130001
2014-01-13,39.529999
2014-01-14,39.689999
2014-01-15,39.759998
2014-01-16,39.709999
2014-01-17,39.279999
2014-01-21,39.919998
2014-01-22,39.900002
2014-01-23,39.240002
2014-01-24,38.840000
2014-01-27,38.730000
2014-01-28,38.869999
2014-01-29,37.900002
2014-01-30,38.169998
2014-01-31,37.820000
2014-02-03,37.200001
2014-02-04,37.480000
2014-02-05,37.610001
2014-02-06,38.029999
2014-02-07,37.950001
2014-02-10,38.570000
2014-02-11,38.639999
2014-02-12,38.509998
2014-02-13,38.650002
2014-02-14,38.930000
2014-02-18,37.470001
2014-02-19,37.099998
2014-02-20,37.299999
2014-02-21,37.180000
2014-02-24,37.500000
2014-02-25,37.770000
2014-02-26,37.869999
2014-02-27,38.070000
2014-02-28,38.200001
2014-03-03,38.119999
2014-03-04,38.310001
2014-03-05,38.349998
2014-03-06,38.470001
2014-03-07,38.549999
2014-03-10,38.650002
2014-03-11,38.799999
2014-03-12,38.470001
2014-03-13,37.970001
2014-03-14,38.169998
2014-03-17,38.270000
2014-03-18,38.400002
2014-03-19,38.139999
2014-03-20,38.450001
2014-03-21,38.439999
2014-03-24,38.400002
2014-03-25,38.619999
2014-03-26,38.610001
2014-03-27,38.820000
2014-03-28,38.950001
2014-03-31,38.660000
2014-04-01,38.410000
2014-04-02,38.330002
2014-04-03,38.070000
2014-04-04,38.220001
2014-04-07,38.619999
2014-04-08,38.900002
2014-04-09,38.990002
2014-04-10,38.889999
2014-04-11,38.630001
2014-04-14,38.730000
2014-04-15,40.180000
2014-04-16,40.590000
2014-04-17,40.720001
2014-04-21,40.750000
2014-04-22,40.709999
2014-04-23,40.730000
2014-04-24,40.700001
2014-04-25,41.009998
2014-04-28,41.029999
2014-04-29,40.570000
2014-04-30,40.790001
2014-05-01,40.779999
2014-05-02,40.950001
2014-05-05,40.759998
2014-05-06,40.490002
2014-05-07,40.910000
2014-05-08,40.730000
2014-05-09,40.869999
2014-05-12,40.820000
2014-05-13,41.110001
2014-05-14,40.889999
2014-05-15,40.520000
2014-05-16,40.889999
2014-05-19,40.709999
2014-05-20,40.580002
2014-05-21,40.869999
2014-05-22,40.580002
2014-05-23,40.580002
2014-05-27,40.770000
2014-05-28,40.580002
2014-05-29,40.660000
2014-05-30,40.910000
2014-06-02,40.860001
2014-06-03,40.880001
2014-06-04,40.790001
2014-06-05,40.889999
2014-06-06,40.990002
2014-06-09,40.910000
2014-06-10,41.070000
2014-06-11,40.860001
2014-06-12,40.419998
2014-06-13,40.369999
2014-06-16,40.660000
2014-06-17,40.919998
2014-06-18,41.560001
2014-06-19,41.790001
2014-06-20,41.689999
2014-06-23,41.730000
2014-06-24,41.849998
2014-06-25,41.959999
2014-06-26,42.029999
2014-06-27,42.189999
2014-06-30,42.360001
2014-07-01,42.290001
2014-07-02,42.290001
2014-07-03,42.230000
2014-07-07,42.139999
2014-07-08,41.939999
2014-07-09,41.950001
2014-07-10,42.259998
2014-07-11,41.970001
2014-07-14,42.380001
2014-07-15,42.099998
2014-07-16,42.119999
2014-07-17,42.020000
2014-07-18,42.430000
2014-07-21,42.400002
2014-07-22,41.189999
2014-07-23,40.810001
2014-07-24,40.970001
2014-07-25,41.000000
2014-07-28,40.680000
2014-07-29,40.349998
2014-07-30,39.619999
2014-07-31,39.290001
2014-08-01,39.290001
2014-08-04,39.400002
2014-08-05,39.180000
2014-08-06,39.919998
2014-08-07,39.349998
2014-08-08,39.450001
2014-08-11,39.570000
2014-08-12,39.680000
2014-08-13,39.939999
2014-08-14,40.180000
2014-08-15,40.880001
2014-08-18,41.349998
2014-08-19,41.259998
2014-08-20,41.250000
2014-08-21,41.410000
2014-08-22,41.119999
2014-08-25,41.410000
2014-08-26,41.599998
2014-08-27,41.599998
2014-08-28,41.630001
2014-08-29,41.720001
2014-09-02,41.639999
2014-09-03,41.779999
2014-09-04,41.869999
2014-09-05,41.840000
2014-09-08,41.779999
2014-09-09,41.939999
2014-09-10,42.169998
2014-09-11,41.950001
2014-09-12,41.459999
2014-09-15,41.500000
2014-09-16,41.639999
2014-09-17,41.610001
2014-09-18,41.790001
2014-09-19,42.049999
2014-09-22,42.220001
2014-09-23,41.889999
2014-09-24,42.270000
2014-09-25,41.779999
2014-09-26,42.200001
2014-09-29,42.250000
2014-09-30,42.660000
2014-10-01,42.740002
2014-10-02,42.660000
2014-10-03,43.000000
2014-10-06,43.599998
2014-10-07,43.919998
2014-10-08,44.549999
2014-10-09,43.869999
2014-10-10,44.470001
2014-10-13,44.070000
2014-10-14,43.639999
2014-10-15,43.230000
2014-10-16,42.560001
2014-10-17,42.880001
2014-10-20,43.290001
2014-10-21,40.680000
2014-10-22,40.619999
2014-10-23,40.860001
2014-10-24,41.029999
2014-10-27,40.759998
2014-10-28,40.560001
2014-10-29,40.959999
2014-10-30,41.400002
2014-10-31,41.880001
2014-11-03,41.810001
2014-11-04,41.820000
2014-11-05,42.310001
2014-11-06,42.290001
2014-11-07,42.320000
2014-11-10,42.389999
2014-11-11,42.509998
2014-11-12,42.709999
2014-11-13,42.790001
2014-11-14,42.730000
2014-11-17,42.919998
2014-11-18,43.529999
2014-11-19,44.220001
2014-11-20,44.250000
2014-11-21,44.500000
2014-11-24,44.270000
2014-11-25,44.430000
2014-11-26,44.290001
2014-11-28,44.830002
2014-12-01,44.549999
2014-12-02,44.540001
2014-12-03,43.799999
2014-12-04,43.500000
2014-12-05,43.529999
2014-12-08,43.139999
2014-12-09,42.040001
2014-12-10,41.599998
2014-12-11,41.529999
2014-12-12,40.910000
2014-12-15,40.570000
2014-12-16,40.389999
2014-12-17,41.549999
2014-12-18,42.389999
2014-12-19,41.950001
2014-12-22,42.349998
2014-12-23,42.970001
2014-12-24,42.939999
2014-12-26,42.959999
2014-12-29,42.860001
2014-12-30,42.759998
2014-12-31,42.220001
2015-01-02,42.139999
2015-01-05,42.139999
2015-01-06,42.459999
2015-01-07,42.990002
2015-01-08,43.509998
2015-01-09,43.029999
2015-01-12,42.639999
2015-01-13,42.630001
2015-01-14,42.560001
2015-01-15,42.380001
2015-01-16,42.529999
2015-01-20,43.160000
2015-01-21,43.360001
2015-01-22,43.779999
2015-01-23,43.310001
2015-01-26,43.000000
2015-01-27,42.389999
2015-01-28,41.919998
2015-01-29,42.099998
2015-01-30,41.169998
2015-02-02,41.590000
2015-02-03,41.630001
2015-02-04,41.680000
2015-02-05,41.790001
2015-02-06,41.450001
2015-02-09,41.230000
2015-02-10,42.400002
2015-02-11,42.369999
2015-02-12,42.169998
2015-02-13,41.990002
2015-02-17,41.810001
2015-02-18,41.730000
2015-02-19,42.110001
2015-02-20,41.970001
2015-02-23,41.849998
2015-02-24,42.130001
2015-02-25,42.049999
2015-02-26,42.459999
2015-02-27,43.299999
2015-03-02,43.200001
2015-03-03,42.950001
2015-03-04,42.500000
2015-03-05,42.400002
2015-03-06,41.520000
2015-03-09,41.389999
2015-03-10,40.689999
2015-03-11,40.099998
2015-03-12,40.570000
2015-03-13,39.910000
2015-03-16,40.290001
2015-03-17,40.509998
2015-03-18,40.599998
2015-03-19,40.020000
2015-03-20,40.650002
2015-03-23,40.619999
2015-03-24,40.470001
2015-03-25,40.450001
2015-03-26,40.349998
2015-03-27,40.080002
2015-03-30,40.509998
2015-03-31,40.549999
2015-04-01,40.680000
2015-04-02,40.680000
2015-04-06,41.169998
2015-04-07,41.009998
2015-04-08,40.889999
2015-04-09,41.049999
2015-04-10,40.880001
2015-04-13,40.700001
2015-04-14,40.509998
2015-04-15,40.400002
2015-04-16,40.599998
2015-04-17,40.299999
2015-04-20,40.660000
2015-04-21,40.779999
2015-04-22,41.310001
2015-04-23,40.950001
2015-04-24,40.889999
2015-04-27,40.830002
2015-04-28,40.770000
2015-04-29,40.490002
2015-04-30,40.560001
2015-05-01,40.910000
2015-05-04,40.959999
2015-05-05,40.750000
2015-05-06,40.660000
2015-05-07,40.700001
2015-05-08,40.980000
2015-05-11,40.939999
2015-05-12,40.689999
2015-05-13,41.049999
2015-05-14,41.500000
2015-05-15,41.520000
2015-05-18,41.320000
2015-05-19,41.310001
2015-05-20,41.349998
2015-05-21,41.230000
2015-05-22,41.209999
2015-05-26,40.990002
2015-05-27,41.119999
2015-05-28,41.139999
2015-05-29,40.959999
2015-06-01,40.939999
2015-06-02,40.990002
2015-06-03,40.869999
2015-06-04,40.590000
2015-06-05,40.099998
2015-06-08,40.160000
2015-06-09,40.200001
2015-06-10,40.330002
2015-06-11,40.099998
2015-06-12,39.959999
2015-06-15,39.590000
2015-06-16,40.080002
2015-06-17,40.270000
2015-06-18,40.650002
2015-06-19,40.400002
2015-06-22,40.480000
2015-06-23,40.380001
2015-06-24,40.189999
2015-06-25,40.020000
2015-06-26,40.000000
2015-06-29,39.400002
2015-06-30,39.230000
2015-07-01,39.500000
2015-07-02,39.490002
2015-07-06,39.419998
2015-07-07,40.250000
2015-07-08,39.860001
2015-07-09,39.919998
2015-07-10,40.389999
2015-07-13,40.660000
2015-07-14,41.169998
2015-07-15,41.130001
2015-07-16,41.480000
2015-07-17,41.250000
2015-07-20,41.380001
2015-07-21,41.189999
2015-07-22,40.900002
2015-07-23,40.840000
2015-07-24,40.439999
2015-07-27,40.540001
2015-07-28,40.549999
2015-07-29,40.590000
2015-07-30,40.560001
2015-07-31,41.080002
2015-08-03,41.540001
2015-08-04,41.849998
2015-08-05,42.119999
2015-08-06,41.919998
2015-08-07,41.770000
2015-08-10,41.680000
2015-08-11,41.480000
2015-08-12,41.259998
2015-08-13,41.099998
2015-08-14,41.250000
2015-08-17,41.349998
2015-08-18,41.299999
2015-08-19,40.779999
2015-08-20,40.549999
2015-08-21,39.529999
2015-08-24,38.380001
2015-08-25,37.990002
2015-08-26,38.730000
2015-08-27,39.270000
2015-08-28,39.450001
2015-08-31,39.320000
2015-09-01,38.750000
2015-09-02,38.900002
2015-09-03,39.160000
2015-09-04,38.520000
2015-09-08,38.900002
2015-09-09,38.299999
2015-09-10,38.419998
2015-09-11,38.130001
2015-09-14,38.099998
2015-09-15,38.500000
2015-09-16,39.150002
2015-09-17,39.380001
2015-09-18,38.980000
2015-09-21,39.189999
2015-09-22,38.790001
2015-09-23,38.759998
2015-09-24,39.150002
2015-09-25,39.619999
2015-09-28,39.529999
2015-09-29,39.660000
2015-09-30,40.119999
2015-10-01,39.799999
2015-10-02,40.389999
2015-10-05,41.009998
2015-10-06,40.959999
2015-10-07,41.520000
2015-10-08,41.980000
2015-10-09,42.020000
2015-10-12,42.000000
2015-10-13,41.650002
2015-10-14,41.680000
2015-10-15,41.919998
2015-10-16,42.020000
2015-10-19,41.990002
2015-10-20,42.290001
2015-10-21,42.189999
2015-10-22,43.240002
2015-10-23,42.790001
2015-10-26,42.590000
2015-10-27,42.610001
2015-10-28,42.730000
2015-10-29,42.790001
2015-10-30,42.349998
2015-11-02,42.240002
2015-11-03,42.160000
2015-11-04,41.970001
2015-11-05,42.330002
2015-11-06,41.959999
2015-11-09,41.540001
2015-11-10,41.770000
2015-11-11,42.040001
2015-11-12,41.580002
2015-11-13,41.380001
2015-11-16,41.959999
2015-11-17,41.669998
2015-11-18,42.279999
2015-11-19,43.110001
2015-11-20,42.430000
2015-11-23,42.959999
2015-11-24,43.360001
2015-11-25,43.360001
2015-11-27,43.150002
2015-11-30,42.619999
2015-12-01,42.889999
2015-12-02,42.770000
2015-12-03,42.459999
2015-12-04,43.290001
2015-12-07,43.200001
2015-12-08,43.009998
2015-12-09,42.660000
2015-12-10,42.759998
2015-12-11,42.270000
2015-12-14,42.450001
2015-12-15,43.070000
2015-12-16,43.840000
2015-12-17,43.490002
2015-12-18,42.500000
2015-12-21,42.779999
2015-12-22,43.290001
2015-12-23,43.669998
2015-12-24,43.540001
2015-12-28,43.490002
2015-12-29,43.709999
2015-12-30,43.570000
2015-12-31,42.959999
2016-01-04,42.400002
2016-01-05,42.549999
2016-01-06,42.320000
2016-01-07,41.619999
2016-01-08,41.509998
2016-01-11,41.580002
2016-01-12,42.119999
2016-01-13,41.849998
2016-01-14,41.880001
2016-01-15,41.500000
2016-01-19,41.919998
2016-01-20,41.380001
2016-01-21,41.389999
2016-01-22,42.060001
2016-01-25,42.160000
2016-01-26,42.080002
2016-01-27,42.090000
2016-01-28,42.570000
2016-01-29,42.919998
2016-02-01,43.000000
2016-02-02,42.439999
2016-02-03,42.720001
2016-02-04,42.529999
2016-02-05,42.439999
2016-02-08,42.650002
2016-02-09,43.299999
2016-02-10,42.549999
2016-02-11,42.410000
2016-02-12,43.110001
2016-02-16,43.360001
2016-02-17,43.490002
2016-02-18,43.610001
2016-02-19,43.770000
2016-02-22,43.939999
2016-02-23,43.689999
2016-02-24,43.910000
2016-02-25,44.160000
2016-02-26,43.139999
2016-02-29,43.130001
2016-03-01,43.689999
2016-03-02,43.770000
2016-03-03,43.959999
2016-03-04,44.110001
2016-03-07,44.009998
2016-03-08,44.320000
2016-03-09,44.810001
2016-03-10,45.230000
2016-03-11,45.200001
2016-03-14,45.290001
2016-03-15,45.240002
2016-03-16,45.049999
2016-03-17,45.770000
2016-03-18,45.599998
2016-03-21,45.669998
2016-03-22,45.500000
2016-03-23,45.459999
2016-03-24,45.580002
2016-03-28,45.799999
2016-03-29,46.480000
2016-03-30,46.580002
2016-03-31,46.389999
2016-04-01,46.830002
2016-04-04,46.889999
2016-04-05,46.529999
2016-04-06,46.709999
2016-04-07,46.360001
2016-04-08,46.869999
2016-04-11,46.439999
2016-04-12,46.650002
2016-04-13,46.040001
2016-04-14,45.830002
2016-04-15,46.099998
2016-04-18,46.220001
2016-04-19,46.599998
2016-04-20,44.369999
2016-04-21,43.660000
2016-04-22,44.540001
2016-04-25,44.709999
2016-04-26,44.529999
2016-04-27,44.680000
2016-04-28,44.630001
2016-04-29,44.799999
2016-05-02,44.980000
2016-05-03,44.840000
2016-05-04,44.980000
2016-05-05,45.060001
2016-05-06,45.320000
2016-05-09,45.240002
2016-05-10,45.750000
2016-05-11,45.459999
2016-05-12,45.830002
2016-05-13,45.349998
2016-05-16,45.619999
2016-05-17,44.750000
2016-05-18,44.480000
2016-05-19,44.320000
2016-05-20,43.950001
2016-05-23,43.970001
2016-05-24,44.369999
2016-05-25,44.380001
2016-05-26,44.689999
2016-05-27,44.779999
2016-05-31,44.599998
2016-06-01,44.700001
2016-06-02,44.720001
2016-06-03,45.040001
2016-06-06,45.369999
2016-06-07,45.320000
2016-06-08,45.549999
2016-06-09,45.759998
2016-06-10,45.990002
2016-06-13,45.119999
2016-06-14,45.040001
2016-06-15,45.009998
2016-06-16,45.310001
2016-06-17,44.790001
2016-06-20,44.980000
2016-06-21,45.130001
2016-06-22,44.860001
2016-06-23,45.080002
2016-06-24,43.930000
2016-06-27,43.779999
2016-06-28,44.180000
2016-06-29,44.439999
2016-06-30,45.330002
2016-07-01,45.119999
2016-07-05,45.430000
2016-07-06,45.270000
2016-07-07,45.090000
2016-07-08,45.380001
2016-07-11,45.570000
2016-07-12,45.580002
2016-07-13,45.740002
2016-07-14,45.689999
2016-07-15,45.630001
2016-07-18,45.630001
2016-07-19,45.630001
2016-07-20,45.509998
2016-07-21,45.450001
2016-07-22,45.830002
2016-07-25,45.570000
2016-07-26,44.880001
2016-07-27,43.400002
2016-07-28,43.650002
2016-07-29,43.630001
2016-08-01,43.450001
2016-08-02,43.529999
2016-08-03,43.639999
2016-08-04,43.509998
2016-08-05,43.480000
2016-08-08,43.439999
2016-08-09,43.470001
2016-08-10,43.610001
2016-08-11,43.750000
2016-08-12,44.029999
2016-08-15,44.240002
2016-08-16,43.830002
2016-08-17,44.060001
2016-08-18,44.099998
2016-08-19,43.919998
2016-08-22,43.740002
2016-08-23,43.849998
2016-08-24,43.849998
2016-08-25,43.669998
2016-08-26,43.320000
2016-08-29,43.540001
2016-08-30,43.240002
2016-08-31,43.430000
2016-09-01,43.349998
2016-09-02,43.660000
2016-09-06,43.790001
2016-09-07,43.639999
2016-09-08,43.630001
2016-09-09,42.270000
2016-09-12,43.189999
2016-09-13,42.279999
2016-09-14,42.110001
2016-09-15,42.360001
2016-09-16,42.139999
2016-09-19,42.099998
2016-09-20,42.340000
2016-09-21,42.529999
2016-09-22,42.959999
2016-09-23,42.740002
2016-09-26,42.049999
2016-09-27,42.590000
2016-09-28,42.150002
2016-09-29,42.029999
2016-09-30,42.320000
2016-10-03,42.029999
2016-10-04,41.840000
2016-10-05,41.810001
2016-10-06,41.709999
2016-10-07,41.730000
2016-10-10,41.730000
2016-10-11,41.540001
2016-10-12,41.779999
2016-10-13,41.759998
2016-10-14,41.669998
2016-10-17,41.599998
2016-10-18,41.970001
2016-10-19,42.049999
2016-10-20,41.930000
2016-10-21,42.130001
2016-10-24,42.560001
2016-10-25,42.540001
2016-10-26,42.439999
2016-10-27,42.119999
2016-10-28,42.230000
2016-10-31,42.400002
2016-11-01,42.119999
2016-11-02,42.049999
2016-11-03,42.029999
2016-11-04,41.689999
2016-11-07,42.459999
2016-11-08,42.880001
2016-11-09,42.270000
2016-11-10,40.939999
2016-11-11,41.029999
2016-11-14,41.169998
2016-11-15,41.439999
2016-11-16,41.259998
2016-11-17,41.119999
2016-11-18,40.910000
2016-11-21,41.360001
2016-11-22,41.369999
2016-11-23,41.119999
2016-11-25,41.529999
2016-11-28,41.750000
2016-11-29,41.150002
2016-11-30,40.349998
2016-12-01,40.169998
2016-12-02,40.360001
2016-12-05,40.619999
2016-12-06,40.570000
2016-12-07,41.290001
2016-12-08,40.980000
2016-12-09,42.000000
2016-12-12,41.900002
2016-12-13,41.759998
2016-12-14,41.209999
2016-12-15,41.549999
2016-12-16,41.740002
2016-12-19,41.669998
2016-12-20,41.660000
2016-12-21,41.570000
2016-12-22,41.549999
2016-12-23,41.599998
2016-12-27,41.610001
2016-12-28,41.389999
2016-12-29,41.599998
2016-12-30,41.459999
2017-01-03,41.799999
2017-01-04,41.650002
2017-01-05,41.750000
2017-01-06,41.740002
2017-01-09,41.320000
2017-01-10,41.040001
2017-01-11,41.049999
2017-01-12,40.950001
2017-01-13,40.880001
2017-01-17,41.220001
2017-01-18,41.290001
2017-01-19,41.139999
2017-01-20,41.320000
2017-01-23,41.430000
2017-01-24,41.900002
2017-01-25,42.119999
2017-01-26,41.810001
2017-01-27,41.450001
2017-01-30,41.380001
2017-01-31,41.570000
2017-02-01,41.259998
2017-02-02,41.400002
2017-02-03,41.540001
2017-02-06,41.560001
2017-02-07,41.900002
2017-02-08,42.020000
2017-02-09,41.250000
2017-02-10,40.580002
2017-02-13,40.619999
2017-02-14,40.529999
2017-02-15,40.439999
2017-02-16,41.200001
2017-02-17,41.230000
2017-02-21,41.459999
2017-02-22,41.599998
2017-02-23,41.660000
2017-02-24,41.779999
2017-02-27,41.669998
2017-02-28,41.959999
2017-03-01,42.160000
2017-03-02,42.470001
2017-03-03,42.480000
2017-03-06,42.180000
2017-03-07,41.990002
2017-03-08,41.990002
2017-03-09,42.029999
2017-03-10,42.290001
2017-03-13,42.029999
2017-03-14,41.970001
2017-03-15,42.119999
2017-03-16,42.250000
2017-03-17,42.029999
2017-03-20,42.180000
2017-03-21,42.500000
2017-03-22,42.380001
2017-03-23,42.169998
2017-03-24,42.119999
2017-03-27,42.320000
2017-03-28,42.430000
2017-03-29,42.419998
2017-03-30,42.599998
2017-03-31,42.439999
2017-04-03,42.410000
2017-04-04,42.680000
2017-04-05,42.570000
2017-04-06,42.669998
2017-04-07,42.610001
2017-04-10,42.689999
2017-04-11,42.660000
2017-04-12,42.939999
2017-04-13,42.790001
2017-04-17,43.070000
2017-04-18,43.480000
2017-04-19,43.230000
2017-04-20,43.090000
2017-04-21,43.070000
2017-04-24,43.279999
2017-04-25,43.110001
2017-04-26,43.240002
2017-04-27,43.009998
2017-04-28,43.150002
2017-05-01,43.220001
2017-05-02,43.389999
2017-05-03,43.320000
2017-05-04,43.660000
2017-05-05,43.689999
2017-05-08,43.889999
2017-05-09,43.509998
2017-05-10,43.570000
2017-05-11,43.669998
2017-05-12,43.590000
2017-05-15,43.730000
2017-05-16,43.849998
2017-05-17,43.930000
2017-05-18,43.799999
2017-05-19,43.900002
2017-05-22,44.180000
2017-05-23,44.389999
2017-05-24,45.029999
2017-05-25,45.410000
2017-05-26,45.389999
2017-05-30,45.430000
2017-05-31,45.470001
2017-06-01,45.790001
2017-06-02,45.889999
2017-06-05,45.990002
2017-06-06,45.980000
2017-06-07,45.509998
2017-06-08,45.130001
2017-06-09,45.320000
2017-06-12,45.330002
2017-06-13,45.029999
2017-06-14,45.299999
2017-06-15,45.250000
2017-06-16,45.310001
2017-06-19,45.380001
2017-06-20,45.610001
2017-06-21,45.220001
2017-06-22,45.070000
2017-06-23,45.250000
2017-06-26,45.430000
2017-06-27,45.049999
2017-06-28,45.320000
2017-06-29,44.830002
2017-06-30,44.849998
2017-07-03,44.759998
2017-07-05,44.820000
2017-07-06,44.400002
2017-07-07,44.389999
2017-07-10,44.380001
2017-07-11,44.330002
2017-07-12,44.509998
2017-07-13,44.430000
2017-07-14,44.680000
2017-07-17,44.730000
2017-07-18,44.669998
2017-07-19,44.830002
2017-07-20,44.820000
2017-07-21,45.029999
2017-07-24,44.840000
2017-07-25,45.240002
2017-07-26,45.740002
2017-07-27,46.119999
2017-07-28,46.009998
2017-07-31,45.840000
2017-08-01,45.700001
2017-08-02,45.590000
2017-08-03,45.669998
2017-08-04,45.500000
2017-08-07,45.639999
2017-08-08,45.599998
2017-08-09,45.590000
2017-08-10,45.740002
2017-08-11,45.590000
2017-08-14,45.799999
2017-08-15,46.189999
2017-08-16,46.200001
2017-08-17,45.860001
2017-08-18,45.669998
2017-08-21,45.680000
2017-08-22,45.599998
2017-08-23,45.540001
2017-08-24,45.410000
2017-08-25,45.570000
2017-08-28,45.419998
2017-08-29,45.450001
2017-08-30,45.389999
2017-08-31,45.549999
2017-09-01,45.779999
2017-09-05,45.919998
2017-09-06,45.959999
2017-09-07,46.279999
2017-09-08,46.299999
2017-09-11,46.520000
2017-09-12,46.720001
2017-09-13,46.869999
2017-09-14,46.110001
2017-09-15,46.180000
2017-09-18,46.110001
2017-09-19,45.980000
2017-09-20,45.779999
2017-09-21,45.400002
2017-09-22,45.490002
2017-09-25,45.689999
2017-09-26,45.570000
2017-09-27,44.639999
2017-09-28,44.910000
2017-09-29,45.009998
2017-10-02,44.799999
2017-10-03,45.189999
2017-10-04,45.500000
2017-10-05,45.520000
2017-10-06,45.490002
2017-10-09,45.410000
2017-10-10,45.869999
2017-10-11,46.099998
2017-10-12,46.110001
2017-10-13,46.180000
2017-10-16,46.619999
2017-10-17,46.520000
2017-10-18,46.400002
2017-10-19,46.590000
2017-10-20,46.380001
2017-10-23,46.320000
2017-10-24,46.180000
2017-10-25,46.049999
2017-10-26,46.230000
2017-10-27,46.070000
2017-10-30,45.860001
2017-10-31,45.980000
2017-11-01,45.799999
2017-11-02,45.880001
2017-11-03,45.970001
2017-11-06,45.470001
2017-11-07,45.939999
2017-11-08,46.180000
2017-11-09,46.230000
2017-11-10,46.540001
2017-11-13,46.720001
2017-11-14,47.430000
2017-11-15,46.810001
2017-11-16,46.549999
2017-11-17,45.709999
2017-11-20,45.459999
2017-11-21,45.779999
2017-11-22,45.840000
2017-11-24,45.880001
2017-11-27,45.900002
2017-11-28,45.830002
2017-11-29,45.500000
2017-11-30,45.770000
2017-12-01,45.970001
2017-12-04,46.230000
2017-12-05,46.259998
2017-12-06,46.450001
2017-12-07,45.779999
2017-12-08,45.310001
2017-12-11,45.330002
2017-12-12,45.290001
2017-12-13,45.900002
2017-12-14,46.029999
2017-12-15,46.189999
2017-12-18,45.930000
2017-12-19,46.130001
2017-12-20,46.080002
2017-12-21,45.599998
2017-12-22,45.590000
2017-12-26,45.810001
2017-12-27,45.930000
2017-12-28,45.720001
2017-12-29,45.880001
2018-01-02,45.540001
2018-01-03,45.439999
2018-01-04,46.080002
2018-01-05,46.070000
2018-01-08,46.000000
2018-01-09,46.230000
2018-01-10,46.070000
2018-01-11,46.040001
2018-01-12,46.150002
2018-01-16,46.529999
2018-01-17,46.820000
2018-01-18,46.880001
2018-01-19,47.160000
2018-01-22,47.380001
2018-01-23,47.450001
2018-01-24,47.830002
2018-01-25,47.840000
2018-01-26,48.529999
2018-01-29,47.700001
2018-01-30,47.410000
2018-01-31,47.590000
2018-02-01,47.450001
2018-02-02,46.730000
2018-02-05,44.889999
2018-02-06,44.669998
2018-02-07,44.560001
2018-02-08,43.099998
2018-02-09,43.130001
2018-02-12,43.970001
2018-02-13,44.189999
2018-02-14,44.099998
2018-02-15,44.779999
2018-02-16,44.980000
2018-02-20,43.990002
2018-02-21,43.340000
2018-02-22,43.520000
2018-02-23,44.040001
2018-02-26,44.029999
2018-02-27,43.619999
2018-02-28,43.220001
2018-03-01,43.430000
2018-03-02,43.720001
2018-03-05,43.889999
2018-03-06,43.930000
2018-03-07,43.820000
2018-03-08,44.450001
2018-03-09,44.820000
2018-03-12,44.529999
2018-03-13,44.570000
2018-03-14,43.779999
2018-03-15,43.669998
2018-03-16,43.459999
2018-03-19,43.259998
2018-03-20,43.160000
2018-03-21,43.000000
2018-03-22,42.759998
2018-03-23,42.330002
2018-03-26,42.689999
2018-03-27,42.889999
2018-03-28,43.320000
2018-03-29,43.430000
2018-04-02,42.669998
2018-04-03,43.380001
2018-04-04,44.240002
2018-04-05,44.400002
2018-04-06,43.919998
2018-04-09,43.830002
2018-04-10,43.990002
2018-04-11,43.990002
2018-04-12,44.029999
2018-04-13,44.509998
2018-04-16,44.680000
2018-04-17,44.880001
2018-04-18,44.509998
2018-04-19,44.310001
2018-04-20,43.740002
2018-04-23,43.980000
2018-04-24,43.070000
2018-04-25,42.430000
2018-04-26,42.750000
2018-04-27,43.310001
2018-04-30,43.209999
2018-05-01,42.590000
2018-05-02,42.060001
2018-05-03,41.889999
2018-05-04,42.360001
2018-05-07,42.139999
2018-05-08,41.810001
2018-05-09,41.779999
2018-05-10,42.180000
2018-05-11,42.139999
2018-05-14,42.040001
2018-05-15,41.720001
2018-05-16,41.549999
2018-05-17,42.299999
2018-05-18,42.180000
2018-05-21,42.410000
2018-05-22,42.250000
2018-05-23,42.400002
2018-05-24,42.320000
2018-05-25,42.400002
2018-05-29,42.680000
2018-05-30,43.130001
2018-05-31,43.000000
2018-06-01,43.119999
2018-06-04,43.490002
2018-06-05,43.110001
2018-06-06,43.459999
2018-06-07,43.439999
2018-06-08,43.950001
2018-06-11,44.130001
2018-06-12,44.410000
2018-06-13,44.180000
2018-06-14,43.580002
2018-06-15,44.119999
2018-06-18,43.549999
2018-06-19,43.599998
2018-06-20,43.259998
2018-06-21,43.090000
2018-06-22,43.250000
2018-06-25,43.580002
2018-06-26,43.330002
2018-06-27,43.070000
2018-06-28,43.470001
2018-06-29,43.860001
2018-07-02,43.750000
2018-07-03,43.990002
2018-07-05,44.660000
2018-07-06,44.639999
2018-07-09,44.400002
2018-07-10,44.970001
2018-07-11,44.790001
2018-07-12,44.669998
2018-07-13,44.740002
2018-07-16,44.730000
2018-07-17,45.250000
2018-07-18,45.119999
2018-07-19,45.110001
2018-07-20,45.279999
2018-07-23,44.950001
2018-07-24,45.259998
2018-07-25,46.090000
2018-07-26,46.240002
2018-07-27,46.209999
2018-07-30,46.230000
2018-07-31,46.630001
2018-08-01,46.389999
2018-08-02,46.180000
2018-08-03,46.619999
2018-08-06,46.650002
2018-08-07,46.500000
2018-08-08,46.150002
2018-08-09,46.349998
2018-08-10,46.080002
2018-08-13,45.830002
2018-08-14,45.889999
2018-08-15,46.080002
2018-08-16,46.220001
2018-08-17,46.599998
2018-08-20,46.730000
2018-08-21,46.220001
2018-08-22,45.930000
2018-08-23,45.700001
2018-08-24,45.630001
2018-08-27,45.689999
2018-08-28,45.369999
2018-08-29,45.330002
2018-08-30,44.950001
2018-08-31,44.570000
2018-09-04,44.759998
2018-09-05,45.380001
2018-09-06,45.770000
2018-09-07,45.720001
2018-09-10,46.060001
2018-09-11,46.020000
2018-09-12,46.240002
2018-09-13,45.830002
2018-09-14,45.990002
2018-09-17,46.320000
2018-09-18,45.930000
2018-09-19,45.959999
2018-09-20,46.639999
2018-09-21,46.580002
2018-09-24,46.070000
2018-09-25,45.680000
2018-09-26,45.849998
2018-09-27,46.009998
2018-09-28,46.189999
2018-10-01,46.230000
2018-10-02,46.509998
2018-10-03,45.869999
2018-10-04,45.849998
2018-10-05,45.880001
2018-10-08,46.480000
2018-10-09,46.389999
2018-10-10,45.680000
2018-10-11,44.639999
2018-10-12,44.680000
2018-10-15,44.910000
2018-10-16,45.490002
2018-10-17,45.860001
2018-10-18,45.610001
2018-10-19,46.330002
2018-10-22,45.970001
2018-10-23,46.360001
2018-10-24,46.730000
2018-10-25,46.509998
2018-10-26,45.919998
2018-10-29,46.459999
2018-10-30,47.630001
2018-10-31,47.880001
2018-11-01,47.740002
2018-11-02,48.000000
2018-11-05,48.689999
2018-11-06,49.110001
2018-11-07,49.369999
2018-11-08,49.330002
2018-11-09,49.680000
2018-11-12,49.869999
2018-11-13,49.860001
2018-11-14,49.759998
2018-11-15,49.740002
2018-11-16,50.169998
2018-11-19,50.509998
2018-11-20,49.380001
2018-11-21,48.730000
2018-11-23,49.020000
2018-11-26,48.869999
2018-11-27,49.369999
2018-11-28,49.709999
2018-11-29,48.980000
2018-11-30,50.400002
2018-12-03,49.689999
2018-12-04,49.580002
2018-12-06,49.380001
2018-12-07,49.090000
2018-12-10,49.240002
2018-12-11,49.540001
2018-12-12,49.220001
2018-12-13,49.470001
2018-12-14,49.340000
2018-12-17,48.330002
2018-12-18,48.320000
2018-12-19,47.900002
2018-12-20,47.540001
2018-12-21,47.570000
2018-12-24,45.959999
2018-12-26,46.939999
2018-12-27,47.529999
2018-12-28,47.200001
2018-12-31,47.349998
2019-01-02,46.930000
2019-01-03,46.639999
2019-01-04,47.570000
2019-01-07,46.950001
2019-01-08,47.480000
2019-01-09,46.570000
2019-01-10,47.070000
2019-01-11,47.340000
2019-01-14,47.150002
2019-01-15,47.570000
2019-01-16,46.919998
2019-01-17,47.060001
2019-01-18,47.610001
2019-01-22,47.720001
2019-01-23,48.270000
2019-01-24,47.689999
2019-01-25,47.369999
2019-01-28,47.169998
2019-01-29,47.400002
2019-01-30,47.860001
2019-01-31,48.130001
2019-02-01,48.700001
2019-02-04,49.250000
2019-02-05,49.259998
2019-02-06,49.259998
2019-02-07,49.419998
2019-02-08,49.500000
2019-02-11,49.610001
2019-02-12,49.660000
2019-02-13,49.790001
2019-02-14,45.590000
2019-02-15,45.240002
2019-02-19,44.830002
2019-02-20,45.099998
2019-02-21,45.860001
2019-02-22,45.279999
2019-02-25,44.939999
2019-02-26,44.689999
2019-02-27,44.939999
2019-02-28,45.340000
2019-03-01,45.380001
2019-03-04,45.650002
2019-03-05,45.599998
2019-03-06,45.450001
2019-03-07,45.279999
2019-03-08,44.840000
2019-03-11,46.180000
2019-03-12,46.049999
2019-03-13,46.220001
2019-03-14,45.700001
2019-03-15,45.299999
2019-03-18,45.410000
2019-03-19,45.560001
2019-03-20,45.529999
2019-03-21,45.509998
2019-03-22,45.930000
2019-03-25,46.029999
2019-03-26,46.639999
2019-03-27,46.610001
2019-03-28,46.580002
2019-03-29,46.860001
2019-04-01,46.720001
2019-04-02,46.570000
2019-04-03,46.180000
2019-04-04,46.480000
2019-04-05,46.470001
2019-04-08,46.549999
2019-04-09,46.669998
2019-04-10,46.639999
2019-04-11,46.709999
2019-04-12,46.740002
2019-04-15,47.000000
2019-04-16,46.950001
2019-04-17,47.279999
2019-04-18,47.480000
2019-04-22,47.400002
2019-04-23,48.209999
2019-04-24,47.980000
2019-04-25,47.840000
2019-04-26,48.259998
2019-04-29,48.419998
2019-04-30,49.060001
2019-05-01,48.590000
2019-05-02,48.389999
2019-05-03,48.720001
2019-05-06,48.470001
2019-05-07,48.000000
2019-05-08,47.849998
2019-05-09,47.400002
2019-05-10,48.189999
2019-05-13,48.049999
2019-05-14,48.689999
2019-05-15,49.180000
2019-05-16,49.580002
2019-05-17,49.200001
2019-05-20,48.849998
2019-05-21,48.599998
2019-05-22,49.650002
2019-05-23,49.849998
2019-05-24,49.610001
2019-05-28,49.099998
2019-05-29,48.610001
2019-05-30,49.250000
2019-05-31,49.130001
2019-06-03,49.980000
2019-06-04,50.000000
2019-06-05,50.779999
2019-06-06,51.400002
2019-06-07,51.490002
2019-06-10,51.380001
2019-06-11,51.330002
2019-06-12,51.639999
2019-06-13,51.130001
2019-06-14,51.310001
2019-06-17,50.869999
2019-06-18,50.639999
2019-06-19,51.119999
2019-06-20,51.660000
2019-06-21,51.549999
2019-06-24,51.919998
2019-06-25,51.759998
2019-06-26,51.119999
2019-06-27,51.080002
2019-06-28,50.919998
2019-07-01,51.599998
2019-07-02,51.980000
2019-07-03,52.099998
2019-07-05,52.110001
2019-07-08,52.000000
2019-07-09,51.590000
2019-07-10,51.820000
2019-07-11,52.040001
2019-07-12,52.119999
2019-07-15,52.130001
2019-07-16,52.139999
2019-07-17,52.180000
2019-07-18,52.029999
2019-07-19,51.389999
2019-07-22,51.220001
2019-07-23,54.330002
2019-07-24,53.779999
2019-07-25,53.070000
2019-07-26,54.169998
2019-07-29,53.990002
2019-07-30,53.720001
2019-07-31,52.630001
2019-08-01,52.029999
2019-08-02,52.330002
2019-08-05,51.650002
2019-08-06,52.270000
2019-08-07,53.180000
2019-08-08,53.689999
2019-08-09,53.419998
2019-08-12,53.200001
2019-08-13,53.500000
2019-08-14,52.990002
2019-08-15,53.869999
2019-08-16,54.410000
2019-08-19,54.689999
2019-08-20,53.880001
2019-08-21,54.099998
2019-08-22,54.490002
2019-08-23,53.740002
2019-08-26,54.540001
2019-08-27,54.720001
2019-08-28,55.110001
2019-08-29,55.049999
2019-08-30,55.040001
2019-09-03,55.299999
2019-09-04,55.770000
2019-09-05,55.119999
2019-09-06,55.230000
2019-09-09,54.520000
2019-09-10,54.400002
2019-09-11,54.770000
2019-09-12,55.110001
2019-09-13,54.259998
2019-09-16,53.959999
2019-09-17,54.240002
2019-09-18,54.230000
2019-09-19,54.520000
2019-09-20,53.910000
2019-09-23,54.139999
2019-09-24,54.299999
2019-09-25,54.169998
2019-09-26,54.389999
2019-09-27,54.310001
2019-09-30,54.439999
2019-10-01,54.650002
2019-10-02,53.080002
2019-10-03,53.840000
2019-10-04,54.540001
2019-10-07,53.869999
2019-10-08,53.580002
2019-10-09,53.830002
2019-10-10,53.660000
2019-10-11,53.299999
2019-10-14,53.299999
2019-10-15,53.509998
2019-10-16,53.490002
2019-10-17,53.790001
2019-10-18,54.779999
2019-10-21,54.230000
2019-10-22,53.849998
2019-10-23,54.639999
2019-10-24,54.610001
2019-10-25,53.750000
2019-10-28,53.570000
2019-10-29,53.410000
2019-10-30,53.939999
2019-10-31,54.430000
2019-11-01,53.900002
2019-11-04,53.139999
2019-11-05,52.419998
2019-11-06,52.799999
2019-11-07,52.290001
2019-11-08,52.209999
2019-11-11,51.840000
2019-11-12,51.709999
2019-11-13,52.410000
2019-11-14,52.630001
2019-11-15,52.669998
2019-11-18,53.029999
2019-11-19,53.080002
2019-11-20,53.220001
2019-11-21,52.959999
2019-11-22,53.029999
2019-11-25,53.220001
2019-11-26,53.900002
2019-11-27,53.950001
2019-11-29,53.400002
2019-12-02,53.750000
2019-12-03,53.799999
2019-12-04,54.290001
2019-12-05,54.189999
2019-12-06,54.419998
2019-12-09,54.070000
2019-12-10,53.770000
2019-12-11,53.950001
2019-12-12,54.139999
2019-12-13,54.419998
2019-12-16,54.419998
2019-12-17,54.419998
2019-12-18,53.910000
2019-12-19,54.320000
2019-12-20,54.970001
2019-12-23,54.910000
2019-12-24,54.709999
2019-12-26,55.020000
2019-12-27,55.349998
2019-12-30,55.270000
2019-12-31,55.349998
2020-01-02,54.990002
2020-01-03,54.689999
2020-01-06,54.669998
2020-01-07,54.250000
2020-01-08,54.349998
2020-01-09,55.340000
2020-01-10,55.529999
2020-01-13,56.130001
2020-01-14,56.000000
2020-01-15,56.700001
2020-01-16,56.820000
2020-01-17,56.939999
2020-01-21,57.169998
2020-01-22,57.610001
2020-01-23,57.830002
2020-01-24,57.680000
2020-01-27,57.480000
2020-01-28,57.009998
2020-01-29,57.009998
2020-01-30,58.860001
2020-01-31,58.400002
2020-02-03,58.580002
2020-02-04,58.840000
2020-02-05,58.849998
2020-02-06,58.990002
2020-02-07,59.189999
2020-02-10,59.750000
2020-02-11,59.590000
2020-02-12,59.410000
2020-02-13,59.610001
2020-02-14,59.950001
2020-02-18,59.529999
2020-02-19,59.770000
2020-02-20,59.720001
2020-02-21,60.130001
2020-02-24,58.650002
2020-02-25,57.820000
2020-02-26,57.599998
2020-02-27,54.930000
2020-02-28,53.490002
2020-03-02,55.919998
2020-03-03,56.060001
2020-03-04,58.919998
2020-03-05,56.740002
2020-03-06,55.259998
2020-03-09,51.860001
2020-03-10,53.660000
2020-03-11,52.209999
2020-03-12,47.160000
2020-03-13,48.470001
2020-03-16,45.259998
2020-03-17,47.180000
2020-03-18,44.849998
2020-03-19,41.830002
2020-03-20,38.299999
2020-03-23,37.560001
2020-03-24,39.450001
2020-03-25,41.610001
2020-03-26,44.290001
2020-03-27,42.810001
2020-03-30,45.000000
2020-03-31,44.250000
2020-04-01,42.119999
2020-04-02,43.950001
2020-04-03,43.830002
2020-04-06,46.669998
2020-04-07,46.509998
2020-04-08,47.820000
2020-04-09,49.000000
2020-04-13,46.930000
2020-04-14,48.919998
2020-04-15,47.610001
2020-04-16,47.099998
2020-04-17,48.060001
2020-04-20,46.529999
2020-04-21,45.380001
2020-04-22,45.680000
2020-04-23,45.070000
2020-04-24,45.430000
2020-04-27,46.779999
2020-04-28,46.740002
2020-04-29,47.119999
2020-04-30,45.889999
2020-05-01,45.599998
2020-05-04,45.139999
2020-05-05,45.400002
2020-05-06,44.750000
2020-05-07,44.599998
2020-05-08,46.110001
2020-05-11,45.540001
2020-05-12,44.820000
2020-05-13,43.939999
2020-05-14,43.700001
2020-05-15,43.259998
2020-05-18,44.970001
2020-05-19,44.540001
2020-05-20,45.889999
2020-05-21,45.169998
2020-05-22,45.029999
2020-05-26,46.090000
2020-05-27,46.730000
2020-05-28,47.090000
2020-05-29,46.680000
2020-06-01,46.990002
2020-06-02,46.900002
2020-06-03,47.900002
2020-06-04,47.919998
2020-06-05,49.090000
2020-06-08,49.849998
2020-06-09,49.000000
2020-06-10,48.619999
2020-06-11,45.540001
2020-06-12,45.599998
2020-06-15,46.299999
2020-06-16,46.770000
2020-06-17,46.580002
2020-06-18,46.990002
2020-06-19,46.020000
2020-06-22,45.740002
2020-06-23,45.639999
2020-06-24,44.650002
2020-06-25,44.930000
2020-06-26,43.570000
2020-06-29,44.360001
2020-06-30,44.680000
2020-07-01,44.820000
2020-07-02,44.880001
2020-07-06,45.230000
2020-07-07,45.209999
2020-07-08,45.070000
2020-07-09,43.910000
2020-07-10,45.150002
2020-07-13,45.250000
2020-07-14,45.869999
2020-07-15,46.400002
2020-07-16,46.150002
2020-07-17,46.820000
2020-07-20,46.119999
2020-07-21,47.200001
2020-07-22,48.480000
2020-07-23,48.279999
2020-07-24,48.490002
2020-07-27,48.480000
2020-07-28,48.180000
2020-07-29,48.020000
2020-07-30,47.689999
2020-07-31,47.240002
2020-08-03,46.299999
2020-08-04,46.689999
2020-08-05,47.220001
2020-08-06,47.480000
2020-08-07,47.799999
2020-08-10,47.720001
2020-08-11,47.930000
2020-08-12,48.430000
2020-08-13,48.380001
2020-08-14,48.450001
2020-08-17,48.209999
2020-08-18,48.419998
2020-08-19,47.369999
2020-08-20,47.349998
2020-08-21,47.279999
2020-08-24,47.970001
2020-08-25,47.910000
2020-08-26,48.160000
2020-08-27,48.230000
2020-08-28,49.830002
2020-08-31,49.529999
2020-09-01,49.119999
2020-09-02,51.189999
2020-09-03,50.480000
2020-09-04,51.040001
2020-09-08,49.810001
2020-09-09,50.189999
2020-09-10,50.000000
2020-09-11,51.060001
2020-09-14,50.709999
2020-09-15,51.049999
2020-09-16,50.790001
2020-09-17,50.549999
2020-09-18,50.450001
2020-09-21,49.090000
2020-09-22,49.660000
2020-09-23,48.209999
2020-09-24,48.700001
2020-09-25,48.720001
2020-09-28,49.279999
2020-09-29,48.919998
2020-09-30,49.369999
2020-10-01,49.180000
2020-10-02,49.360001
2020-10-05,49.380001
2020-10-06,48.939999
2020-10-07,49.560001
2020-10-08,50.459999
2020-10-09,50.810001
2020-10-12,51.090000
2020-10-13,50.220001
2020-10-14,50.119999
2020-10-15,49.990002
2020-10-16,50.029999
2020-10-19,49.619999
2020-10-20,50.250000
2020-10-21,49.990002
2020-10-22,50.680000
2020-10-23,50.520000
2020-10-26,49.799999
2020-10-27,49.900002
2020-10-28,47.959999
2020-10-29,48.020000
2020-10-30,48.060001
2020-11-02,48.619999
2020-11-03,49.349998
2020-11-04,49.169998
2020-11-05,49.439999
2020-11-06,49.450001
2020-11-09,52.570000
2020-11-10,53.980000
2020-11-11,53.580002
2020-11-12,53.009998
2020-11-13,53.450001
2020-11-16,53.849998
2020-11-17,53.680000
2020-11-18,52.610001
2020-11-19,53.130001
2020-11-20,52.669998
2020-11-23,52.680000
2020-11-24,53.220001
2020-11-25,52.930000
2020-11-27,52.700001
2020-11-30,51.599998
2020-12-01,52.040001
2020-12-02,52.110001
2020-12-03,52.779999
2020-12-04,53.849998
2020-12-07,52.990002
2020-12-08,53.180000
2020-12-09,53.330002
2020-12-10,53.049999
2020-12-11,53.349998
2020-12-14,53.270000
2020-12-15,53.840000
2020-12-16,53.060001
2020-12-17,53.270000
2020-12-18,53.740002
2020-12-21,52.810001
2020-12-22,52.759998
2020-12-23,53.080002
2020-12-24,53.439999
2020-12-28,54.160000
2020-12-29,54.130001
2020-12-30,54.439999
2020-12-31,54.840000
2021-01-04,52.759998
2021-01-05,52.180000
2021-01-06,50.520000
2021-01-07,49.959999
2021-01-08,51.080002
2021-01-11,50.200001
2021-01-12,50.110001
2021-01-13,50.160000
2021-01-14,49.230000
2021-01-15,48.700001
2021-01-19,48.509998
2021-01-20,48.680000
2021-01-21,48.950001
2021-01-22,48.490002
2021-01-25,48.779999
2021-01-26,49.290001
2021-01-27,48.529999
2021-01-28,49.150002
2021-01-29,48.150002
2021-02-01,48.480000
2021-02-02,48.959999
2021-02-03,48.770000
2021-02-04,49.009998
2021-02-05,49.650002
2021-02-08,49.919998
2021-02-09,49.700001
2021-02-10,49.599998
2021-02-11,50.299999
2021-02-12,50.689999
2021-02-16,50.270000
2021-02-17,50.130001
2021-02-18,50.770000
2021-02-19,50.110001
2021-02-22,50.630001
2021-02-23,50.540001
2021-02-24,50.709999
2021-02-25,50.169998
2021-02-26,48.990002
2021-03-01,49.900002
2021-03-02,50.099998
2021-03-03,49.980000
2021-03-04,49.939999
2021-03-05,50.790001
2021-03-08,51.639999
2021-03-09,50.860001
2021-03-10,51.439999
2021-03-11,50.880001
2021-03-12,50.360001
2021-03-15,51.029999
2021-03-16,51.220001
2021-03-17,51.240002
2021-03-18,50.570000
2021-03-19,50.810001
2021-03-22,51.000000
2021-03-23,51.389999
2021-03-24,51.520000
2021-03-25,52.020000
2021-03-26,53.040001
2021-03-29,53.849998
2021-03-30,53.150002
2021-03-31,52.709999
2021-04-01,52.509998
2021-04-05,52.810001
2021-04-06,53.189999
2021-04-07,53.279999
2021-04-08,53.119999
2021-04-09,53.180000
2021-04-12,53.349998
2021-04-13,53.090000
2021-04-14,53.080002
2021-04-15,53.330002
2021-04-16,53.680000
2021-04-19,54.000000
2021-04-20,54.169998
2021-04-21,54.610001
2021-04-22,54.439999
2021-04-23,54.470001
2021-04-26,53.660000
2021-04-27,53.580002
2021-04-28,53.590000
2021-04-29,54.259998
2021-04-30,53.980000
2021-05-03,54.480000
2021-05-04,54.139999
2021-05-05,54.000000
2021-05-06,54.540001
2021-05-07,54.509998
2021-05-10,54.910000
2021-05-11,54.320000
2021-05-12,54.040001
2021-05-13,54.509998
2021-05-14,54.730000
2021-05-17,54.639999
2021-05-18,54.340000
2021-05-19,54.169998
2021-05-20,54.650002
2021-05-21,54.619999
2021-05-24,54.799999
2021-05-25,54.790001
2021-05-26,55.029999
2021-05-27,55.490002
2021-05-28,55.290001
2021-06-01,55.279999
2021-06-02,55.500000
2021-06-03,55.639999
2021-06-04,56.240002
2021-06-07,56.040001
2021-06-08,55.650002
2021-06-09,55.480000
2021-06-10,55.910000
2021-06-11,56.160000
2021-06-14,55.549999
2021-06-15,55.410000
2021-06-16,54.669998
2021-06-17,54.950001
2021-06-18,53.770000
2021-06-21,54.360001
2021-06-22,54.560001
2021-06-23,54.119999
2021-06-24,54.389999
2021-06-25,54.320000
2021-06-28,54.259998
2021-06-29,53.860001
2021-06-30,54.110001
2021-07-01,53.959999
2021-07-02,54.180000
2021-07-06,53.880001
2021-07-07,54.320000
2021-07-08,54.130001
2021-07-09,54.459999
2021-07-12,54.480000
2021-07-13,55.020000
2021-07-14,56.259998
2021-07-15,56.439999
2021-07-16,56.400002
2021-07-19,55.730000
2021-07-20,55.830002
2021-07-21,56.549999
2021-07-22,56.470001
2021-07-23,57.009998
2021-07-26,57.060001
2021-07-27,57.259998
2021-07-28,56.740002
2021-07-29,57.049999
2021-07-30,57.029999
2021-08-02,56.880001
2021-08-03,56.919998
2021-08-04,56.099998
2021-08-05,56.500000
2021-08-06,56.639999
2021-08-09,56.650002
2021-08-10,56.799999
2021-08-11,56.730000
2021-08-12,56.840000
2021-08-13,57.230000
2021-08-16,57.480000
2021-08-17,57.279999
2021-08-18,56.500000
2021-08-19,56.860001
2021-08-20,56.639999
2021-08-23,56.439999
2021-08-24,56.009998
2021-08-25,56.070000
2021-08-26,55.540001
2021-08-27,55.650002
2021-08-30,56.180000
2021-08-31,56.310001
2021-09-01,56.689999
2021-09-02,56.770000
2021-09-03,56.730000
2021-09-07,55.669998
2021-09-08,56.419998
2021-09-09,55.860001
2021-09-10,55.610001
2021-09-13,56.070000
2021-09-14,55.689999
2021-09-15,55.880001
2021-09-16,55.349998
2021-09-17,54.439999
2021-09-20,54.060001
2021-09-21,54.049999
2021-09-22,54.130001
2021-09-23,54.040001
2021-09-24,53.889999
2021-09-27,53.610001
2021-09-28,52.639999
2021-09-29,52.959999
2021-09-30,52.470001
2021-10-01,53.020000
2021-10-04,52.990002
2021-10-05,53.080002
2021-10-06,53.709999
2021-10-07,53.880001
2021-10-08,54.119999
2021-10-11,54.230000
2021-10-12,54.230000
2021-10-13,54.240002
2021-10-14,54.610001
2021-10-15,54.480000
2021-10-18,53.939999
2021-10-19,54.150002
2021-10-20,54.630001
2021-10-21,54.349998
2021-10-22,54.450001
2021-10-25,54.230000
2021-10-26,54.470001
2021-10-27,55.520000
2021-10-28,56.040001
2021-10-29,56.369999
2021-11-01,56.169998
2021-11-02,56.099998
2021-11-03,56.290001
2021-11-04,56.599998
2021-11-05,56.840000
2021-11-08,56.330002
2021-11-09,56.490002
2021-11-10,56.720001
2021-11-11,56.740002
2021-11-12,56.610001
2021-11-15,56.619999
2021-11-16,56.220001
2021-11-17,55.910000
2021-11-18,55.410000
2021-11-19,55.130001
2021-11-22,55.470001
2021-11-23,55.880001
2021-11-24,55.430000
2021-11-26,53.730000
2021-11-29,54.580002
2021-11-30,52.450001
2021-12-01,52.299999
2021-12-02,53.070000
2021-12-03,53.540001
2021-12-06,54.910000
2021-12-07,55.209999
2021-12-08,55.000000
2021-12-09,54.860001
2021-12-10,56.279999
2021-12-13,57.759998
2021-12-14,57.799999
2021-12-15,58.060001
2021-12-16,58.650002
2021-12-17,57.730000
2021-12-20,57.540001
2021-12-21,57.770000
2021-12-22,58.180000
2021-12-23,58.220001
2021-12-27,58.650002
2021-12-28,58.880001
2021-12-29,58.950001
2021-12-30,58.779999
2021-12-31,59.209999
2022-01-03,59.299999
2022-01-04,60.290001
2022-01-05,60.790001
2022-01-06,60.470001
2022-01-07,60.330002
2022-01-10,60.430000
2022-01-11,60.450001
2022-01-12,60.540001
2022-01-13,60.900002
2022-01-14,61.389999
2022-01-18,60.900002
2022-01-19,61.000000
2022-01-20,60.750000
2022-01-21,60.450001
2022-01-24,59.959999
2022-01-25,59.820000
2022-01-26,59.599998
2022-01-27,59.650002
2022-01-28,60.840000
2022-01-31,61.009998
2022-02-01,60.560001
2022-02-02,61.180000
2022-02-03,61.610001
2022-02-04,60.959999
2022-02-07,61.599998
2022-02-08,62.000000
2022-02-09,61.040001
2022-02-10,61.380001
2022-02-11,60.290001
2022-02-14,60.680000
2022-02-15,60.910000
2022-02-16,60.900002
2022-02-17,62.119999
2022-02-18,62.540001
2022-02-22,62.279999
2022-02-23,61.590000
2022-02-24,60.509998
2022-02-25,62.849998
2022-02-28,62.240002
2022-03-01,61.970001
2022-03-02,62.430000
2022-03-03,62.470001
2022-03-04,62.570000
2022-03-07,61.080002
2022-03-08,58.660000
2022-03-09,58.959999
2022-03-10,57.880001
2022-03-11,57.919998
2022-03-14,58.540001
2022-03-15,59.619999
2022-03-16,59.459999
2022-03-17,60.090000
2022-03-18,60.099998
2022-03-21,60.580002
2022-03-22,60.799999
2022-03-23,60.400002
2022-03-24,60.980000
2022-03-25,61.529999
2022-03-28,61.919998
2022-03-29,62.160000
2022-03-30,62.209999
2022-03-31,62.000000
2022-04-01,62.869999
2022-04-04,62.540001
2022-04-05,62.470001
2022-04-06,63.099998
2022-04-07,63.439999
2022-04-08,63.830002
2022-04-11,63.810001
2022-04-12,64.559998
2022-04-13,64.730003
2022-04-14,65.019997
2022-04-18,64.440002
2022-04-19,65.070000
2022-04-20,65.959999
2022-04-21,66.209999
2022-04-22,65.250000
2022-04-25,65.940002
2022-04-26,65.050003
2022-04-27,65.559998
2022-04-28,66.190002
2022-04-29,64.610001
2022-05-02,63.439999
2022-05-03,63.080002
2022-05-04,65.029999
2022-05-05,64.510002
2022-05-06,64.739998
2022-05-09,64.610001
2022-05-10,64.010002
2022-05-11,64.309998
2022-05-12,64.510002
2022-05-13,65.720001
2022-05-16,65.959999
2022-05-17,65.779999
2022-05-18,61.200001
2022-05-19,60.000000
2022-05-20,60.980000
2022-05-23,62.860001
2022-05-24,64.019997
2022-05-25,64.070000
2022-05-26,64.300003
2022-05-27,64.680000
2022-05-31,63.380001
2022-06-01,63.070000
2022-06-02,63.730000
2022-06-03,62.970001
2022-06-06,62.869999
2022-06-07,63.250000
2022-06-08,62.889999
2022-06-09,61.799999
2022-06-10,61.410000
2022-06-13,61.340000
2022-06-14,59.230000
2022-06-15,59.669998
2022-06-16,59.070000
2022-06-17,59.430000
2022-06-21,60.700001
2022-06-22,61.150002
2022-06-23,61.880001
2022-06-24,63.040001
2022-06-27,62.910000
2022-06-28,62.279999
2022-06-29,62.730000
2022-06-30,62.910000
2022-07-01,64.379997
2022-07-05,63.279999
2022-07-06,63.410000
2022-07-07,62.910000
2022-07-08,63.139999
2022-07-11,62.939999
2022-07-12,62.669998
2022-07-13,62.380001
2022-07-14,62.180000
2022-07-15,62.500000
2022-07-18,61.650002
2022-07-19,62.529999
2022-07-20,61.500000
2022-07-21,61.360001
2022-07-22,61.590000
2022-07-25,62.189999
2022-07-26,63.209999
2022-07-27,63.009998
2022-07-28,64.059998
2022-07-29,64.169998
2022-08-01,64.519997
2022-08-02,63.639999
2022-08-03,63.919998
2022-08-04,63.669998
2022-08-05,63.380001
2022-08-08,62.970001
2022-08-09,63.049999
2022-08-10,63.650002
2022-08-11,63.220001
2022-08-12,63.700001
2022-08-15,64.500000
2022-08-16,65.029999
2022-08-17,64.879997
2022-08-18,65.220001
2022-08-19,65.169998
2022-08-22,64.199997
2022-08-23,64.269997
2022-08-24,64.360001
2022-08-25,64.669998
2022-08-26,63.110001
2022-08-29,62.730000
2022-08-30,62.150002
2022-08-31,61.709999
2022-09-01,62.000000
2022-09-02,61.150002
2022-09-06,61.180000
2022-09-07,62.310001
2022-09-08,62.119999
2022-09-09,62.320000
2022-09-12,62.500000
2022-09-13,60.470001
2022-09-14,60.790001
2022-09-15,59.529999
2022-09-16,59.540001
2022-09-19,59.990002
2022-09-20,59.900002
2022-09-21,59.400002
2022-09-22,59.259998
2022-09-23,58.599998
2022-09-26,57.869999
2022-09-27,56.380001
2022-09-28,56.980000
2022-09-29,56.570000
2022-09-30,56.020000
2022-10-03,56.650002
2022-10-04,56.779999
2022-10-05,56.240002
2022-10-06,55.029999
2022-10-07,54.509998
2022-10-10,54.389999
2022-10-11,54.480000
2022-10-12,55.139999
2022-10-13,55.869999
2022-10-14,54.980000
2022-10-17,55.689999
2022-10-18,56.439999
2022-10-19,55.959999
2022-10-20,55.080002
2022-10-21,55.959999
2022-10-24,57.570000
2022-10-25,58.950001
2022-10-26,59.389999
2022-10-27,59.529999
2022-10-28,60.759998
2022-10-31,59.849998
2022-11-01,59.639999
2022-11-02,58.810001
2022-11-03,58.779999
2022-11-04,59.259998
2022-11-07,59.490002
2022-11-08,59.599998
2022-11-09,58.770000
2022-11-10,60.880001
2022-11-11,61.320000
2022-11-14,60.730000
2022-11-15,60.630001
2022-11-16,60.520000
2022-11-17,60.709999
2022-11-18,61.139999
2022-11-21,62.080002
2022-11-22,62.349998
2022-11-23,62.630001
2022-11-25,62.689999
2022-11-28,62.700001
2022-11-29,62.480000
2022-11-30,63.610001
2022-12-01,63.790001
2022-12-02,64.349998
2022-12-05,63.470001
2022-12-06,63.439999
2022-12-07,63.540001
2022-12-08,63.810001
2022-12-09,63.139999
2022-12-12,63.970001
2022-12-13,63.990002
2022-12-14,63.990002
2022-12-15,63.110001
2022-12-16,62.750000
2022-12-19,62.840000
2022-12-20,62.790001
2022-12-21,63.799999
2022-12-22,63.340000
2022-12-23,63.820000
2022-12-27,64.209999
2022-12-28,63.570000
2022-12-29,63.950001
2022-12-30,63.610001
2023-01-03,62.950001
2023-01-04,62.919998
2023-01-05,62.200001
2023-01-06,63.400002
2023-01-09,62.610001
2023-01-10,62.130001
2023-01-11,62.009998
2023-01-12,61.209999
2023-01-13,61.430000
2023-01-17,61.680000
2023-01-18,59.810001
2023-01-19,59.720001
2023-01-20,60.080002
2023-01-23,60.230000
2023-01-24,60.549999
2023-01-25,60.930000
2023-01-26,60.810001
2023-01-27,60.490002
2023-01-30,60.639999
2023-01-31,61.320000
2023-02-01,61.330002
2023-02-02,60.279999
2023-02-03,59.830002
2023-02-06,60.169998
2023-02-07,60.070000
2023-02-08,59.720001
2023-02-09,59.619999
2023-02-10,59.619999
2023-02-13,60.599998
2023-02-14,59.590000
2023-02-15,59.590000
2023-02-16,59.220001
2023-02-17,60.119999
2023-02-21,59.799999
2023-02-22,59.980000
2023-02-23,60.090000
2023-02-24,59.840000
2023-02-27,59.820000
2023-02-28,59.509998
2023-03-01,58.860001
2023-03-02,59.720001
2023-03-03,59.439999
2023-03-06,60.360001
2023-03-07,60.009998
2023-03-08,60.040001
2023-03-09,59.459999
2023-03-10,59.209999
2023-03-13,59.810001
2023-03-14,60.029999
2023-03-15,60.430000
2023-03-16,60.299999
2023-03-17,60.020000
2023-03-20,60.599998
2023-03-21,60.320000
2023-03-22,60.049999
2023-03-23,59.919998
2023-03-24,60.900002
2023-03-27,61.349998
2023-03-28,61.419998
2023-03-29,61.860001
2023-03-30,61.849998
2023-03-31,62.029999
2023-04-03,62.400002
2023-04-04,62.209999
2023-04-05,62.799999
2023-04-06,62.840000
2023-04-10,62.689999
2023-04-11,62.580002
2023-04-12,62.689999
2023-04-13,63.150002
2023-04-14,63.049999
2023-04-17,63.459999
2023-04-18,63.560001
2023-04-19,63.680000
2023-04-20,63.959999
2023-04-21,64.050003
2023-04-24,63.950001
2023-04-25,63.849998
2023-04-26,63.549999
2023-04-27,63.680000
2023-04-28,64.150002
2023-05-01,64.300003
2023-05-02,64.010002
2023-05-03,63.650002
2023-05-04,63.720001
2023-05-05,64.019997
2023-05-08,63.919998
2023-05-09,63.389999
2023-05-10,63.500000
2023-05-11,63.860001
2023-05-12,64.110001
2023-05-15,63.939999
2023-05-16,63.220001
2023-05-17,63.150002
2023-05-18,62.799999
2023-05-19,62.830002
2023-05-22,61.509998
2023-05-23,61.400002
2023-05-24,60.880001
2023-05-25,60.410000
2023-05-26,60.259998
2023-05-30,59.779999
2023-05-31,59.660000
2023-06-01,60.000000
2023-06-02,61.160000
2023-06-05,60.750000
2023-06-06,60.310001
2023-06-07,60.220001
2023-06-08,60.369999
2023-06-09,60.470001
2023-06-12,60.209999
2023-06-13,60.450001
2023-06-14,60.860001
2023-06-15,61.230000
2023-06-16,61.669998
2023-06-20,61.259998
2023-06-21,61.430000
2023-06-22,61.849998
2023-06-23,61.200001
2023-06-26,61.220001
2023-06-27,61.090000
2023-06-28,60.520000
2023-06-29,60.020000
2023-06-30,60.220001
2023-07-03,60.580002
2023-07-05,61.029999
2023-07-06,60.560001
2023-07-07,59.759998
2023-07-10,59.310001
2023-07-11,59.520000
2023-07-12,59.840000
2023-07-13,60.349998
2023-07-14,60.900002
2023-07-17,60.810001
2023-07-18,60.570000
2023-07-19,61.639999
2023-07-20,62.389999
2023-07-21,62.439999
2023-07-24,62.459999
2023-07-25,62.250000
2023-07-26,63.049999
2023-07-27,62.439999
2023-07-28,62.480000
2023-07-31,61.930000
2023-08-01,61.770000
2023-08-02,61.959999
2023-08-03,61.639999
2023-08-04,60.709999
2023-08-07,61.189999
2023-08-08,60.919998
2023-08-09,61.060001
2023-08-10,60.919998
2023-08-11,61.169998
2023-08-14,60.880001
2023-08-15,60.470001
2023-08-16,60.480000
2023-08-17,60.610001
2023-08-18,60.950001
2023-08-21,60.430000
2023-08-22,60.060001
2023-08-23,60.270000
2023-08-24,60.110001
2023-08-25,60.389999
2023-08-28,60.560001
2023-08-29,60.500000
2023-08-30,60.470001
2023-08-31,59.830002
2023-09-01,59.310001
2023-09-05,58.820000
2023-09-06,58.779999
2023-09-07,58.330002
2023-09-08,58.330002
2023-09-11,58.880001
2023-09-12,58.299999
2023-09-13,58.439999
2023-09-14,58.459999
2023-09-15,57.939999
2023-09-18,58.299999
2023-09-19,58.180000
2023-09-20,58.439999
2023-09-21,57.540001
2023-09-22,57.599998
2023-09-25,57.000000
2023-09-26,56.529999
2023-09-27,55.950001
2023-09-28,55.810001
2023-09-29,55.980000
2023-10-02,55.480000
2023-10-03,54.880001
2023-10-04,55.040001
2023-10-05,52.380001
2023-10-06,53.139999
2023-10-09,52.880001
2023-10-10,54.029999
2023-10-11,53.709999
2023-10-12,52.810001
2023-10-13,52.889999
2023-10-16,53.430000
2023-10-17,54.070000
2023-10-18,54.049999
2023-10-19,54.349998
2023-10-20,54.570000
2023-10-23,54.080002
2023-10-24,55.639999
2023-10-25,56.119999
2023-10-26,55.779999
2023-10-27,55.240002
2023-10-30,56.150002
2023-10-31,56.490002
2023-11-01,56.439999
2023-11-02,57.090000
2023-11-03,56.740002
2023-11-06,56.970001
2023-11-07,57.180000
2023-11-08,57.090000
2023-11-09,56.660000
2023-11-10,56.720001
2023-11-13,56.930000
2023-11-14,57.099998
2023-11-15,57.209999
2023-11-16,57.150002
2023-11-17,57.259998
2023-11-20,57.400002
2023-11-21,58.029999
2023-11-22,58.419998
2023-11-24,58.570000
2023-11-27,58.459999
2023-11-28,58.580002
2023-11-29,58.230000
2023-11-30,58.439999
2023-12-01,58.639999
2023-12-04,58.570000
2023-12-05,58.660000
2023-12-06,58.599998
2023-12-07,58.740002
2023-12-08,58.610001
2023-12-11,59.040001
2023-12-12,59.419998
2023-12-13,59.930000
2023-12-14,59.040001
2023-12-15,58.599998
2023-12-18,59.020000
2023-12-19,58.830002
2023-12-20,57.610001
2023-12-21,57.990002
2023-12-22,58.320000
2023-12-26,58.560001
2023-12-27,58.709999
2023-12-28,58.750000
2023-12-29,58.930000
2024-01-02,59.820000
2024-01-03,59.959999
2024-01-04,59.759998
2024-01-05,59.669998
2024-01-08,60.110001
2024-01-09,60.000000
2024-01-10,60.200001
2024-01-11,59.810001
2024-01-12,60.389999
2024-01-16,59.990002
2024-01-17,59.990002
2024-01-18,60.160000
2024-01-19,59.830002
2024-01-22,59.570000
2024-01-23,59.849998
2024-01-24,58.910000
2024-01-25,59.160000
2024-01-26,59.369999
2024-01-29,59.730000
2024-01-30,59.900002
2024-01-31,59.490002
2024-02-01,60.980000
2024-02-02,60.540001
2024-02-05,60.040001
2024-02-06,59.939999
2024-02-07,59.990002
2024-02-08,59.830002
2024-02-09,59.560001
2024-02-12,59.700001
2024-02-13,59.349998
2024-02-14,59.290001
2024-02-15,59.400002
2024-02-16,59.389999
2024-02-20,60.700001
2024-02-21,61.240002
2024-02-22,61.150002
2024-02-23,61.200001
2024-02-26,60.709999
2024-02-27,60.340000
2024-02-28,60.400002
2024-02-29,60.020000
2024-03-01,59.529999
2024-03-04,59.810001
2024-03-05,59.520000
2024-03-06,59.549999
2024-03-07,59.439999
2024-03-08,59.520000
2024-03-11,60.240002
2024-03-12,60.500000
2024-03-13,61.119999
2024-03-14,60.500000
2024-03-15,59.880001
2024-03-18,60.130001
2024-03-19,60.230000
2024-03-20,60.750000
2024-03-21,60.470001
2024-03-22,60.490002
2024-03-25,60.400002
2024-03-26,60.540001
2024-03-27,61.029999
2024-03-28,61.180000
2024-04-01,60.680000
2024-04-02,60.150002
2024-04-03,59.830002
2024-04-04,59.299999
2024-04-05,59.509998
2024-04-08,59.270000
2024-04-09,59.720001
2024-04-10,58.919998
2024-04-11,59.049999
2024-04-12,58.279999
2024-04-15,58.139999
2024-04-16,58.060001
2024-04-17,58.509998
2024-04-18,58.910000
2024-04-19,60.169998
2024-04-22,60.549999
2024-04-23,60.639999
2024-04-24,61.549999
2024-04-25,61.740002
2024-04-26,61.740002
2024-04-29,62.040001
2024-04-30,61.770000
2024-05-01,61.930000
2024-05-02,61.990002
2024-05-03,62.169998
2024-05-06,62.349998
2024-05-07,62.619999
2024-05-08,62.849998
2024-05-09,62.880001
2024-05-10,63.259998
2024-05-13,63.580002
2024-05-14,63.099998
2024-05-15,63.130001
2024-05-16,63.320000
2024-05-17,63.029999
2024-05-20,62.570000
2024-05-21,62.910000
2024-05-22,63.000000
2024-05-23,62.090000
2024-05-24,62.000000
2024-05-28,61.820000
2024-05-29,61.700001
2024-05-30,61.970001
2024-05-31,62.930000
2024-06-03,62.930000
2024-06-04,63.939999
2024-06-05,63.919998
2024-06-06,64.150002
2024-06-07,63.910000
2024-06-10,63.590000
2024-06-11,63.549999
2024-06-12,62.880001
2024-06-13,62.990002
2024-06-14,62.549999
2024-06-17,62.619999
2024-06-18,62.630001
2024-06-20,62.180000
2024-06-21,62.770000
2024-06-24,63.970001
2024-06-25,63.840000
2024-06-26,64.050003
2024-06-27,63.910000
2024-06-28,63.650002
2024-07-01,63.279999
2024-07-02,63.150002
2024-07-03,63.330002
2024-07-05,63.759998
2024-07-08,62.959999
2024-07-09,62.689999
2024-07-10,62.830002
2024-07-11,63.099998
2024-07-12,63.700001
2024-07-15,63.410000
2024-07-16,64.269997
2024-07-17,65.209999
2024-07-18,65.190002
2024-07-19,65.290001
2024-07-22,64.769997
2024-07-23,64.959999
2024-07-24,65.809998
2024-07-25,66.070000
2024-07-26,67.050003
2024-07-29,66.830002
2024-07-30,67.680000
2024-07-31,66.739998
2024-08-01,67.959999
2024-08-02,69.330002
2024-08-05,68.099998
2024-08-06,68.050003
2024-08-07,68.459999
2024-08-08,68.730003
2024-08-09,68.680000
2024-08-12,68.169998
2024-08-13,68.459999
2024-08-14,68.580002
2024-08-15,68.650002
2024-08-16,69.180000
2024-08-19,68.980003
2024-08-20,69.379997
2024-08-21,69.570000
2024-08-22,69.330002
2024-08-23,69.790001
2024-08-26,70.839996
2024-08-27,71.500000
2024-08-28,71.750000
2024-08-29,72.050003
2024-08-30,72.470001
2024-09-03,73.010002
2024-09-04,72.559998
2024-09-05,71.169998
2024-09-06,71.139999
2024-09-09,71.849998
2024-09-10,71.550003
2024-09-11,71.080002
2024-09-12,71.230003
2024-09-13,71.410004
2024-09-16,72.099998
2024-09-17,71.800003
2024-09-18,71.750000
2024-09-19,70.620003
2024-09-20,71.639999
2024-09-23,71.730003
2024-09-24,71.330002
2024-09-25,71.449997
2024-09-26,71.400002
2024-09-27,71.790001
2024-09-30,71.860001
2024-10-01,71.709999
2024-10-02,71.010002
2024-10-03,70.519997
2024-10-04,70.169998
2024-10-07,69.010002
2024-10-08,69.180000
2024-10-09,69.570000
2024-10-10,69.250000
2024-10-11,69.570000
2024-10-14,70.339996
2024-10-15,70.339996
2024-10-16,70.570000
2024-10-17,69.900002
2024-10-18,70.440002
2024-10-21,69.449997
2024-10-22,69.449997
2024-10-23,68.010002
2024-10-24,67.300003
2024-10-25,66.919998
2024-10-28,66.669998
2024-10-29,65.559998
2024-10-30,65.919998
2024-10-31,65.309998
2024-11-01,65.010002
2024-11-04,65.110001
2024-11-05,65.370003
2024-11-06,63.700001
2024-11-07,63.660000
2024-11-08,63.919998
2024-11-11,63.360001
2024-11-12,63.200001
2024-11-13,63.000000
2024-11-14,62.549999
2024-11-15,61.740002
2024-11-18,61.860001
2024-11-19,62.590000
2024-11-20,62.990002
2024-11-21,63.759998
2024-11-22,63.919998
2024-11-25,64.379997
2024-11-26,64.550003
2024-11-27,64.430000
2024-11-29,64.080002
2024-12-02,63.650002
2024-12-03,63.520000
2024-12-04,62.209999
2024-12-05,62.919998
2024-12-06,62.529999
2024-12-09,62.599998
2024-12-10,62.910000
2024-12-11,62.639999
2024-12-12,63.840000
2024-12-13,63.119999
2024-12-16,62.549999
2024-12-17,63.400002
2024-12-18,62.849998
2024-12-19,62.450001
2024-12-20,62.549999
2024-12-23,62.380001
2024-12-24,62.840000
2024-12-26,62.570000
2024-12-27,62.450001
2024-12-30,62.029999
2024-12-31,62.259998
2025-01-02,61.840000
2025-01-03,61.750000
2025-01-06,60.810001
2025-01-07,60.840000
2025-01-08,61.709999
2025-01-10,61.070000
2025-01-13,61.650002
2025-01-14,62.040001
2025-01-15,61.770000
2025-01-16,62.250000
2025-01-17,62.709999
2025-01-21,62.419998
2025-01-22,61.779999
2025-01-23,61.529999
2025-01-24,61.919998
2025-01-27,63.869999
2025-01-28,62.360001
2025-01-29,62.830002
2025-01-30,64.050003
2025-01-31,63.480000
2025-02-03,63.349998
2025-02-04,62.669998
2025-02-05,63.119999
2025-02-06,63.360001
2025-02-07,63.840000
2025-02-10,64.550003
2025-02-11,67.599998
2025-02-12,68.709999
2025-02-13,69.500000
2025-02-14,68.870003
2025-02-18,69.050003
2025-02-19,70.070000
2025-02-20,70.040001
2025-02-21,71.349998
2025-02-24,70.589996
2025-02-25,71.489998
2025-02-26,70.800003
2025-02-27,70.870003
2025-02-28,71.209999
2025-03-03,72.320000
2025-03-04,70.190002
2025-03-05,70.080002
2025-03-06,70.459999
2025-03-07,71.430000
2025-03-10,71.449997
2025-03-11,71.040001
2025-03-12,69.940002
2025-03-13,69.620003
2025-03-14,69.160004
2025-03-17,70.120003
2025-03-18,69.379997
2025-03-19,69.279999
2025-03-20,69.709999
2025-03-21,68.669998
2025-03-24,68.949997
2025-03-25,68.809998
2025-03-26,70.019997
2025-03-27,70.739998
2025-03-28,70.370003
2025-03-31,71.620003
2025-04-01,71.870003
2025-04-02,71.330002
2025-04-03,73.180000
2025-04-04,69.930000
2025-04-07,68.370003
2025-04-08,68.419998
2025-04-09,69.949997
2025-04-10,70.760002
2025-04-11,71.430000
2025-04-14,72.449997
2025-04-15,71.860001
2025-04-16,71.680000
2025-04-17,73.000000
2025-04-21,72.769997
2025-04-22,73.900002
2025-04-23,73.300003
2025-04-24,72.519997
2025-04-25,71.910004
2025-04-28,71.790001
2025-04-29,72.349998
2025-04-30,72.550003
2025-05-01,71.290001
2025-05-02,71.650002
2025-05-05,71.699997
2025-05-06,71.720001
2025-05-07,72.400002
2025-05-08,71.169998
2025-05-09,70.519997
2025-05-12,69.529999
2025-05-13,68.959999
2025-05-14,69.160004
2025-05-15,71.610001
2025-05-16,72.000000
2025-05-19,71.930000
2025-05-20,71.690002
2025-05-21,71.849998
2025-05-22,71.139999
2025-05-23,71.769997
2025-05-27,71.779999
2025-05-28,71.150002
2025-05-29,71.489998
2025-05-30,72.099998
2025-06-02,72.000000
2025-06-03,71.160004
2025-06-04,71.370003
2025-06-05,70.910004
2025-06-06,71.349998
2025-06-09,71.769997
2025-06-10,72.349998
2025-06-11,72.070000
2025-06-12,72.239998
2025-06-13,71.019997
2025-06-16,70.519997
2025-06-17,69.620003
2025-06-18,69.209999
2025-06-20,68.839996
2025-06-23,69.739998
2025-06-24,70.209999
2025-06-25,69.629997
2025-06-26,69.470001
2025-06-27,70.330002
2025-06-30,70.750000
2025-07-01,71.669998
2025-07-02,70.910004
2025-07-03,71.349998
2025-07-07,71.010002
2025-07-08,70.239998
2025-07-09,69.480003
2025-07-10,69.769997
2025-07-11,69.870003
2025-07-14,69.470001
2025-07-15,69.360001
2025-07-16,69.269997
2025-07-17,70.589996
2025-07-18,69.849998
2025-07-21,70.070000
2025-07-22,69.660004
2025-07-23,69.160004
2025-07-24,69.099998
2025-07-25,69.169998
2025-07-28,68.089996
2025-07-29,69.379997
2025-07-30,68.750000
2025-07-31,67.889999
2025-08-01,68.860001
2025-08-04,68.959999
2025-08-05,69.050003
2025-08-06,69.510002
2025-08-07,70.430000
2025-08-08,70.339996
2025-08-11,70.750000
2025-08-12,70.709999
2025-08-13,70.459999
2025-08-14,69.550003
2025-08-15,69.919998
2025-08-18,69.129997
2025-08-19,70.129997
2025-08-20,70.699997
2025-08-21,70.660004
2025-08-22,70.129997
2025-08-25,68.930000
2025-08-26,68.730003
2025-08-27,68.830002
2025-08-28,68.360001
2025-08-29,68.989998
2025-09-02,69.059998
2025-09-03,68.989998
2025-09-04,68.250000
2025-09-05,67.959999
2025-09-08,67.430000
2025-09-09,67.860001
2025-09-10,67.820000
2025-09-11,67.620003
2025-09-12,67.010002
2025-09-15,66.209999
2025-09-16,66.239998
2025-09-17,67.040001
2025-09-18,66.459999
2025-09-19,66.430000
2025-09-22,66.209999
2025-09-23,66.709999
2025-09-24,66.449997
2025-09-25,65.980003
2025-09-26,65.669998
2025-09-29,66.040001
2025-09-30,66.320000
2025-10-01,66.779999
2025-10-02,66.099998
2025-10-03,66.650002
2025-10-06,66.099998
2025-10-07,66.790001
2025-10-08,66.120003
2025-10-09,66.370003
2025-10-10,67.040001
2025-10-13,66.800003
2025-10-14,67.510002
2025-10-15,67.080002
2025-10-16,67.589996
2025-10-17,68.440002
2025-10-20,68.440002
2025-10-21,71.220001
2025-10-22,70.809998
2025-10-23,69.940002
2025-10-24,69.709999
2025-10-27,70.059998
2025-10-28,70.160004
2025-10-29,68.349998
2025-10-30,68.980003
2025-10-31,68.900002
2025-11-03,67.970001
2025-11-04,68.660004
2025-11-05,68.510002
2025-11-06,69.059998
2025-11-07,70.550003
2025-11-10,70.519997
2025-11-11,71.610001
2025-11-12,71.510002
2025-11-13,71.070000
2025-11-14,71.160004
2025-11-17,70.680000
2025-11-18,71.220001
2025-11-19,71.110001
2025-11-20,71.209999
2025-11-21,72.949997
2025-11-24,72.589996
2025-11-25,72.610001
2025-11-26,72.879997
2025-11-28,73.120003
2025-12-01,71.949997
2025-12-02,70.669998
2025-12-03,70.809998
2025-12-04,70.449997
2025-12-05,70.000000
2025-12-08,70.250000
2025-12-09,70.089996
2025-12-10,70.209999
2025-12-11,69.110001
2025-12-12,70.519997
2025-12-15,70.970001
2025-12-16,70.370003
2025-12-17,70.669998
2025-12-18,70.360001
2025-12-19,70.059998
2025-12-22,70.209999
2025-12-23,69.870003
2025-12-24,70.110001
2025-12-26,69.870003
2025-12-29,70.160004
2025-12-30,70.070000
2025-12-31,69.910004
2026-01-02,69.120003
2026-01-05,67.940002
2026-01-06,67.839996
2026-01-07,67.540001
2026-01-08,69.370003
2026-01-09,70.510002
2026-01-12,70.500000
2026-01-13,71.239998
2026-01-14,71.440002
2026-01-15,70.480003
2026-01-16,70.440002
2026-01-20,71.750000
2026-01-21,72.010002
2026-01-22,71.870003
2026-01-23,72.879997
2026-01-26,72.559998
2026-01-27,73.550003
2026-01-28,73.059998
2026-01-29,73.430000
2026-01-30,74.809998
2026-02-02,75.330002
2026-02-03,76.889999
2026-02-04,77.349998
2026-02-05,78.510002
2026-02-06,79.029999
2026-02-09,77.970001
2026-02-10,76.809998
2026-02-11,78.599998
2026-02-12,79.000000
2026-02-13,78.680000
2026-02-17,79.559998
2026-02-18,79.489998
2026-02-19,78.910004
2026-02-20,79.839996
2026-02-23,80.559998
2026-02-24,80.720001
2026-02-25,80.470001
2026-02-26,80.500000
2026-02-27,81.559998
2026-03-02,80.220001
2026-03-03,79.339996
2026-03-04,78.099998
2026-03-05,77.029999
2026-03-06,77.040001
2026-03-09,77.800003
2026-03-10,77.879997
2026-03-11,77.629997
2026-03-12,77.610001
2026-03-13,77.339996
2026-03-16,77.820000
2026-03-17,77.580002
2026-03-18,75.970001
2026-03-19,75.550003
2026-03-20,74.750000
2026-03-23,75.110001
2026-03-24,74.669998
2026-03-25,75.250000
2026-03-26,74.690002
2026-03-27,75.709999
2026-03-30,76.269997
2026-03-31,76.050003
2026-04-01,76.080002
2026-04-02,76.720001
2026-04-06,77.220001
2026-04-07,75.910004
2026-04-08,77.290001
2026-04-09,78.180000
2026-04-10,77.470001
2026-04-13,76.410004
2026-04-14,75.900002
2026-04-15,75.309998
2026-04-16,75.180000
2026-04-17,75.739998
2026-04-20,75.480003
2026-04-21,74.699997
2026-04-22,74.629997
2026-04-23,76.279999
2026-04-24,76.629997
2026-04-27,75.440002
2026-04-28,78.349998
2026-04-29,78.870003
2026-04-30,78.760002
2026-05-01,78.580002
2026-05-04,78.190002
2026-05-05,78.480003
2026-05-06,79.230003
2026-05-07,78.430000
2026-05-08,78.419998
2026-05-11,78.660004
2026-05-12,80.029999
2026-05-13,80.260002
2026-05-14,80.449997
2026-05-15,80.820000
2026-05-18,81.199997
2026-05-19,81.919998
2026-05-20,81.550003
2026-05-21,81.169998
2026-05-22,81.480003
2026-05-26,80.459999
2026-05-27,81.620003
2026-05-28,80.410004
2026-05-29,79.010002
2026-06-01,78.639999
2026-06-02,78.410004
2026-06-03,78.760002
2026-06-04,76.820000
2026-06-05,79.480003
2026-06-08,79.540001
2026-06-09,81.339996
2026-06-10,83.589996
2026-06-11,82.529999
2026-06-12,82.620003
2026-06-15,80.910004
2026-06-16,80.279999
2026-06-17,79.930000
2026-06-18,79.389999
2026-06-22,79.529999
2026-06-23,80.309998
2026-06-24,80.599998
2026-06-25,80.419998
2026-06-26,82.629997
2026-06-29,82.650002
2026-06-30,81.269997
2026-07-01,81.290001
2026-07-02,84.139999
2026-07-06,82.959999
2026-07-07,84.050003
2026-07-08,83.400002
2026-07-09,82.629997
2026-07-10,83.489998
2026-07-13,84.250000
2026-07-14,83.080002
2026-07-15,82.870003
