date,close
1999-12-01,34.09375
1999-12-02,33.71875
1999-12-03,34.15625
1999-12-06,32.3046875
1999-12-07,29.5
1999-12-08,30.0
1999-12-09,31.0625
1999-12-10,31.625
1999-12-13,31.0
1999-12-14,30.625
1999-12-15,29.9375
1999-12-16,29.25
1999-12-17,29.875
1999-12-20,29.78125
1999-12-21,29.21875
1999-12-22,29.25
1999-12-23,29.625
1999-12-27,29.75
1999-12-28,29.5625
1999-12-29,29.46875
1999-12-30,29.21875
1999-12-31,29.125
2000-01-03,28.1875
2000-01-04,28.21875
2000-01-05,28.46875
2000-01-06,28.5
2000-01-07,30.375
2000-01-10,29.40625
2000-01-11,30.40625
2000-01-12,30.75
2000-01-13,30.28125
2000-01-14,30.53125
2000-01-18,32.5
2000-01-19,32.625
2000-01-20,32.9375
2000-01-21,33.4375
2000-01-24,32.4375
2000-01-25,32.9375
2000-01-26,31.53125
2000-01-27,29.75
2000-01-28,28.46875
2000-01-31,28.71875
2000-02-01,29.0625
2000-02-02,28.1875
2000-02-03,27.625
2000-02-04,28.125
2000-02-07,28.4375
2000-02-08,28.59375
2000-02-09,28.5
2000-02-10,28.34375
2000-02-11,27.78125
2000-02-14,27.0625
2000-02-15,27.84375
2000-02-16,26.78125
2000-02-17,26.15625
2000-02-18,25.6875
2000-02-22,25.875
2000-02-23,25.625
2000-02-24,24.90625
2000-02-25,24.34375
2000-02-28,24.65625
2000-02-29,24.3125
2000-03-01,25.5
2000-03-02,24.8125
2000-03-03,25.0625
2000-03-06,24.5
2000-03-07,23.5625
2000-03-08,23.75
2000-03-09,23.375
2000-03-10,22.75
2000-03-13,21.875
2000-03-14,21.65625
2000-03-15,23.78125
2000-03-16,24.875
2000-03-17,24.5625
2000-03-20,24.28125
2000-03-21,24.71875
2000-03-22,23.53125
2000-03-23,23.5
2000-03-24,23.5
2000-03-27,22.625
2000-03-28,22.4375
2000-03-29,23.4375
2000-03-30,24.28125
2000-03-31,23.46875
2000-04-03,24.65625
2000-04-04,26.1875
2000-04-05,23.8125
2000-04-06,22.875
2000-04-07,23.09375
2000-04-10,22.5
2000-04-11,23.59375
2000-04-12,24.25
2000-04-13,23.625
2000-04-14,23.5
2000-04-17,24.25
2000-04-18,24.3125
2000-04-19,24.59375
2000-04-20,24.71875
2000-04-24,24.8125
2000-04-25,25.25
2000-04-26,24.71875
2000-04-27,24.125
2000-04-28,23.625
2000-05-01,23.125
2000-05-02,23.125
2000-05-03,24.25
2000-05-04,24.25
2000-05-05,23.53125
2000-05-08,24.25
2000-05-09,25.25
2000-05-10,26.40625
2000-05-11,26.78125
2000-05-12,26.125
2000-05-15,25.875
2000-05-16,24.46875
2000-05-17,24.125
2000-05-18,24.71875
2000-05-19,25.03125
2000-05-22,25.34375
2000-05-23,25.0
2000-05-24,26.34375
2000-05-25,26.34375
2000-05-26,27.28125
2000-05-30,26.9375
2000-05-31,26.6875
2000-06-01,26.625
2000-06-02,26.28125
2000-06-05,26.0
2000-06-06,25.90625
2000-06-07,26.5
2000-06-08,26.40625
2000-06-09,26.15625
2000-06-12,26.3125
2000-06-13,26.6875
2000-06-14,26.5
2000-06-15,27.9375
2000-06-16,27.75
2000-06-19,27.21875
2000-06-20,26.46875
2000-06-21,26.75
2000-06-22,28.0625
2000-06-23,28.9375
2000-06-26,29.5
2000-06-27,28.9375
2000-06-28,30.0234375
2000-06-29,29.53125
2000-06-30,28.71875
2000-07-03,29.09375
2000-07-05,29.375
2000-07-06,29.46875
2000-07-07,29.375
2000-07-10,28.78125
2000-07-11,28.09375
2000-07-12,28.0625
2000-07-13,28.96875
2000-07-14,28.8125
2000-07-17,28.671875
2000-07-18,29.09375
2000-07-19,30.25
2000-07-20,30.25
2000-07-21,30.4296875
2000-07-24,29.625
2000-07-25,29.625
2000-07-26,29.40625
2000-07-27,30.21875
2000-07-28,31.34375
2000-07-31,30.65625
2000-08-01,31.5
2000-08-02,31.46875
2000-08-03,31.5
2000-08-04,31.0625
2000-08-07,30.6875
2000-08-08,30.46875
2000-08-09,29.90625
2000-08-10,30.5
2000-08-11,31.125
2000-08-14,31.53125
2000-08-15,31.0
2000-08-16,30.34375
2000-08-17,29.84375
2000-08-18,30.15625
2000-08-21,29.90625
2000-08-22,29.0
2000-08-23,29.3984375
2000-08-24,28.96875
2000-08-25,28.0
2000-08-28,28.5
2000-08-29,28.15625
2000-08-30,27.125
2000-08-31,26.3203125
2000-09-01,27.125
2000-09-05,28.15625
2000-09-06,27.15625
2000-09-07,27.0
2000-09-08,27.28125
2000-09-11,26.5
2000-09-12,26.75
2000-09-13,26.25
2000-09-14,25.5
2000-09-15,25.40625
2000-09-18,26.5625
2000-09-19,26.4375
2000-09-20,25.125
2000-09-21,24.78125
2000-09-22,26.4375
2000-09-25,26.78125
2000-09-26,27.46875
2000-09-27,27.8125
2000-09-28,27.71875
2000-09-29,27.5625
2000-10-02,28.5
2000-10-03,28.15625
2000-10-04,28.625
2000-10-05,29.5625
2000-10-06,29.21875
2000-10-09,28.90625
2000-10-10,29.09375
2000-10-11,29.28125
2000-10-12,28.625
2000-10-13,28.59375
2000-10-16,29.3125
2000-10-17,28.96875
2000-10-18,29.09375
2000-10-19,28.5625
2000-10-20,27.40625
2000-10-23,27.65625
2000-10-24,28.0625
2000-10-25,28.96875
2000-10-26,29.34375
2000-10-27,29.46875
2000-10-30,29.9375
2000-10-31,30.1875
2000-11-01,30.4375
2000-11-02,30.375
2000-11-03,29.65625
2000-11-06,30.25
2000-11-07,30.03125
2000-11-08,30.09375
2000-11-09,31.15625
2000-11-10,30.9375
2000-11-13,30.53125
2000-11-14,30.28125
2000-11-15,30.65625
2000-11-16,30.96875
2000-11-17,30.71875
2000-11-20,28.28125
2000-11-21,27.625
2000-11-22,29.78125
2000-11-24,29.5
2000-11-27,29.78125
2000-11-28,30.21875
2000-11-29,31.0625
2000-11-30,31.3125
2000-12-01,31.09375
2000-12-04,31.375
2000-12-05,30.71875
2000-12-06,30.4375
2000-12-07,31.1875
2000-12-08,30.4375
2000-12-11,29.15625
2000-12-12,29.0
2000-12-13,28.90625
2000-12-14,28.5
2000-12-15,26.75
2000-12-18,27.4375
2000-12-19,28.375
2000-12-20,28.125
2000-12-21,29.6875
2000-12-22,29.4375
2000-12-26,30.0
2000-12-27,30.28125
2000-12-28,30.53125
2000-12-29,30.46875
2001-01-02,30.40625
2001-01-03,29.625
2001-01-04,28.78125
2001-01-05,28.84375
2001-01-08,29.3125
2001-01-09,29.6875
2001-01-10,29.5625
2001-01-11,28.6875
2001-01-12,28.3125
2001-01-16,28.5
2001-01-17,28.96875
2001-01-18,28.5625
2001-01-19,27.90625
2001-01-22,27.84375
2001-01-23,28.4375
2001-01-24,29.03125
2001-01-25,29.3125
2001-01-26,28.96875
2001-01-29,28.559999465942383
2001-01-30,28.954999923706055
2001-01-31,29.0
2001-02-01,28.719999313354492
2001-02-02,28.8700008392334
2001-02-05,29.600000381469727
2001-02-06,29.709999084472656
2001-02-07,30.0
2001-02-08,30.30500030517578
2001-02-09,30.06999969482422
2001-02-12,30.40999984741211
2001-02-13,29.979999542236328
2001-02-14,29.75
2001-02-15,29.184999465942383
2001-02-16,29.68000030517578
2001-02-20,29.235000610351562
2001-02-21,27.459999084472656
2001-02-22,26.4950008392334
2001-02-23,26.0
2001-02-26,26.235000610351562
2001-02-27,26.0
2001-02-28,26.514999389648438
2001-03-01,26.350000381469727
2001-03-02,26.274999618530273
2001-03-05,25.100000381469727
2001-03-06,24.899999618530273
2001-03-07,25.21500015258789
2001-03-08,25.700000762939453
2001-03-09,25.75
2001-03-12,25.049999237060547
2001-03-13,24.375
2001-03-14,23.834999084472656
2001-03-15,23.825000762939453
2001-03-16,24.325000762939453
2001-03-19,24.200000762939453
2001-03-20,23.71500015258789
2001-03-21,22.625
2001-03-22,22.860000610351562
2001-03-23,22.75
2001-03-26,22.450000762939453
2001-03-27,23.30500030517578
2001-03-28,22.975000381469727
2001-03-29,22.260000228881836
2001-03-30,22.579999923706055
2001-04-02,22.924999237060547
2001-04-03,22.329999923706055
2001-04-04,22.625
2001-04-05,22.649999618530273
2001-04-06,22.5
2001-04-09,21.950000762939453
2001-04-10,21.825000762939453
2001-04-11,22.065000534057617
2001-04-12,22.28499984741211
2001-04-16,22.704999923706055
2001-04-17,22.850000381469727
2001-04-18,23.375
2001-04-19,23.75
2001-04-20,23.5
2001-04-23,23.725000381469727
2001-04-24,23.69499969482422
2001-04-25,24.100000381469727
2001-04-26,23.450000762939453
2001-04-27,23.5
2001-04-30,23.094999313354492
2001-05-01,23.815000534057617
2001-05-02,23.78499984741211
2001-05-03,23.375
2001-05-04,23.415000915527344
2001-05-07,23.40999984741211
2001-05-08,23.28499984741211
2001-05-09,22.8799991607666
2001-05-10,22.80500030517578
2001-05-11,22.645000457763672
2001-05-14,23.0049991607666
2001-05-15,22.950000762939453
2001-05-16,24.114999771118164
2001-05-17,24.065000534057617
2001-05-18,24.049999237060547
2001-05-21,24.145000457763672
2001-05-22,23.899999618530273
2001-05-23,24.350000381469727
2001-05-24,24.545000076293945
2001-05-25,24.084999084472656
2001-05-29,24.170000076293945
2001-05-30,23.940000534057617
2001-05-31,23.700000762939453
2001-06-01,23.905000686645508
2001-06-04,23.78499984741211
2001-06-05,23.809999465942383
2001-06-06,23.375
2001-06-07,23.059999465942383
2001-06-08,23.0
2001-06-11,22.96500015258789
2001-06-12,22.954999923706055
2001-06-13,22.924999237060547
2001-06-14,22.510000228881836
2001-06-15,22.1299991607666
2001-06-18,21.885000228881836
2001-06-19,21.875
2001-06-20,21.96500015258789
2001-06-21,21.795000076293945
2001-06-22,21.424999237060547
2001-06-25,21.795000076293945
2001-06-26,21.975000381469727
2001-06-27,22.09000015258789
2001-06-28,22.674999237060547
2001-06-29,22.5
2001-07-02,22.799999237060547
2001-07-03,22.969999313354492
2001-07-05,22.6200008392334
2001-07-06,22.299999237060547
2001-07-09,22.610000610351562
2001-07-10,22.334999084472656
2001-07-11,22.7549991607666
2001-07-12,22.7450008392334
2001-07-13,23.0049991607666
2001-07-16,23.489999771118164
2001-07-17,23.565000534057617
2001-07-18,23.110000610351562
2001-07-19,23.350000381469727
2001-07-20,23.05500030517578
2001-07-23,22.239999771118164
2001-07-24,22.100000381469727
2001-07-25,22.489999771118164
2001-07-26,22.5
2001-07-27,22.395000457763672
2001-07-30,22.1299991607666
2001-07-31,22.299999237060547
2001-08-01,22.040000915527344
2001-08-02,21.954999923706055
2001-08-03,22.350000381469727
2001-08-06,22.30500030517578
2001-08-07,22.440000534057617
2001-08-08,22.75
2001-08-09,22.80500030517578
2001-08-10,22.834999084472656
2001-08-13,22.899999618530273
2001-08-14,23.020000457763672
2001-08-15,23.790000915527344
2001-08-16,23.854999542236328
2001-08-17,23.770000457763672
2001-08-20,24.270000457763672
2001-08-21,24.155000686645508
2001-08-22,24.125
2001-08-23,24.725000381469727
2001-08-24,24.604999542236328
2001-08-27,24.2549991607666
2001-08-28,23.934999465942383
2001-08-29,23.850000381469727
2001-08-30,24.395000457763672
2001-08-31,24.334999084472656
2001-09-04,24.75
2001-09-05,25.225000381469727
2001-09-06,24.7549991607666
2001-09-07,24.864999771118164
2001-09-10,24.975000381469727
2001-09-17,25.100000381469727
2001-09-18,24.735000610351562
2001-09-19,24.75
2001-09-20,24.174999237060547
2001-09-21,23.399999618530273
2001-09-24,24.014999389648438
2001-09-25,24.0
2001-09-26,23.44499969482422
2001-09-27,23.475000381469727
2001-09-28,23.424999237060547
2001-10-01,23.045000076293945
2001-10-02,23.084999084472656
2001-10-03,22.899999618530273
2001-10-04,22.579999923706055
2001-10-05,22.75
2001-10-08,23.075000762939453
2001-10-09,23.09000015258789
2001-10-10,23.075000762939453
2001-10-11,23.024999618530273
2001-10-12,22.399999618530273
2001-10-15,22.25
2001-10-16,22.270000457763672
2001-10-17,22.139999389648438
2001-10-18,23.059999465942383
2001-10-19,24.295000076293945
2001-10-22,24.489999771118164
2001-10-23,24.434999465942383
2001-10-24,24.385000228881836
2001-10-25,24.719999313354492
2001-10-26,24.56999969482422
2001-10-29,24.30500030517578
2001-10-30,24.079999923706055
2001-10-31,23.940000534057617
2001-11-01,24.295000076293945
2001-11-02,24.440000534057617
2001-11-05,24.649999618530273
2001-11-06,24.924999237060547
2001-11-07,24.700000762939453
2001-11-08,24.53499984741211
2001-11-09,24.610000610351562
2001-11-12,24.65999984741211
2001-11-13,24.825000762939453
2001-11-14,25.0
2001-11-15,25.0
2001-11-16,24.96500015258789
2001-11-19,24.735000610351562
2001-11-20,24.5
2001-11-21,24.3799991607666
2001-11-23,24.575000762939453
2001-11-26,24.155000686645508
2001-11-27,23.9950008392334
2001-11-28,23.375
2001-11-29,23.540000915527344
2001-11-30,23.479999542236328
2001-12-03,23.264999389648438
2001-12-04,23.274999618530273
2001-12-05,23.559999465942383
2001-12-06,23.21500015258789
2001-12-07,23.299999237060547
2001-12-10,22.815000534057617
2001-12-11,22.825000762939453
2001-12-12,22.989999771118164
2001-12-13,23.114999771118164
2001-12-14,23.125
2001-12-17,23.075000762939453
2001-12-18,23.25
2001-12-19,23.7450008392334
2001-12-20,23.8799991607666
2001-12-21,24.389999389648438
2001-12-24,24.184999465942383
2001-12-26,24.260000228881836
2001-12-27,23.969999313354492
2001-12-28,23.584999084472656
2001-12-31,23.575000762939453
2002-01-02,23.735000610351562
2002-01-03,23.424999237060547
2002-01-04,23.21500015258789
2002-01-07,22.610000610351562
2002-01-08,22.325000762939453
2002-01-09,22.280000686645508
2002-01-10,22.389999389648438
2002-01-11,22.649999618530273
2002-01-14,22.25
2002-01-15,22.174999237060547
2002-01-16,22.075000762939453
2002-01-17,22.524999618530273
2002-01-18,22.719999313354492
2002-01-22,22.950000762939453
2002-01-23,22.389999389648438
2002-01-24,22.110000610351562
2002-01-25,22.575000762939453
2002-01-28,22.604999542236328
2002-01-29,22.0
2002-01-30,21.924999237060547
2002-01-31,21.875
2002-02-01,22.34000015258789
2002-02-04,22.34000015258789
2002-02-05,22.875
2002-02-06,23.25
2002-02-07,22.940000534057617
2002-02-08,22.924999237060547
2002-02-11,23.06999969482422
2002-02-12,23.05500030517578
2002-02-13,23.190000534057617
2002-02-14,23.4950008392334
2002-02-15,23.475000381469727
2002-02-19,23.145000457763672
2002-02-20,23.440000534057617
2002-02-21,23.0
2002-02-22,23.649999618530273
2002-02-25,23.684999465942383
2002-02-26,23.4950008392334
2002-02-27,23.739999771118164
2002-02-28,23.69499969482422
2002-03-01,24.204999923706055
2002-03-04,23.885000228881836
2002-03-05,23.799999237060547
2002-03-06,23.770000457763672
2002-03-07,23.475000381469727
2002-03-08,23.924999237060547
2002-03-11,23.790000915527344
2002-03-12,24.045000076293945
2002-03-13,23.975000381469727
2002-03-14,23.94499969482422
2002-03-15,24.31999969482422
2002-03-18,24.334999084472656
2002-03-19,24.600000381469727
2002-03-20,24.704999923706055
2002-03-21,25.200000762939453
2002-03-22,25.625
2002-03-25,25.875
2002-03-26,26.299999237060547
2002-03-27,26.145000457763672
2002-03-28,26.1299991607666
2002-04-01,26.149999618530273
2002-04-02,26.139999389648438
2002-04-03,25.8700008392334
2002-04-04,26.010000228881836
2002-04-05,26.09000015258789
2002-04-08,26.5
2002-04-09,26.674999237060547
2002-04-10,27.110000610351562
2002-04-11,26.56999969482422
2002-04-12,26.68000030517578
2002-04-15,26.19499969482422
2002-04-16,26.940000534057617
2002-04-17,26.959999084472656
2002-04-18,26.854999542236328
2002-04-19,27.454999923706055
2002-04-22,27.649999618530273
2002-04-23,27.260000228881836
2002-04-24,27.489999771118164
2002-04-25,27.489999771118164
2002-04-26,27.225000381469727
2002-04-29,27.31999969482422
2002-04-30,27.7549991607666
2002-05-01,28.809999465942383
2002-05-02,28.81999969482422
2002-05-03,28.43000030517578
2002-05-06,28.295000076293945
2002-05-07,28.325000762939453
2002-05-08,28.25
2002-05-09,28.25
2002-05-10,28.18000030517578
2002-05-13,28.44499969482422
2002-05-14,28.325000762939453
2002-05-15,28.344999313354492
2002-05-16,28.524999618530273
2002-05-17,28.5
2002-05-20,28.100000381469727
2002-05-21,27.729999542236328
2002-05-22,28.100000381469727
2002-05-23,28.344999313354492
2002-05-24,28.100000381469727
2002-05-28,27.31999969482422
2002-05-29,27.075000762939453
2002-05-30,27.19499969482422
2002-05-31,27.780000686645508
2002-06-03,27.014999389648438
2002-06-04,27.0
2002-06-05,27.700000762939453
2002-06-06,27.075000762939453
2002-06-07,27.024999618530273
2002-06-10,26.864999771118164
2002-06-11,27.0
2002-06-12,27.239999771118164
2002-06-13,27.25
2002-06-14,27.424999237060547
2002-06-17,27.625
2002-06-18,27.649999618530273
2002-06-19,27.540000915527344
2002-06-20,27.860000610351562
2002-06-21,28.0
2002-06-24,28.475000381469727
2002-06-25,27.725000381469727
2002-06-26,27.770000457763672
2002-06-27,28.045000076293945
2002-06-28,28.0
2002-07-01,28.174999237060547
2002-07-02,28.34000015258789
2002-07-03,28.30500030517578
2002-07-05,28.235000610351562
2002-07-08,28.639999389648438
2002-07-09,28.219999313354492
2002-07-10,27.350000381469727
2002-07-11,26.55500030517578
2002-07-12,25.524999618530273
2002-07-15,26.0
2002-07-16,25.184999465942383
2002-07-17,25.0
2002-07-18,23.96500015258789
2002-07-19,22.545000076293945
2002-07-22,22.94499969482422
2002-07-23,22.290000915527344
2002-07-24,23.424999237060547
2002-07-25,23.780000686645508
2002-07-26,23.725000381469727
2002-07-29,24.71500015258789
2002-07-30,24.075000762939453
2002-07-31,24.969999313354492
2002-08-01,24.96500015258789
2002-08-02,25.049999237060547
2002-08-05,24.18000030517578
2002-08-06,23.934999465942383
2002-08-07,24.5049991607666
2002-08-08,25.40999984741211
2002-08-09,25.549999237060547
2002-08-12,25.405000686645508
2002-08-13,25.1299991607666
2002-08-14,25.975000381469727
2002-08-15,25.704999923706055
2002-08-16,26.094999313354492
2002-08-19,25.850000381469727
2002-08-20,25.815000534057617
2002-08-21,26.3700008392334
2002-08-22,26.200000762939453
2002-08-23,26.350000381469727
2002-08-26,26.5049991607666
2002-08-27,26.260000228881836
2002-08-28,25.639999389648438
2002-08-29,25.200000762939453
2002-08-30,25.5
2002-09-03,24.959999084472656
2002-09-04,25.25
2002-09-05,24.674999237060547
2002-09-06,24.94499969482422
2002-09-09,25.174999237060547
2002-09-10,25.485000610351562
2002-09-11,25.549999237060547
2002-09-12,24.774999618530273
2002-09-13,24.825000762939453
2002-09-16,25.34000015258789
2002-09-17,24.475000381469727
2002-09-18,24.649999618530273
2002-09-19,23.834999084472656
2002-09-20,23.760000228881836
2002-09-23,23.5
2002-09-24,23.600000381469727
2002-09-25,24.2450008392334
2002-09-26,24.21500015258789
2002-09-27,24.2450008392334
2002-09-30,23.979999542236328
2002-10-01,25.030000686645508
2002-10-02,24.950000762939453
2002-10-03,25.309999465942383
2002-10-04,25.450000762939453
2002-10-07,25.065000534057617
2002-10-08,26.059999465942383
2002-10-09,25.815000534057617
2002-10-10,25.729999542236328
2002-10-11,25.725000381469727
2002-10-14,26.274999618530273
2002-10-15,26.239999771118164
2002-10-16,23.600000381469727
2002-10-17,22.950000762939453
2002-10-18,23.19499969482422
2002-10-21,24.0
2002-10-22,23.940000534057617
2002-10-23,23.969999313354492
2002-10-24,23.44499969482422
2002-10-25,23.485000610351562
2002-10-28,22.96500015258789
2002-10-29,23.190000534057617
2002-10-30,23.424999237060547
2002-10-31,23.239999771118164
2002-11-01,23.415000915527344
2002-11-04,22.850000381469727
2002-11-05,23.18000030517578
2002-11-06,22.700000762939453
2002-11-07,22.40999984741211
2002-11-08,22.260000228881836
2002-11-11,22.280000686645508
2002-11-12,22.155000686645508
2002-11-13,22.614999771118164
2002-11-14,22.56999969482422
2002-11-15,22.985000610351562
2002-11-18,22.959999084472656
2002-11-19,23.19499969482422
2002-11-20,23.040000915527344
2002-11-21,22.8799991607666
2002-11-22,22.704999923706055
2002-11-25,22.55500030517578
2002-11-26,22.399999618530273
2002-11-27,23.114999771118164
2002-11-29,22.81999969482422
2002-12-02,22.600000381469727
2002-12-03,22.450000762939453
2002-12-04,22.81999969482422
2002-12-05,22.514999389648438
2002-12-06,22.700000762939453
2002-12-09,22.549999237060547
2002-12-10,23.25
2002-12-11,23.375
2002-12-12,22.934999465942383
2002-12-13,22.924999237060547
2002-12-16,22.864999771118164
2002-12-17,22.459999084472656
2002-12-18,22.270000457763672
2002-12-19,22.059999465942383
2002-12-20,22.040000915527344
2002-12-23,22.19499969482422
2002-12-24,22.114999771118164
2002-12-26,22.075000762939453
2002-12-27,21.735000610351562
2002-12-30,21.7549991607666
2002-12-31,21.920000076293945
2003-01-02,22.424999237060547
2003-01-03,22.3700008392334
2003-01-06,22.459999084472656
2003-01-07,22.18000030517578
2003-01-08,22.03499984741211
2003-01-09,22.264999389648438
2003-01-10,22.600000381469727
2003-01-13,22.8799991607666
2003-01-14,22.864999771118164
2003-01-15,22.450000762939453
2003-01-16,22.834999084472656
2003-01-17,22.549999237060547
2003-01-21,22.360000610351562
2003-01-22,22.274999618530273
2003-01-23,21.950000762939453
2003-01-24,21.415000915527344
2003-01-27,20.895000457763672
2003-01-28,20.549999237060547
2003-01-29,20.274999618530273
2003-01-30,19.600000381469727
2003-01-31,20.229999542236328
2003-02-03,20.075000762939453
2003-02-04,20.165000915527344
2003-02-05,20.024999618530273
2003-02-06,19.954999923706055
2003-02-07,19.764999389648438
2003-02-10,20.030000686645508
2003-02-11,19.5
2003-02-12,19.8700008392334
2003-02-13,19.989999771118164
2003-02-14,20.399999618530273
2003-02-18,20.549999237060547
2003-02-19,20.334999084472656
2003-02-20,20.024999618530273
2003-02-21,20.31999969482422
2003-02-24,19.90999984741211
2003-02-25,20.190000534057617
2003-02-26,19.860000610351562
2003-02-27,20.1299991607666
2003-02-28,20.110000610351562
2003-03-03,19.604999542236328
2003-03-04,19.184999465942383
2003-03-05,18.774999618530273
2003-03-06,18.774999618530273
2003-03-07,18.850000381469727
2003-03-10,18.53499984741211
2003-03-11,18.829999923706055
2003-03-12,19.024999618530273
2003-03-13,19.725000381469727
2003-03-14,19.950000762939453
2003-03-17,20.4950008392334
2003-03-18,20.485000610351562
2003-03-19,20.905000686645508
2003-03-20,20.764999389648438
2003-03-21,21.125
2003-03-24,20.454999923706055
2003-03-25,20.5
2003-03-26,20.364999771118164
2003-03-27,20.43000030517578
2003-03-28,20.364999771118164
2003-03-31,20.239999771118164
2003-04-01,20.19499969482422
2003-04-02,20.725000381469727
2003-04-03,20.600000381469727
2003-04-04,20.950000762939453
2003-04-07,20.850000381469727
2003-04-08,20.924999237060547
2003-04-09,20.834999084472656
2003-04-10,20.719999313354492
2003-04-11,20.71500015258789
2003-04-14,21.204999923706055
2003-04-15,21.264999389648438
2003-04-16,19.950000762939453
2003-04-17,20.200000762939453
2003-04-21,20.05500030517578
2003-04-22,20.204999923706055
2003-04-23,20.0
2003-04-24,19.954999923706055
2003-04-25,19.709999084472656
2003-04-28,20.165000915527344
2003-04-29,20.415000915527344
2003-04-30,20.200000762939453
2003-05-01,20.219999313354492
2003-05-02,20.5
2003-05-05,20.264999389648438
2003-05-06,20.510000228881836
2003-05-07,21.635000228881836
2003-05-08,21.440000534057617
2003-05-09,21.9950008392334
2003-05-12,22.25
2003-05-13,22.125
2003-05-14,22.125
2003-05-15,22.31999969482422
2003-05-16,21.975000381469727
2003-05-19,22.05500030517578
2003-05-20,22.260000228881836
2003-05-21,22.06999969482422
2003-05-22,22.264999389648438
2003-05-23,22.094999313354492
2003-05-27,22.329999923706055
2003-05-28,22.079999923706055
2003-05-29,22.309999465942383
2003-05-30,22.78499984741211
2003-06-02,22.899999618530273
2003-06-03,23.05500030517578
2003-06-04,23.295000076293945
2003-06-05,23.389999389648438
2003-06-06,23.44499969482422
2003-06-09,23.434999465942383
2003-06-10,23.299999237060547
2003-06-11,23.399999618530273
2003-06-12,23.725000381469727
2003-06-13,23.674999237060547
2003-06-16,24.100000381469727
2003-06-17,23.600000381469727
2003-06-18,23.5
2003-06-19,23.059999465942383
2003-06-20,23.235000610351562
2003-06-23,23.375
2003-06-24,23.584999084472656
2003-06-25,23.31999969482422
2003-06-26,23.440000534057617
2003-06-27,23.2549991607666
2003-06-30,23.204999923706055
2003-07-01,23.2450008392334
2003-07-02,23.190000534057617
2003-07-03,23.114999771118164
2003-07-07,22.475000381469727
2003-07-08,22.110000610351562
2003-07-09,21.940000534057617
2003-07-10,22.0049991607666
2003-07-11,21.954999923706055
2003-07-14,22.139999389648438
2003-07-15,21.9950008392334
2003-07-16,21.454999923706055
2003-07-17,22.3799991607666
2003-07-18,22.450000762939453
2003-07-21,22.5
2003-07-22,22.545000076293945
2003-07-23,22.584999084472656
2003-07-24,22.260000228881836
2003-07-25,22.520000457763672
2003-07-28,22.315000534057617
2003-07-29,22.43000030517578
2003-07-30,22.690000534057617
2003-07-31,22.485000610351562
2003-08-01,22.375
2003-08-04,22.44499969482422
2003-08-05,22.18000030517578
2003-08-06,22.049999237060547
2003-08-07,22.389999389648438
2003-08-08,22.424999237060547
2003-08-11,22.309999465942383
2003-08-12,22.325000762939453
2003-08-13,22.2549991607666
2003-08-14,22.530000686645508
2003-08-15,22.5049991607666
2003-08-18,22.43000030517578
2003-08-19,22.149999618530273
2003-08-20,21.94499969482422
2003-08-21,21.80500030517578
2003-08-22,21.639999389648438
2003-08-25,22.03499984741211
2003-08-26,22.114999771118164
2003-08-27,21.979999542236328
2003-08-28,21.915000915527344
2003-08-29,21.760000228881836
2003-09-02,21.889999389648438
2003-09-03,21.854999542236328
2003-09-04,22.25
2003-09-05,22.075000762939453
2003-09-08,22.135000228881836
2003-09-09,22.174999237060547
2003-09-10,22.475000381469727
2003-09-11,22.239999771118164
2003-09-12,21.9950008392334
2003-09-15,21.75
2003-09-16,21.459999084472656
2003-09-17,21.5049991607666
2003-09-18,21.799999237060547
2003-09-19,21.59000015258789
2003-09-22,21.6200008392334
2003-09-23,21.709999084472656
2003-09-24,21.4950008392334
2003-09-25,21.524999618530273
2003-09-26,21.514999389648438
2003-09-29,21.53499984741211
2003-09-30,21.479999542236328
2003-10-01,21.94499969482422
2003-10-02,22.125
2003-10-03,22.020000457763672
2003-10-06,22.204999923706055
2003-10-07,22.329999923706055
2003-10-08,22.1200008392334
2003-10-09,21.96500015258789
2003-10-10,21.915000915527344
2003-10-13,22.06999969482422
2003-10-14,22.274999618530273
2003-10-15,22.549999237060547
2003-10-16,22.5
2003-10-17,22.524999618530273
2003-10-20,22.80500030517578
2003-10-21,22.895000457763672
2003-10-22,22.65999984741211
2003-10-23,22.760000228881836
2003-10-24,22.700000762939453
2003-10-27,22.594999313354492
2003-10-28,22.690000534057617
2003-10-29,22.924999237060547
2003-10-30,23.0
2003-10-31,23.200000762939453
2003-11-03,23.34000015258789
2003-11-04,23.450000762939453
2003-11-05,23.489999771118164
2003-11-06,23.510000228881836
2003-11-07,23.315000534057617
2003-11-10,23.309999465942383
2003-11-11,23.260000228881836
2003-11-12,23.540000915527344
2003-11-13,23.46500015258789
2003-11-14,23.344999313354492
2003-11-17,23.34000015258789
2003-11-18,23.25
2003-11-19,23.43000030517578
2003-11-20,23.225000381469727
2003-11-21,23.209999084472656
2003-11-24,23.209999084472656
2003-11-25,23.28499984741211
2003-11-26,23.344999313354492
2003-11-28,23.25
2003-12-01,23.510000228881836
2003-12-02,23.5049991607666
2003-12-03,23.700000762939453
2003-12-04,23.579999923706055
2003-12-05,23.44499969482422
2003-12-08,23.875
2003-12-09,23.8799991607666
2003-12-10,24.094999313354492
2003-12-11,24.19499969482422
2003-12-12,24.684999465942383
2003-12-15,24.895000457763672
2003-12-16,25.34000015258789
2003-12-17,25.084999084472656
2003-12-18,24.969999313354492
2003-12-19,25.049999237060547
2003-12-22,25.079999923706055
2003-12-23,25.084999084472656
2003-12-24,24.950000762939453
2003-12-26,24.979999542236328
2003-12-29,25.079999923706055
2003-12-30,25.260000228881836
2003-12-31,25.375
2004-01-02,25.174999237060547
2004-01-05,25.204999923706055
2004-01-06,25.100000381469727
2004-01-07,24.940000534057617
2004-01-08,25.059999465942383
2004-01-09,24.795000076293945
2004-01-12,25.0049991607666
2004-01-13,24.854999542236328
2004-01-14,24.899999618530273
2004-01-15,24.864999771118164
2004-01-16,24.940000534057617
2004-01-20,24.96500015258789
2004-01-21,24.889999389648438
2004-01-22,24.665000915527344
2004-01-23,25.020000457763672
2004-01-26,25.094999313354492
2004-01-27,24.9950008392334
2004-01-28,24.69499969482422
2004-01-29,24.795000076293945
2004-01-30,24.6200008392334
2004-02-02,24.80500030517578
2004-02-03,24.915000915527344
2004-02-04,24.875
2004-02-05,25.190000534057617
2004-02-06,25.4950008392334
2004-02-09,26.200000762939453
2004-02-10,26.084999084472656
2004-02-11,25.899999618530273
2004-02-12,25.770000457763672
2004-02-13,25.56999969482422
2004-02-17,25.56999969482422
2004-02-18,25.6200008392334
2004-02-19,25.5
2004-02-20,25.469999313354492
2004-02-23,25.170000076293945
2004-02-24,24.889999389648438
2004-02-25,24.825000762939453
2004-02-26,24.915000915527344
2004-02-27,24.979999542236328
2004-03-01,24.809999465942383
2004-03-02,24.639999389648438
2004-03-03,24.56999969482422
2004-03-04,24.415000915527344
2004-03-05,25.049999237060547
2004-03-08,24.93000030517578
2004-03-09,25.09000015258789
2004-03-10,24.950000762939453
2004-03-11,24.09000015258789
2004-03-12,24.225000381469727
2004-03-15,23.854999542236328
2004-03-16,24.079999923706055
2004-03-17,24.440000534057617
2004-03-18,24.520000457763672
2004-03-19,24.389999389648438
2004-03-22,24.125
2004-03-23,24.065000534057617
2004-03-24,24.2450008392334
2004-03-25,24.3799991607666
2004-03-26,24.389999389648438
2004-03-29,24.700000762939453
2004-03-30,25.114999771118164
2004-03-31,25.149999618530273
2004-04-01,25.290000915527344
2004-04-02,25.46500015258789
2004-04-05,25.290000915527344
2004-04-06,25.434999465942383
2004-04-07,25.540000915527344
2004-04-08,25.6200008392334
2004-04-12,25.424999237060547
2004-04-13,25.44499969482422
2004-04-14,25.594999313354492
2004-04-15,25.600000381469727
2004-04-16,25.96500015258789
2004-04-19,26.5
2004-04-20,26.139999389648438
2004-04-21,26.065000534057617
2004-04-22,25.729999542236328
2004-04-23,25.524999618530273
2004-04-26,25.344999313354492
2004-04-27,25.354999542236328
2004-04-28,25.104999542236328
2004-04-29,25.229999542236328
2004-04-30,25.28499984741211
2004-05-03,25.309999465942383
2004-05-04,25.135000228881836
2004-05-05,25.545000076293945
2004-05-06,25.53499984741211
2004-05-07,25.3700008392334
2004-05-10,24.96500015258789
2004-05-11,25.024999618530273
2004-05-12,24.959999084472656
2004-05-13,24.80500030517578
2004-05-14,25.0
2004-05-17,24.905000686645508
2004-05-18,25.049999237060547
2004-05-19,24.68000030517578
2004-05-20,24.815000534057617
2004-05-21,24.690000534057617
2004-05-24,24.915000915527344
2004-05-25,25.19499969482422
2004-05-26,25.110000610351562
2004-05-27,25.65999984741211
2004-05-28,25.674999237060547
2004-06-01,25.53499984741211
2004-06-02,25.969999313354492
2004-06-03,25.885000228881836
2004-06-04,26.135000228881836
2004-06-07,26.354999542236328
2004-06-08,26.30500030517578
2004-06-09,25.8799991607666
2004-06-10,25.815000534057617
2004-06-14,25.690000534057617
2004-06-15,25.614999771118164
2004-06-16,25.594999313354492
2004-06-17,25.545000076293945
2004-06-18,25.69499969482422
2004-06-21,25.584999084472656
2004-06-22,25.510000228881836
2004-06-23,25.649999618530273
2004-06-24,25.520000457763672
2004-06-25,25.049999237060547
2004-06-28,25.19499969482422
2004-06-29,25.270000457763672
2004-06-30,25.239999771118164
2004-07-01,25.18000030517578
2004-07-02,25.264999389648438
2004-07-06,25.329999923706055
2004-07-07,25.209999084472656
2004-07-08,25.280000686645508
2004-07-09,25.510000228881836
2004-07-12,25.415000915527344
2004-07-13,25.329999923706055
2004-07-14,25.579999923706055
2004-07-15,25.420000076293945
2004-07-16,25.290000915527344
2004-07-19,25.170000076293945
2004-07-20,25.040000915527344
2004-07-21,24.600000381469727
2004-07-22,24.485000610351562
2004-07-23,22.584999084472656
2004-07-26,22.149999618530273
2004-07-27,21.875
2004-07-28,21.84000015258789
2004-07-29,21.530000686645508
2004-07-30,21.93000030517578
2004-08-02,22.104999542236328
2004-08-03,22.05500030517578
2004-08-04,22.100000381469727
2004-08-05,21.924999237060547
2004-08-06,21.75
2004-08-09,21.610000610351562
2004-08-10,21.729999542236328
2004-08-11,22.225000381469727
2004-08-12,21.920000076293945
2004-08-13,22.184999465942383
2004-08-16,22.260000228881836
2004-08-17,22.165000915527344
2004-08-18,22.28499984741211
2004-08-19,22.010000228881836
2004-08-20,22.104999542236328
2004-08-23,22.170000076293945
2004-08-24,22.010000228881836
2004-08-25,22.170000076293945
2004-08-26,22.229999542236328
2004-08-27,22.360000610351562
2004-08-30,22.174999237060547
2004-08-31,22.354999542236328
2004-09-01,22.31999969482422
2004-09-02,22.69499969482422
2004-09-03,22.7450008392334
2004-09-07,22.825000762939453
2004-09-08,21.725000381469727
2004-09-09,21.7549991607666
2004-09-10,21.479999542236328
2004-09-13,21.399999618530273
2004-09-14,21.434999465942383
2004-09-15,20.579999923706055
2004-09-16,20.020000457763672
2004-09-17,20.149999618530273
2004-09-20,20.219999313354492
2004-09-21,20.364999771118164
2004-09-22,20.209999084472656
2004-09-23,20.010000228881836
2004-09-24,19.9950008392334
2004-09-27,19.815000534057617
2004-09-28,19.9950008392334
2004-09-29,20.0049991607666
2004-09-30,20.024999618530273
2004-10-01,20.155000686645508
2004-10-04,20.375
2004-10-05,20.31999969482422
2004-10-06,20.450000762939453
2004-10-07,20.059999465942383
2004-10-08,20.0
2004-10-11,20.0049991607666
2004-10-12,19.889999389648438
2004-10-13,19.69499969482422
2004-10-14,19.575000762939453
2004-10-15,19.600000381469727
2004-10-18,19.6200008392334
2004-10-19,19.690000534057617
2004-10-20,19.725000381469727
2004-10-21,19.739999771118164
2004-10-22,19.450000762939453
2004-10-25,19.325000762939453
2004-10-26,19.649999618530273
2004-10-27,20.21500015258789
2004-10-28,20.2450008392334
2004-10-29,20.329999923706055
2004-11-01,20.264999389648438
2004-11-02,20.325000762939453
2004-11-03,20.424999237060547
2004-11-04,20.68000030517578
2004-11-05,20.700000762939453
2004-11-08,20.639999389648438
2004-11-09,20.6200008392334
2004-11-10,20.584999084472656
2004-11-11,20.479999542236328
2004-11-12,20.395000457763672
2004-11-15,20.290000915527344
2004-11-16,20.125
2004-11-17,20.139999389648438
2004-11-18,20.139999389648438
2004-11-19,19.864999771118164
2004-11-22,19.934999465942383
2004-11-23,19.854999542236328
2004-11-24,19.899999618530273
2004-11-26,19.93000030517578
2004-11-29,19.854999542236328
2004-11-30,19.655000686645508
2004-12-01,19.885000228881836
2004-12-02,20.209999084472656
2004-12-03,20.354999542236328
2004-12-06,20.19499969482422
2004-12-07,20.079999923706055
2004-12-08,20.19499969482422
2004-12-09,20.405000686645508
2004-12-10,20.264999389648438
2004-12-13,20.43000030517578
2004-12-14,20.649999618530273
2004-12-15,20.735000610351562
2004-12-16,20.565000534057617
2004-12-17,20.475000381469727
2004-12-20,20.475000381469727
2004-12-21,20.5
2004-12-22,20.790000915527344
2004-12-23,20.7549991607666
2004-12-27,20.825000762939453
2004-12-28,20.924999237060547
2004-12-29,20.780000686645508
2004-12-30,20.825000762939453
2004-12-31,20.81999969482422
2005-01-03,20.770000457763672
2005-01-04,20.479999542236328
2005-01-05,20.385000228881836
2005-01-06,20.55500030517578
2005-01-07,20.579999923706055
2005-01-10,20.69499969482422
2005-01-11,20.579999923706055
2005-01-12,20.579999923706055
2005-01-13,20.3700008392334
2005-01-14,20.485000610351562
2005-01-18,20.625
2005-01-19,20.549999237060547
2005-01-20,20.665000915527344
2005-01-21,20.454999923706055
2005-01-24,20.479999542236328
2005-01-25,20.6200008392334
2005-01-26,20.84000015258789
2005-01-27,20.8799991607666
2005-01-28,20.7450008392334
2005-01-31,20.7450008392334
2005-02-01,20.709999084472656
2005-02-02,20.959999084472656
2005-02-03,20.8700008392334
2005-02-04,21.235000610351562
2005-02-07,21.2450008392334
2005-02-08,21.325000762939453
2005-02-09,21.3799991607666
2005-02-10,21.25
2005-02-11,21.3799991607666
2005-02-14,21.43000030517578
2005-02-15,21.325000762939453
2005-02-16,21.649999618530273
2005-02-17,21.5
2005-02-18,21.479999542236328
2005-02-22,21.395000457763672
2005-02-23,21.290000915527344
2005-02-24,21.329999923706055
2005-02-25,21.510000228881836
2005-02-28,21.399999618530273
2005-03-01,21.635000228881836
2005-03-02,21.520000457763672
2005-03-03,21.59000015258789
2005-03-04,21.81999969482422
2005-03-07,21.860000610351562
2005-03-08,21.709999084472656
2005-03-09,21.604999542236328
2005-03-10,21.53499984741211
2005-03-11,21.239999771118164
2005-03-14,21.170000076293945
2005-03-15,21.1200008392334
2005-03-16,20.969999313354492
2005-03-17,21.0
2005-03-18,20.729999542236328
2005-03-21,20.799999237060547
2005-03-22,20.700000762939453
2005-03-23,20.59000015258789
2005-03-24,20.600000381469727
2005-03-28,20.559999465942383
2005-03-29,20.69499969482422
2005-03-30,20.975000381469727
2005-03-31,20.834999084472656
2005-04-01,20.690000534057617
2005-04-04,20.735000610351562
2005-04-05,20.93000030517578
2005-04-06,20.854999542236328
2005-04-07,21.059999465942383
2005-04-08,21.049999237060547
2005-04-11,20.934999465942383
2005-04-12,21.165000915527344
2005-04-13,21.049999237060547
2005-04-14,21.03499984741211
2005-04-15,20.645000457763672
2005-04-18,20.485000610351562
2005-04-19,21.200000762939453
2005-04-20,20.940000534057617
2005-04-21,20.989999771118164
2005-04-22,21.065000534057617
2005-04-25,21.34000015258789
2005-04-26,21.479999542236328
2005-04-27,21.40999984741211
2005-04-28,21.344999313354492
2005-04-29,21.719999313354492
2005-05-02,21.78499984741211
2005-05-03,21.8799991607666
2005-05-04,21.96500015258789
2005-05-05,22.075000762939453
2005-05-06,22.094999313354492
2005-05-09,22.28499984741211
2005-05-10,22.114999771118164
2005-05-11,22.135000228881836
2005-05-12,22.084999084472656
2005-05-13,22.05500030517578
2005-05-16,22.1299991607666
2005-05-17,22.200000762939453
2005-05-18,22.459999084472656
2005-05-19,22.625
2005-05-20,22.524999618530273
2005-05-23,22.485000610351562
2005-05-24,22.510000228881836
2005-05-25,22.450000762939453
2005-05-26,22.44499969482422
2005-05-27,22.46500015258789
2005-05-31,22.315000534057617
2005-06-01,22.295000076293945
2005-06-02,22.389999389648438
2005-06-03,22.114999771118164
2005-06-06,21.985000610351562
2005-06-07,22.05500030517578
2005-06-08,21.950000762939453
2005-06-09,21.825000762939453
2005-06-10,21.975000381469727
2005-06-13,21.795000076293945
2005-06-14,21.864999771118164
2005-06-15,21.81999969482422
2005-06-16,21.889999389648438
2005-06-17,22.024999618530273
2005-06-20,21.954999923706055
2005-06-21,21.84000015258789
2005-06-22,21.71500015258789
2005-06-23,21.53499984741211
2005-06-24,21.100000381469727
2005-06-27,21.165000915527344
2005-06-28,21.434999465942383
2005-06-29,21.350000381469727
2005-06-30,20.875
2005-07-01,21.104999542236328
2005-07-05,21.200000762939453
2005-07-06,20.975000381469727
2005-07-07,20.8799991607666
2005-07-08,21.364999771118164
2005-07-11,21.385000228881836
2005-07-12,21.40999984741211
2005-07-13,21.46500015258789
2005-07-14,21.59000015258789
2005-07-15,21.540000915527344
2005-07-18,21.46500015258789
2005-07-19,21.665000915527344
2005-07-20,21.665000915527344
2005-07-21,21.975000381469727
2005-07-22,22.014999389648438
2005-07-25,21.825000762939453
2005-07-26,21.844999313354492
2005-07-27,22.0049991607666
2005-07-28,22.19499969482422
2005-07-29,21.8799991607666
2005-08-01,21.934999465942383
2005-08-02,22.139999389648438
2005-08-03,22.334999084472656
2005-08-04,22.18000030517578
2005-08-05,22.030000686645508
2005-08-08,21.834999084472656
2005-08-09,22.049999237060547
2005-08-10,21.950000762939453
2005-08-11,22.05500030517578
2005-08-12,21.790000915527344
2005-08-15,21.770000457763672
2005-08-16,21.649999618530273
2005-08-17,21.655000686645508
2005-08-18,21.764999389648438
2005-08-19,22.19499969482422
2005-08-22,22.135000228881836
2005-08-23,22.094999313354492
2005-08-24,21.915000915527344
2005-08-25,21.905000686645508
2005-08-26,21.78499984741211
2005-08-29,22.0
2005-08-30,21.69499969482422
2005-08-31,22.0
2005-09-01,21.940000534057617
2005-09-02,21.950000762939453
2005-09-06,22.260000228881836
2005-09-07,22.325000762939453
2005-09-08,22.139999389648438
2005-09-09,22.024999618530273
2005-09-12,22.125
2005-09-13,21.829999923706055
2005-09-14,21.760000228881836
2005-09-15,21.815000534057617
2005-09-16,21.700000762939453
2005-09-19,21.68000030517578
2005-09-20,21.450000762939453
2005-09-21,21.125
2005-09-22,21.110000610351562
2005-09-23,21.174999237060547
2005-09-26,21.184999465942383
2005-09-27,21.165000915527344
2005-09-28,21.434999465942383
2005-09-29,21.549999237060547
2005-09-30,21.594999313354492
2005-10-03,21.604999542236328
2005-10-04,21.520000457763672
2005-10-05,21.309999465942383
2005-10-06,21.354999542236328
2005-10-07,21.100000381469727
2005-10-10,20.989999771118164
2005-10-11,20.829999923706055
2005-10-12,20.860000610351562
2005-10-13,20.860000610351562
2005-10-14,21.03499984741211
2005-10-17,21.045000076293945
2005-10-18,20.875
2005-10-19,20.899999618530273
2005-10-20,21.049999237060547
2005-10-21,20.96500015258789
2005-10-24,21.200000762939453
2005-10-25,21.229999542236328
2005-10-26,21.170000076293945
2005-10-27,21.075000762939453
2005-10-28,21.415000915527344
2005-10-31,21.389999389648438
2005-11-01,21.325000762939453
2005-11-02,21.274999618530273
2005-11-03,21.290000915527344
2005-11-04,21.149999618530273
2005-11-07,21.204999923706055
2005-11-08,21.06999969482422
2005-11-09,21.09000015258789
2005-11-10,21.260000228881836
2005-11-11,21.3799991607666
2005-11-14,21.290000915527344
2005-11-15,21.229999542236328
2005-11-16,21.06999969482422
2005-11-17,20.934999465942383
2005-11-18,21.100000381469727
2005-11-21,21.075000762939453
2005-11-22,21.170000076293945
2005-11-23,21.325000762939453
2005-11-25,21.399999618530273
2005-11-28,21.389999389648438
2005-11-29,21.524999618530273
2005-11-30,21.344999313354492
2005-12-01,21.420000076293945
2005-12-02,21.40999984741211
2005-12-05,21.325000762939453
2005-12-06,21.270000457763672
2005-12-07,21.100000381469727
2005-12-08,20.940000534057617
2005-12-09,20.7549991607666
2005-12-12,20.575000762939453
2005-12-13,20.479999542236328
2005-12-14,20.545000076293945
2005-12-15,20.579999923706055
2005-12-16,20.604999542236328
2005-12-19,20.709999084472656
2005-12-20,20.610000610351562
2005-12-21,20.604999542236328
2005-12-22,20.639999389648438
2005-12-23,20.575000762939453
2005-12-27,20.485000610351562
2005-12-28,20.389999389648438
2005-12-29,20.299999237060547
2005-12-30,20.155000686645508
2006-01-03,20.450000762939453
2006-01-04,20.40999984741211
2006-01-05,20.510000228881836
2006-01-06,20.704999923706055
2006-01-09,20.80500030517578
2006-01-10,20.825000762939453
2006-01-11,20.834999084472656
2006-01-12,20.719999313354492
2006-01-13,20.655000686645508
2006-01-17,20.514999389648438
2006-01-18,20.40999984741211
2006-01-19,20.46500015258789
2006-01-20,20.045000076293945
2006-01-23,20.25
2006-01-24,20.450000762939453
2006-01-25,20.56999969482422
2006-01-26,20.739999771118164
2006-01-27,20.985000610351562
2006-01-30,20.875
2006-01-31,20.690000534057617
2006-02-01,20.75
2006-02-02,20.614999771118164
2006-02-03,20.440000534057617
2006-02-06,20.469999313354492
2006-02-07,20.514999389648438
2006-02-08,20.614999771118164
2006-02-09,20.5
2006-02-10,20.579999923706055
2006-02-13,20.3700008392334
2006-02-14,20.670000076293945
2006-02-15,20.670000076293945
2006-02-16,20.795000076293945
2006-02-17,20.895000457763672
2006-02-21,20.924999237060547
2006-02-22,21.040000915527344
2006-02-23,21.014999389648438
2006-02-24,21.114999771118164
2006-02-27,21.264999389648438
2006-02-28,20.985000610351562
2006-03-01,21.155000686645508
2006-03-02,20.954999923706055
2006-03-03,20.899999618530273
2006-03-06,20.975000381469727
2006-03-07,20.899999618530273
2006-03-08,21.114999771118164
2006-03-09,21.200000762939453
2006-03-10,21.385000228881836
2006-03-13,21.2450008392334
2006-03-14,21.395000457763672
2006-03-15,21.364999771118164
2006-03-16,21.344999313354492
2006-03-17,21.395000457763672
2006-03-20,21.44499969482422
2006-03-21,21.375
2006-03-22,21.385000228881836
2006-03-23,21.204999923706055
2006-03-24,21.329999923706055
2006-03-27,21.19499969482422
2006-03-28,21.079999923706055
2006-03-29,21.079999923706055
2006-03-30,21.059999465942383
2006-03-31,20.934999465942383
2006-04-03,20.934999465942383
2006-04-04,21.040000915527344
2006-04-05,20.975000381469727
2006-04-06,20.844999313354492
2006-04-07,20.674999237060547
2006-04-10,20.739999771118164
2006-04-11,20.645000457763672
2006-04-12,20.575000762939453
2006-04-13,20.6299991607666
2006-04-17,20.520000457763672
2006-04-18,20.649999618530273
2006-04-19,20.844999313354492
2006-04-20,20.905000686645508
2006-04-21,20.924999237060547
2006-04-24,20.780000686645508
2006-04-25,20.674999237060547
2006-04-26,20.860000610351562
2006-04-27,21.024999618530273
2006-04-28,20.979999542236328
2006-05-01,20.985000610351562
2006-05-02,21.1200008392334
2006-05-03,20.959999084472656
2006-05-04,21.040000915527344
2006-05-05,21.354999542236328
2006-05-08,21.684999465942383
2006-05-09,21.834999084472656
2006-05-10,21.790000915527344
2006-05-11,21.690000534057617
2006-05-12,21.59000015258789
2006-05-15,21.969999313354492
2006-05-16,21.920000076293945
2006-05-17,21.774999618530273
2006-05-18,21.774999618530273
2006-05-19,21.825000762939453
2006-05-22,21.799999237060547
2006-05-23,21.790000915527344
2006-05-24,22.014999389648438
2006-05-25,22.184999465942383
2006-05-26,22.2450008392334
2006-05-30,21.834999084472656
2006-05-31,22.014999389648438
2006-06-01,21.959999084472656
2006-06-02,21.94499969482422
2006-06-05,21.71500015258789
2006-06-06,21.75
2006-06-07,21.690000534057617
2006-06-08,21.69499969482422
2006-06-09,21.774999618530273
2006-06-12,21.655000686645508
2006-06-13,21.454999923706055
2006-06-14,21.405000686645508
2006-06-15,21.520000457763672
2006-06-16,21.604999542236328
2006-06-19,21.46500015258789
2006-06-20,21.399999618530273
2006-06-21,21.5049991607666
2006-06-22,21.434999465942383
2006-06-23,21.375
2006-06-26,21.415000915527344
2006-06-27,21.2549991607666
2006-06-28,21.209999084472656
2006-06-29,21.530000686645508
2006-06-30,21.510000228881836
2006-07-03,21.684999465942383
2006-07-05,21.510000228881836
2006-07-06,21.665000915527344
2006-07-07,21.59000015258789
2006-07-10,21.815000534057617
2006-07-11,21.905000686645508
2006-07-12,21.78499984741211
2006-07-13,21.549999237060547
2006-07-14,21.325000762939453
2006-07-17,21.350000381469727
2006-07-18,21.774999618530273
2006-07-19,21.90999984741211
2006-07-20,21.920000076293945
2006-07-21,21.950000762939453
2006-07-24,22.0
2006-07-25,22.125
2006-07-26,22.225000381469727
2006-07-27,22.155000686645508
2006-07-28,22.260000228881836
2006-07-31,22.25
2006-08-01,22.155000686645508
2006-08-02,22.155000686645508
2006-08-03,22.010000228881836
2006-08-04,21.924999237060547
2006-08-07,21.80500030517578
2006-08-08,21.905000686645508
2006-08-09,21.875
2006-08-10,21.950000762939453
2006-08-11,21.8799991607666
2006-08-14,21.9950008392334
2006-08-15,22.15999984741211
2006-08-16,22.165000915527344
2006-08-17,22.09000015258789
2006-08-18,22.155000686645508
2006-08-21,22.094999313354492
2006-08-22,22.204999923706055
2006-08-23,22.15999984741211
2006-08-24,22.2549991607666
2006-08-25,22.260000228881836
2006-08-28,22.354999542236328
2006-08-29,22.56999969482422
2006-08-30,22.479999542236328
2006-08-31,22.405000686645508
2006-09-01,22.53499984741211
2006-09-05,22.489999771118164
2006-09-06,22.350000381469727
2006-09-07,22.2450008392334
2006-09-08,22.299999237060547
2006-09-11,22.274999618530273
2006-09-12,22.389999389648438
2006-09-13,22.30500030517578
2006-09-14,22.290000915527344
2006-09-15,22.299999237060547
2006-09-18,22.219999313354492
2006-09-19,22.190000534057617
2006-09-20,22.225000381469727
2006-09-21,22.100000381469727
2006-09-22,21.9950008392334
2006-09-25,22.200000762939453
2006-09-26,22.31999969482422
2006-09-27,22.354999542236328
2006-09-28,22.475000381469727
2006-09-29,22.34000015258789
2006-10-02,22.25
2006-10-03,22.280000686645508
2006-10-04,22.399999618530273
2006-10-05,22.415000915527344
2006-10-06,22.3799991607666
2006-10-09,22.209999084472656
2006-10-10,22.030000686645508
2006-10-11,22.059999465942383
2006-10-12,22.024999618530273
2006-10-13,22.010000228881836
2006-10-16,22.125
2006-10-17,21.895000457763672
2006-10-18,21.979999542236328
2006-10-19,22.454999923706055
2006-10-20,23.375
2006-10-23,23.639999389648438
2006-10-24,23.514999389648438
2006-10-25,23.594999313354492
2006-10-26,23.56999969482422
2006-10-27,23.434999465942383
2006-10-30,23.3799991607666
2006-10-31,23.360000610351562
2006-11-01,23.31999969482422
2006-11-02,23.354999542236328
2006-11-03,23.25
2006-11-06,23.405000686645508
2006-11-07,23.459999084472656
2006-11-08,23.440000534057617
2006-11-09,23.325000762939453
2006-11-10,23.235000610351562
2006-11-13,23.204999923706055
2006-11-14,23.274999618530273
2006-11-15,23.325000762939453
2006-11-16,23.56999969482422
2006-11-17,23.6299991607666
2006-11-20,23.520000457763672
2006-11-21,23.4950008392334
2006-11-22,23.549999237060547
2006-11-24,23.459999084472656
2006-11-27,23.274999618530273
2006-11-28,23.34000015258789
2006-11-29,23.31999969482422
2006-11-30,23.415000915527344
2006-12-01,23.28499984741211
2006-12-04,23.415000915527344
2006-12-05,24.0
2006-12-06,24.190000534057617
2006-12-07,24.360000610351562
2006-12-08,24.454999923706055
2006-12-11,24.405000686645508
2006-12-12,24.450000762939453
2006-12-13,24.420000076293945
2006-12-14,24.5
2006-12-15,24.46500015258789
2006-12-18,24.450000762939453
2006-12-19,24.385000228881836
2006-12-20,24.375
2006-12-21,24.329999923706055
2006-12-22,24.190000534057617
2006-12-26,24.274999618530273
2006-12-27,24.344999313354492
2006-12-28,24.270000457763672
2006-12-29,24.125
2007-01-03,24.290000915527344
2007-01-04,24.299999237060547
2007-01-05,24.1299991607666
2007-01-08,24.28499984741211
2007-01-09,24.30500030517578
2007-01-10,24.34000015258789
2007-01-11,24.3700008392334
2007-01-12,24.274999618530273
2007-01-16,24.25
2007-01-17,24.299999237060547
2007-01-18,24.174999237060547
2007-01-19,24.1299991607666
2007-01-22,24.014999389648438
2007-01-23,24.059999465942383
2007-01-24,24.065000534057617
2007-01-25,23.969999313354492
2007-01-26,23.915000915527344
2007-01-29,23.854999542236328
2007-01-30,23.905000686645508
2007-01-31,23.940000534057617
2007-02-01,24.049999237060547
2007-02-02,24.1200008392334
2007-02-05,23.950000762939453
2007-02-06,24.024999618530273
2007-02-07,24.014999389648438
2007-02-08,23.93000030517578
2007-02-09,23.8799991607666
2007-02-12,23.959999084472656
2007-02-13,24.104999542236328
2007-02-14,23.940000534057617
2007-02-15,23.924999237060547
2007-02-16,23.934999465942383
2007-02-20,23.889999389648438
2007-02-21,23.78499984741211
2007-02-22,23.649999618530273
2007-02-23,23.6299991607666
2007-02-26,23.860000610351562
2007-02-27,23.19499969482422
2007-02-28,23.34000015258789
2007-03-01,23.260000228881836
2007-03-02,22.94499969482422
2007-03-05,23.145000457763672
2007-03-06,23.46500015258789
2007-03-07,23.375
2007-03-08,23.575000762939453
2007-03-09,23.78499984741211
2007-03-12,23.975000381469727
2007-03-13,23.530000686645508
2007-03-14,23.520000457763672
2007-03-15,23.540000915527344
2007-03-16,23.604999542236328
2007-03-19,23.665000915527344
2007-03-20,23.809999465942383
2007-03-21,24.1299991607666
2007-03-22,24.125
2007-03-23,24.024999618530273
2007-03-26,24.075000762939453
2007-03-27,24.010000228881836
2007-03-28,23.954999923706055
2007-03-29,24.05500030517578
2007-03-30,24.0
2007-04-02,24.260000228881836
2007-04-03,24.4950008392334
2007-04-04,24.729999542236328
2007-04-05,24.760000228881836
2007-04-09,24.815000534057617
2007-04-10,25.040000915527344
2007-04-11,24.81999969482422
2007-04-12,24.834999084472656
2007-04-13,24.940000534057617
2007-04-16,25.135000228881836
2007-04-17,25.78499984741211
2007-04-18,25.829999923706055
2007-04-19,25.875
2007-04-20,26.045000076293945
2007-04-23,25.825000762939453
2007-04-24,25.854999542236328
2007-04-25,25.8700008392334
2007-04-26,26.040000915527344
2007-04-27,26.030000686645508
2007-04-30,26.094999313354492
2007-05-01,26.315000534057617
2007-05-02,26.354999542236328
2007-05-03,26.454999923706055
2007-05-04,26.604999542236328
2007-05-07,26.80500030517578
2007-05-08,26.53499984741211
2007-05-09,26.55500030517578
2007-05-10,26.239999771118164
2007-05-11,26.344999313354492
2007-05-14,26.299999237060547
2007-05-15,26.229999542236328
2007-05-16,26.3700008392334
2007-05-17,26.100000381469727
2007-05-18,26.315000534057617
2007-05-21,25.954999923706055
2007-05-22,25.739999771118164
2007-05-23,25.665000915527344
2007-05-24,25.6200008392334
2007-05-25,25.94499969482422
2007-05-29,26.09000015258789
2007-05-30,26.524999618530273
2007-05-31,26.4950008392334
2007-06-01,26.399999618530273
2007-06-04,26.334999084472656
2007-06-05,26.15999984741211
2007-06-06,26.0
2007-06-07,25.690000534057617
2007-06-08,25.834999084472656
2007-06-11,25.815000534057617
2007-06-12,25.56999969482422
2007-06-13,25.68000030517578
2007-06-14,25.655000686645508
2007-06-15,25.790000915527344
2007-06-18,25.8799991607666
2007-06-19,25.69499969482422
2007-06-20,25.7450008392334
2007-06-21,26.045000076293945
2007-06-22,25.809999465942383
2007-06-25,25.885000228881836
2007-06-26,25.975000381469727
2007-06-27,26.219999313354492
2007-06-28,26.315000534057617
2007-06-29,26.155000686645508
2007-07-02,26.280000686645508
2007-07-03,26.450000762939453
2007-07-05,26.334999084472656
2007-07-06,26.299999237060547
2007-07-09,26.350000381469727
2007-07-10,26.049999237060547
2007-07-11,26.045000076293945
2007-07-12,26.315000534057617
2007-07-13,26.55500030517578
2007-07-16,26.924999237060547
2007-07-17,26.584999084472656
2007-07-18,26.71500015258789
2007-07-19,26.850000381469727
2007-07-20,26.604999542236328
2007-07-23,26.81999969482422
2007-07-24,26.610000610351562
2007-07-25,27.024999618530273
2007-07-26,26.489999771118164
2007-07-27,26.139999389648438
2007-07-30,26.19499969482422
2007-07-31,26.05500030517578
2007-08-01,26.635000228881836
2007-08-02,26.829999923706055
2007-08-03,26.639999389648438
2007-08-06,27.114999771118164
2007-08-07,27.229999542236328
2007-08-08,27.93000030517578
2007-08-09,27.924999237060547
2007-08-10,27.489999771118164
2007-08-13,27.260000228881836
2007-08-14,27.06999969482422
2007-08-15,26.915000915527344
2007-08-16,26.790000915527344
2007-08-17,27.225000381469727
2007-08-20,27.260000228881836
2007-08-21,27.014999389648438
2007-08-22,26.975000381469727
2007-08-23,26.989999771118164
2007-08-24,27.0
2007-08-27,27.0049991607666
2007-08-28,26.6299991607666
2007-08-29,26.7549991607666
2007-08-30,26.700000762939453
2007-08-31,26.889999389648438
2007-09-04,27.184999465942383
2007-09-05,26.844999313354492
2007-09-06,27.329999923706055
2007-09-07,27.295000076293945
2007-09-10,27.28499984741211
2007-09-11,27.829999923706055
2007-09-12,27.920000076293945
2007-09-13,27.934999465942383
2007-09-14,28.200000762939453
2007-09-17,27.639999389648438
2007-09-18,28.204999923706055
2007-09-19,28.309999465942383
2007-09-20,28.155000686645508
2007-09-21,28.274999618530273
2007-09-24,28.350000381469727
2007-09-25,28.510000228881836
2007-09-26,28.674999237060547
2007-09-27,28.665000915527344
2007-09-28,28.735000610351562
2007-10-01,28.950000762939453
2007-10-02,28.959999084472656
2007-10-03,28.78499984741211
2007-10-04,28.934999465942383
2007-10-05,29.03499984741211
2007-10-08,28.899999618530273
2007-10-09,28.940000534057617
2007-10-10,28.934999465942383
2007-10-11,28.594999313354492
2007-10-12,28.899999618530273
2007-10-15,28.81999969482422
2007-10-16,28.8799991607666
2007-10-17,29.545000076293945
2007-10-18,29.68000030517578
2007-10-19,29.3799991607666
2007-10-22,29.625
2007-10-23,29.875
2007-10-24,30.09000015258789
2007-10-25,30.649999618530273
2007-10-26,30.78499984741211
2007-10-29,30.920000076293945
2007-10-30,30.864999771118164
2007-10-31,30.8799991607666
2007-11-01,30.450000762939453
2007-11-02,30.2549991607666
2007-11-05,30.170000076293945
2007-11-06,30.5049991607666
2007-11-07,29.979999542236328
2007-11-08,30.735000610351562
2007-11-09,30.415000915527344
2007-11-12,29.93000030517578
2007-11-13,30.520000457763672
2007-11-14,30.68000030517578
2007-11-15,30.975000381469727
2007-11-16,31.309999465942383
2007-11-19,31.149999618530273
2007-11-20,31.395000457763672
2007-11-21,31.125
2007-11-23,31.149999618530273
2007-11-26,30.864999771118164
2007-11-27,31.489999771118164
2007-11-28,31.4950008392334
2007-11-29,31.395000457763672
2007-11-30,31.049999237060547
2007-12-03,31.100000381469727
2007-12-04,31.375
2007-12-05,31.524999618530273
2007-12-06,31.53499984741211
2007-12-07,31.575000762939453
2007-12-10,31.635000228881836
2007-12-11,31.485000610351562
2007-12-12,31.885000228881836
2007-12-13,32.04499816894531
2007-12-14,31.905000686645508
2007-12-17,31.235000610351562
2007-12-18,31.110000610351562
2007-12-19,31.424999237060547
2007-12-20,31.139999389648438
2007-12-21,31.53499984741211
2007-12-24,31.604999542236328
2007-12-26,31.5049991607666
2007-12-27,31.149999618530273
2007-12-28,31.135000228881836
2007-12-31,30.684999465942383
2008-01-02,30.545000076293945
2008-01-03,30.864999771118164
2008-01-04,30.924999237060547
2008-01-07,31.655000686645508
2008-01-08,31.78499984741211
2008-01-09,32.6349983215332
2008-01-10,32.779998779296875
2008-01-11,31.885000228881836
2008-01-14,32.150001525878906
2008-01-15,31.80500030517578
2008-01-16,31.325000762939453
2008-01-17,31.020000457763672
2008-01-18,30.3700008392334
2008-01-22,29.395000457763672
2008-01-23,29.434999465942383
2008-01-24,29.940000534057617
2008-01-25,29.204999923706055
2008-01-28,29.704999923706055
2008-01-29,29.274999618530273
2008-01-30,28.885000228881836
2008-01-31,29.5
2008-02-01,29.6299991607666
2008-02-04,29.315000534057617
2008-02-05,28.700000762939453
2008-02-06,28.854999542236328
2008-02-07,29.225000381469727
2008-02-08,29.625
2008-02-11,29.75
2008-02-12,29.959999084472656
2008-02-13,29.69499969482422
2008-02-14,29.274999618530273
2008-02-15,29.3799991607666
2008-02-19,29.049999237060547
2008-02-20,29.114999771118164
2008-02-21,28.9950008392334
2008-02-22,29.1299991607666
2008-02-25,29.385000228881836
2008-02-26,29.760000228881836
2008-02-27,30.024999618530273
2008-02-28,29.729999542236328
2008-02-29,29.229999542236328
2008-03-03,29.510000228881836
2008-03-04,29.684999465942383
2008-03-05,29.84000015258789
2008-03-06,29.549999237060547
2008-03-07,29.424999237060547
2008-03-10,29.329999923706055
2008-03-11,29.735000610351562
2008-03-12,29.594999313354492
2008-03-13,29.46500015258789
2008-03-14,28.764999389648438
2008-03-17,28.844999313354492
2008-03-18,29.704999923706055
2008-03-19,29.979999542236328
2008-03-20,30.520000457763672
2008-03-24,30.59000015258789
2008-03-25,30.704999923706055
2008-03-26,30.575000762939453
2008-03-27,30.655000686645508
2008-03-28,30.469999313354492
2008-03-31,30.434999465942383
2008-04-01,30.719999313354492
2008-04-02,30.229999542236328
2008-04-03,30.280000686645508
2008-04-04,30.125
2008-04-07,30.184999465942383
2008-04-08,30.2549991607666
2008-04-09,30.389999389648438
2008-04-10,30.665000915527344
2008-04-11,30.145000457763672
2008-04-14,30.5
2008-04-15,30.469999313354492
2008-04-16,30.575000762939453
2008-04-17,30.34000015258789
2008-04-18,30.05500030517578
2008-04-21,30.174999237060547
2008-04-22,29.94499969482422
2008-04-23,30.15999984741211
2008-04-24,30.125
2008-04-25,29.665000915527344
2008-04-28,29.489999771118164
2008-04-29,29.360000610351562
2008-04-30,29.434999465942383
2008-05-01,29.545000076293945
2008-05-02,29.385000228881836
2008-05-05,29.190000534057617
2008-05-06,29.135000228881836
2008-05-07,28.514999389648438
2008-05-08,28.145000457763672
2008-05-09,28.075000762939453
2008-05-12,28.200000762939453
2008-05-13,28.25
2008-05-14,28.270000457763672
2008-05-15,28.5049991607666
2008-05-16,28.53499984741211
2008-05-19,28.760000228881836
2008-05-20,28.545000076293945
2008-05-21,28.325000762939453
2008-05-22,29.135000228881836
2008-05-23,29.315000534057617
2008-05-27,29.295000076293945
2008-05-28,28.719999313354492
2008-05-29,28.934999465942383
2008-05-30,28.6299991607666
2008-06-02,28.5
2008-06-03,28.200000762939453
2008-06-04,28.350000381469727
2008-06-05,28.594999313354492
2008-06-06,27.899999618530273
2008-06-09,27.93000030517578
2008-06-10,29.0049991607666
2008-06-11,28.56999969482422
2008-06-12,28.56999969482422
2008-06-13,27.709999084472656
2008-06-16,27.09000015258789
2008-06-17,26.979999542236328
2008-06-18,26.579999923706055
2008-06-19,26.68000030517578
2008-06-20,26.829999923706055
2008-06-23,26.6299991607666
2008-06-24,26.684999465942383
2008-06-25,27.049999237060547
2008-06-26,26.610000610351562
2008-06-27,25.920000076293945
2008-06-30,25.989999771118164
2008-07-01,25.5
2008-07-02,25.684999465942383
2008-07-03,25.739999771118164
2008-07-07,25.645000457763672
2008-07-08,25.735000610351562
2008-07-09,25.44499969482422
2008-07-10,25.020000457763672
2008-07-11,25.135000228881836
2008-07-14,25.479999542236328
2008-07-15,25.895000457763672
2008-07-16,26.170000076293945
2008-07-17,25.170000076293945
2008-07-18,25.014999389648438
2008-07-21,24.799999237060547
2008-07-22,25.674999237060547
2008-07-23,26.25
2008-07-24,25.93000030517578
2008-07-25,26.030000686645508
2008-07-28,25.575000762939453
2008-07-29,25.78499984741211
2008-07-30,25.655000686645508
2008-07-31,25.75
2008-08-01,26.56999969482422
2008-08-04,26.950000762939453
2008-08-05,27.454999923706055
2008-08-06,27.68000030517578
2008-08-07,27.0049991607666
2008-08-08,27.704999923706055
2008-08-11,27.674999237060547
2008-08-12,27.395000457763672
2008-08-13,27.604999542236328
2008-08-14,27.510000228881836
2008-08-15,27.530000686645508
2008-08-18,27.165000915527344
2008-08-19,27.165000915527344
2008-08-20,27.174999237060547
2008-08-21,26.7549991607666
2008-08-22,27.184999465942383
2008-08-25,26.78499984741211
2008-08-26,26.760000228881836
2008-08-27,26.895000457763672
2008-08-28,26.559999465942383
2008-08-29,26.03499984741211
2008-09-02,25.979999542236328
2008-09-03,25.829999923706055
2008-09-04,25.854999542236328
2008-09-05,25.96500015258789
2008-09-08,26.690000534057617
2008-09-09,26.940000534057617
2008-09-10,26.905000686645508
2008-09-11,27.075000762939453
2008-09-12,27.25
2008-09-15,27.375
2008-09-16,27.424999237060547
2008-09-17,26.329999923706055
2008-09-18,26.69499969482422
2008-09-19,26.360000610351562
2008-09-22,25.690000534057617
2008-09-23,25.34000015258789
2008-09-24,25.094999313354492
2008-09-25,25.729999542236328
2008-09-26,26.239999771118164
2008-09-29,25.514999389648438
2008-09-30,26.440000534057617
2008-10-01,27.079999923706055
2008-10-02,26.799999237060547
2008-10-03,26.28499984741211
2008-10-06,25.459999084472656
2008-10-07,24.649999618530273
2008-10-08,23.704999923706055
2008-10-09,21.649999618530273
2008-10-10,20.75
2008-10-13,23.6299991607666
2008-10-14,21.864999771118164
2008-10-15,22.104999542236328
2008-10-16,22.889999389648438
2008-10-17,22.100000381469727
2008-10-20,23.229999542236328
2008-10-21,23.014999389648438
2008-10-22,22.690000534057617
2008-10-23,21.530000686645508
2008-10-24,20.80500030517578
2008-10-27,20.5049991607666
2008-10-28,22.625
2008-10-29,21.924999237060547
2008-10-30,22.329999923706055
2008-10-31,22.030000686645508
2008-11-03,22.725000381469727
2008-11-04,23.014999389648438
2008-11-05,22.364999771118164
2008-11-06,22.2450008392334
2008-11-07,23.125
2008-11-10,22.950000762939453
2008-11-11,22.219999313354492
2008-11-12,21.915000915527344
2008-11-13,23.139999389648438
2008-11-14,22.510000228881836
2008-11-17,21.985000610351562
2008-11-18,21.7450008392334
2008-11-19,21.135000228881836
2008-11-20,20.53499984741211
2008-11-21,22.0
2008-11-24,22.614999771118164
2008-11-25,22.53499984741211
2008-11-26,22.690000534057617
2008-11-28,23.434999465942383
2008-12-01,22.165000915527344
2008-12-02,21.96500015258789
2008-12-03,23.06999969482422
2008-12-04,22.375
2008-12-05,22.989999771118164
2008-12-08,22.989999771118164
2008-12-09,22.415000915527344
2008-12-10,22.655000686645508
2008-12-11,22.110000610351562
2008-12-12,22.28499984741211
2008-12-15,22.485000610351562
2008-12-16,23.229999542236328
2008-12-17,22.739999771118164
2008-12-18,22.59000015258789
2008-12-19,22.21500015258789
2008-12-22,22.329999923706055
2008-12-23,21.985000610351562
2008-12-24,22.049999237060547
2008-12-26,22.290000915527344
2008-12-29,22.204999923706055
2008-12-30,22.46500015258789
2008-12-31,22.635000228881836
2009-01-02,22.950000762939453
2009-01-05,22.719999313354492
2009-01-06,22.354999542236328
2009-01-07,22.46500015258789
2009-01-08,22.6200008392334
2009-01-09,22.299999237060547
2009-01-12,21.864999771118164
2009-01-13,22.010000228881836
2009-01-14,21.309999465942383
2009-01-15,21.68000030517578
2009-01-16,21.920000076293945
2009-01-20,21.440000534057617
2009-01-21,21.645000457763672
2009-01-22,21.559999465942383
2009-01-23,21.100000381469727
2009-01-26,21.514999389648438
2009-01-27,21.665000915527344
2009-01-28,21.93000030517578
2009-01-29,21.774999618530273
2009-01-30,21.360000610351562
2009-02-02,21.1200008392334
2009-02-03,21.65999984741211
2009-02-04,21.200000762939453
2009-02-05,21.344999313354492
2009-02-06,21.774999618530273
2009-02-09,21.155000686645508
2009-02-10,20.334999084472656
2009-02-11,20.635000228881836
2009-02-12,22.19499969482422
2009-02-13,21.924999237060547
2009-02-17,21.299999237060547
2009-02-18,21.34000015258789
2009-02-19,21.649999618530273
2009-02-20,21.420000076293945
2009-02-23,21.045000076293945
2009-02-24,21.530000686645508
2009-02-25,21.184999465942383
2009-02-26,20.53499984741211
2009-02-27,20.424999237060547
2009-03-02,19.844999313354492
2009-03-03,19.415000915527344
2009-03-04,19.864999771118164
2009-03-05,18.924999237060547
2009-03-06,19.549999237060547
2009-03-09,19.375
2009-03-10,19.579999923706055
2009-03-11,19.78499984741211
2009-03-12,20.420000076293945
2009-03-13,20.610000610351562
2009-03-16,20.635000228881836
2009-03-17,20.725000381469727
2009-03-18,20.825000762939453
2009-03-19,21.09000015258789
2009-03-20,21.31999969482422
2009-03-23,22.06999969482422
2009-03-24,22.010000228881836
2009-03-25,22.375
2009-03-26,22.424999237060547
2009-03-27,22.549999237060547
2009-03-30,21.959999084472656
2009-03-31,21.975000381469727
2009-04-01,22.43000030517578
2009-04-02,22.670000076293945
2009-04-03,22.485000610351562
2009-04-06,22.4950008392334
2009-04-07,22.309999465942383
2009-04-08,22.4950008392334
2009-04-09,22.4950008392334
2009-04-13,22.364999771118164
2009-04-14,22.104999542236328
2009-04-15,22.514999389648438
2009-04-16,22.549999237060547
2009-04-17,22.510000228881836
2009-04-20,22.165000915527344
2009-04-21,21.545000076293945
2009-04-22,21.46500015258789
2009-04-23,21.459999084472656
2009-04-24,21.395000457763672
2009-04-27,21.1200008392334
2009-04-28,21.139999389648438
2009-04-29,21.354999542236328
2009-04-30,21.524999618530273
2009-05-01,21.235000610351562
2009-05-04,21.584999084472656
2009-05-05,21.56999969482422
2009-05-06,21.469999313354492
2009-05-07,21.399999618530273
2009-05-08,21.459999084472656
2009-05-11,21.375
2009-05-12,22.200000762939453
2009-05-13,21.815000534057617
2009-05-14,22.450000762939453
2009-05-15,22.479999542236328
2009-05-18,23.03499984741211
2009-05-19,23.31999969482422
2009-05-20,23.5
2009-05-21,23.34000015258789
2009-05-22,23.649999618530273
2009-05-26,23.604999542236328
2009-05-27,23.315000534057617
2009-05-28,23.450000762939453
2009-05-29,24.579999923706055
2009-06-01,24.510000228881836
2009-06-02,24.829999923706055
2009-06-03,24.545000076293945
2009-06-04,24.8799991607666
2009-06-05,24.719999313354492
2009-06-08,24.690000534057617
2009-06-09,24.545000076293945
2009-06-10,24.204999923706055
2009-06-11,24.290000915527344
2009-06-12,24.44499969482422
2009-06-15,24.05500030517578
2009-06-16,23.915000915527344
2009-06-17,23.96500015258789
2009-06-18,24.774999618530273
2009-06-19,24.405000686645508
2009-06-22,23.9950008392334
2009-06-23,23.899999618530273
2009-06-24,23.75
2009-06-25,23.924999237060547
2009-06-26,24.065000534057617
2009-06-29,24.145000457763672
2009-06-30,23.9950008392334
2009-07-01,24.59000015258789
2009-07-02,24.440000534057617
2009-07-06,24.5
2009-07-07,24.31999969482422
2009-07-08,24.2549991607666
2009-07-09,24.354999542236328
2009-07-10,24.155000686645508
2009-07-13,24.524999618530273
2009-07-14,24.645000457763672
2009-07-15,25.264999389648438
2009-07-16,25.395000457763672
2009-07-17,25.15999984741211
2009-07-20,25.514999389648438
2009-07-21,25.174999237060547
2009-07-22,24.565000534057617
2009-07-23,24.59000015258789
2009-07-24,24.68000030517578
2009-07-27,24.760000228881836
2009-07-28,24.69499969482422
2009-07-29,24.639999389648438
2009-07-30,24.834999084472656
2009-07-31,24.920000076293945
2009-08-03,24.799999237060547
2009-08-04,24.75
2009-08-05,24.584999084472656
2009-08-06,24.69499969482422
2009-08-07,24.670000076293945
2009-08-10,24.719999313354492
2009-08-11,24.520000457763672
2009-08-12,24.229999542236328
2009-08-13,24.059999465942383
2009-08-14,24.235000610351562
2009-08-17,24.350000381469727
2009-08-18,24.30500030517578
2009-08-19,24.68000030517578
2009-08-20,24.709999084472656
2009-08-21,24.954999923706055
2009-08-24,24.530000686645508
2009-08-25,24.3700008392334
2009-08-26,24.59000015258789
2009-08-27,24.719999313354492
2009-08-28,24.530000686645508
2009-08-31,24.385000228881836
2009-09-01,24.264999389648438
2009-09-02,24.899999618530273
2009-09-03,24.790000915527344
2009-09-04,24.975000381469727
2009-09-08,25.204999923706055
2009-09-09,25.315000534057617
2009-09-10,25.290000915527344
2009-09-11,25.7549991607666
2009-09-14,26.079999923706055
2009-09-15,26.225000381469727
2009-09-16,26.334999084472656
2009-09-17,26.709999084472656
2009-09-18,26.8799991607666
2009-09-21,26.5
2009-09-22,26.424999237060547
2009-09-23,26.290000915527344
2009-09-24,26.170000076293945
2009-09-25,26.485000610351562
2009-09-28,26.565000534057617
2009-09-29,26.655000686645508
2009-09-30,26.850000381469727
2009-10-01,26.559999465942383
2009-10-02,26.934999465942383
2009-10-05,26.899999618530273
2009-10-06,27.15999984741211
2009-10-07,27.405000686645508
2009-10-08,27.295000076293945
2009-10-09,27.325000762939453
2009-10-12,27.395000457763672
2009-10-13,27.399999618530273
2009-10-14,27.420000076293945
2009-10-15,27.459999084472656
2009-10-16,27.5049991607666
2009-10-19,27.395000457763672
2009-10-20,27.03499984741211
2009-10-21,27.03499984741211
2009-10-22,27.075000762939453
2009-10-23,26.6200008392334
2009-10-26,26.614999771118164
2009-10-27,26.729999542236328
2009-10-28,26.7549991607666
2009-10-29,27.045000076293945
2009-10-30,26.655000686645508
2009-11-02,26.860000610351562
2009-11-03,26.559999465942383
2009-11-04,26.7450008392334
2009-11-05,27.200000762939453
2009-11-06,27.2450008392334
2009-11-09,27.739999771118164
2009-11-10,27.905000686645508
2009-11-11,28.065000534057617
2009-11-12,27.969999313354492
2009-11-13,28.229999542236328
2009-11-16,28.3700008392334
2009-11-17,28.434999465942383
2009-11-18,28.290000915527344
2009-11-19,28.440000534057617
2009-11-20,28.739999771118164
2009-11-23,29.1200008392334
2009-11-24,29.094999313354492
2009-11-25,29.05500030517578
2009-11-27,28.59000015258789
2009-11-30,28.600000381469727
2009-12-01,29.040000915527344
2009-12-02,28.979999542236328
2009-12-03,28.635000228881836
2009-12-04,28.7450008392334
2009-12-07,28.934999465942383
2009-12-08,28.84000015258789
2009-12-09,28.915000915527344
2009-12-10,29.290000915527344
2009-12-11,29.55500030517578
2009-12-14,29.520000457763672
2009-12-15,29.530000686645508
2009-12-16,29.209999084472656
2009-12-17,28.489999771118164
2009-12-18,28.459999084472656
2009-12-21,28.59000015258789
2009-12-22,28.635000228881836
2009-12-23,28.645000457763672
2009-12-24,28.719999313354492
2009-12-28,28.719999313354492
2009-12-29,28.8700008392334
2009-12-30,28.84000015258789
2009-12-31,28.5
2010-01-04,28.520000457763672
2010-01-05,28.174999237060547
2010-01-06,28.165000915527344
2010-01-07,28.094999313354492
2010-01-08,27.575000762939453
2010-01-11,28.135000228881836
2010-01-12,28.440000534057617
2010-01-13,28.514999389648438
2010-01-14,28.565000534057617
2010-01-15,28.145000457763672
2010-01-19,28.209999084472656
2010-01-20,27.75
2010-01-21,27.184999465942383
2010-01-22,27.1200008392334
2010-01-25,27.174999237060547
2010-01-26,27.06999969482422
2010-01-27,27.2549991607666
2010-01-28,27.09000015258789
2010-01-29,27.125
2010-02-01,27.190000534057617
2010-02-02,27.524999618530273
2010-02-03,27.434999465942383
2010-02-04,26.71500015258789
2010-02-05,26.545000076293945
2010-02-08,26.325000762939453
2010-02-09,27.0049991607666
2010-02-10,26.895000457763672
2010-02-11,27.110000610351562
2010-02-12,26.989999771118164
2010-02-16,27.40999984741211
2010-02-17,27.665000915527344
2010-02-18,27.954999923706055
2010-02-19,27.860000610351562
2010-02-22,27.690000534057617
2010-02-23,27.415000915527344
2010-02-24,27.579999923706055
2010-02-25,26.559999465942383
2010-02-26,26.360000610351562
2010-03-01,26.635000228881836
2010-03-02,26.649999618530273
2010-03-03,26.96500015258789
2010-03-04,27.235000610351562
2010-03-05,27.350000381469727
2010-03-08,27.229999542236328
2010-03-09,27.09000015258789
2010-03-10,27.100000381469727
2010-03-11,26.799999237060547
2010-03-12,26.674999237060547
2010-03-15,26.825000762939453
2010-03-16,26.850000381469727
2010-03-17,26.920000076293945
2010-03-18,26.975000381469727
2010-03-19,27.375
2010-03-22,27.270000457763672
2010-03-23,27.649999618530273
2010-03-24,27.309999465942383
2010-03-25,27.399999618530273
2010-03-26,27.325000762939453
2010-03-29,27.385000228881836
2010-03-30,27.434999465942383
2010-03-31,27.5
2010-04-01,27.649999618530273
2010-04-05,27.43000030517578
2010-04-06,27.145000457763672
2010-04-07,26.90999984741211
2010-04-08,26.8799991607666
2010-04-09,27.295000076293945
2010-04-12,27.3799991607666
2010-04-13,27.510000228881836
2010-04-14,27.475000381469727
2010-04-15,27.1299991607666
2010-04-16,27.485000610351562
2010-04-19,27.65999984741211
2010-04-20,27.235000610351562
2010-04-21,27.094999313354492
2010-04-22,27.155000686645508
2010-04-23,26.940000534057617
2010-04-26,26.864999771118164
2010-04-27,26.434999465942383
2010-04-28,26.68000030517578
2010-04-29,26.8700008392334
2010-04-30,26.725000381469727
2010-05-03,26.8799991607666
2010-05-04,26.59000015258789
2010-05-05,26.829999923706055
2010-05-06,26.149999618530273
2010-05-07,26.334999084472656
2010-05-10,27.020000457763672
2010-05-11,26.80500030517578
2010-05-12,27.010000228881836
2010-05-13,26.7450008392334
2010-05-14,26.670000076293945
2010-05-17,26.704999923706055
2010-05-18,26.549999237060547
2010-05-19,26.559999465942383
2010-05-20,25.770000457763672
2010-05-21,25.795000076293945
2010-05-24,25.729999542236328
2010-05-25,25.309999465942383
2010-05-26,25.040000915527344
2010-05-27,25.614999771118164
2010-05-28,25.700000762939453
2010-06-01,25.645000457763672
2010-06-02,26.204999923706055
2010-06-03,26.375
2010-06-04,25.635000228881836
2010-06-07,25.399999618530273
2010-06-08,25.780000686645508
2010-06-09,25.674999237060547
2010-06-10,26.225000381469727
2010-06-11,25.825000762939453
2010-06-14,25.7549991607666
2010-06-15,26.09000015258789
2010-06-16,26.200000762939453
2010-06-17,26.18000030517578
2010-06-18,26.155000686645508
2010-06-21,26.239999771118164
2010-06-22,26.229999542236328
2010-06-23,26.1200008392334
2010-06-24,25.899999618530273
2010-06-25,25.1299991607666
2010-06-28,25.540000915527344
2010-06-29,25.165000915527344
2010-06-30,25.059999465942383
2010-07-01,25.014999389648438
2010-07-02,25.024999618530273
2010-07-06,25.21500015258789
2010-07-07,25.735000610351562
2010-07-08,26.209999084472656
2010-07-09,26.200000762939453
2010-07-12,26.225000381469727
2010-07-13,26.360000610351562
2010-07-14,26.40999984741211
2010-07-15,26.424999237060547
2010-07-16,26.184999465942383
2010-07-19,26.135000228881836
2010-07-20,26.6200008392334
2010-07-21,27.040000915527344
2010-07-22,27.1299991607666
2010-07-23,27.375
2010-07-26,27.469999313354492
2010-07-27,27.524999618530273
2010-07-28,27.440000534057617
2010-07-29,27.4950008392334
2010-07-30,27.55500030517578
2010-08-02,28.204999923706055
2010-08-03,28.190000534057617
2010-08-04,28.274999618530273
2010-08-05,28.184999465942383
2010-08-06,28.375
2010-08-09,28.55500030517578
2010-08-10,28.489999771118164
2010-08-11,28.020000457763672
2010-08-12,27.844999313354492
2010-08-13,27.864999771118164
2010-08-16,27.940000534057617
2010-08-17,28.059999465942383
2010-08-18,27.920000076293945
2010-08-19,27.639999389648438
2010-08-20,27.649999618530273
2010-08-23,27.799999237060547
2010-08-24,27.829999923706055
2010-08-25,27.69499969482422
2010-08-26,27.579999923706055
2010-08-27,28.079999923706055
2010-08-30,27.774999618530273
2010-08-31,27.940000534057617
2010-09-01,28.655000686645508
2010-09-02,28.690000534057617
2010-09-03,28.780000686645508
2010-09-07,28.815000534057617
2010-09-08,28.915000915527344
2010-09-09,29.145000457763672
2010-09-10,29.260000228881836
2010-09-13,29.014999389648438
2010-09-14,28.795000076293945
2010-09-15,28.709999084472656
2010-09-16,28.7549991607666
2010-09-17,28.780000686645508
2010-09-20,28.985000610351562
2010-09-21,29.05500030517578
2010-09-22,29.114999771118164
2010-09-23,28.934999465942383
2010-09-24,29.309999465942383
2010-09-27,29.299999237060547
2010-09-28,29.549999237060547
2010-09-29,29.3799991607666
2010-09-30,29.260000228881836
2010-10-01,29.559999465942383
2010-10-04,29.440000534057617
2010-10-05,29.829999923706055
2010-10-06,29.899999618530273
2010-10-07,29.719999313354492
2010-10-08,29.704999923706055
2010-10-11,29.780000686645508
2010-10-12,29.799999237060547
2010-10-13,29.969999313354492
2010-10-14,29.954999923706055
2010-10-15,29.969999313354492
2010-10-18,30.0
2010-10-19,30.170000076293945
2010-10-20,30.575000762939453
2010-10-21,30.735000610351562
2010-10-22,30.80500030517578
2010-10-25,30.5049991607666
2010-10-26,30.6200008392334
2010-10-27,30.594999313354492
2010-10-28,30.604999542236328
2010-10-29,30.65999984741211
2010-11-01,30.854999542236328
2010-11-02,30.93000030517578
2010-11-03,30.975000381469727
2010-11-04,31.225000381469727
2010-11-05,31.290000915527344
2010-11-08,31.229999542236328
2010-11-09,31.31999969482422
2010-11-10,31.274999618530273
2010-11-11,31.399999618530273
2010-11-12,31.459999084472656
2010-11-15,31.479999542236328
2010-11-16,31.040000915527344
2010-11-17,31.260000228881836
2010-11-18,31.920000076293945
2010-11-19,32.15999984741211
2010-11-22,32.1349983215332
2010-11-23,31.809999465942383
2010-11-24,32.30500030517578
2010-11-26,32.05500030517578
2010-11-29,31.69499969482422
2010-11-30,31.584999084472656
2010-12-01,32.349998474121094
2010-12-02,32.45000076293945
2010-12-03,32.25
2010-12-06,31.9950008392334
2010-12-07,32.06999969482422
2010-12-08,32.19499969482422
2010-12-09,32.415000915527344
2010-12-10,32.32500076293945
2010-12-13,32.42499923706055
2010-12-14,31.950000762939453
2010-12-15,32.369998931884766
2010-12-16,32.66999816894531
2010-12-17,32.849998474121094
2010-12-20,32.654998779296875
2010-12-21,32.744998931884766
2010-12-22,32.79499816894531
2010-12-23,32.790000915527344
2010-12-27,32.53499984741211
2010-12-28,32.68000030517578
2010-12-29,32.724998474121094
2010-12-30,32.75
2010-12-31,32.8849983215332
2011-01-03,32.61000061035156
2011-01-04,31.934999465942383
2011-01-05,31.7450008392334
2011-01-06,31.514999389648438
2011-01-07,31.459999084472656
2011-01-10,31.530000686645508
2011-01-11,31.344999313354492
2011-01-12,31.520000457763672
2011-01-13,31.700000762939453
2011-01-14,31.565000534057617
2011-01-18,31.739999771118164
2011-01-19,31.709999084472656
2011-01-20,31.46500015258789
2011-01-21,31.385000228881836
2011-01-24,31.625
2011-01-25,31.479999542236328
2011-01-26,31.479999542236328
2011-01-27,31.350000381469727
2011-01-28,31.104999542236328
2011-01-31,31.424999237060547
2011-02-01,31.524999618530273
2011-02-02,31.43000030517578
2011-02-03,31.28499984741211
2011-02-04,31.280000686645508
2011-02-07,31.260000228881836
2011-02-08,31.434999465942383
2011-02-09,31.575000762939453
2011-02-10,31.770000457763672
2011-02-11,31.78499984741211
2011-02-14,31.56999969482422
2011-02-15,31.594999313354492
2011-02-16,31.700000762939453
2011-02-17,32.275001525878906
2011-02-18,32.275001525878906
2011-02-22,31.8799991607666
2011-02-23,31.954999923706055
2011-02-24,31.940000534057617
2011-02-25,32.154998779296875
2011-02-28,31.959999084472656
2011-03-01,32.45500183105469
2011-03-02,32.21500015258789
2011-03-03,32.78499984741211
2011-03-04,32.60499954223633
2011-03-07,32.61000061035156
2011-03-08,32.81999969482422
2011-03-09,32.810001373291016
2011-03-10,32.64500045776367
2011-03-11,32.404998779296875
2011-03-14,31.969999313354492
2011-03-15,31.514999389648438
2011-03-16,30.799999237060547
2011-03-17,31.139999389648438
2011-03-18,31.350000381469727
2011-03-21,31.78499984741211
2011-03-22,31.7549991607666
2011-03-23,32.1349983215332
2011-03-24,32.345001220703125
2011-03-25,32.61000061035156
2011-03-28,32.51499938964844
2011-03-29,32.86000061035156
2011-03-30,33.02000045776367
2011-03-31,33.16999816894531
2011-04-01,33.61000061035156
2011-04-04,33.83000183105469
2011-04-05,33.73500061035156
2011-04-06,33.814998626708984
2011-04-07,33.720001220703125
2011-04-08,33.6349983215332
2011-04-11,33.70000076293945
2011-04-12,33.45000076293945
2011-04-13,33.63999938964844
2011-04-14,34.154998779296875
2011-04-15,34.005001068115234
2011-04-18,33.654998779296875
2011-04-19,33.54499816894531
2011-04-20,33.92499923706055
2011-04-21,33.939998626708984
2011-04-25,33.869998931884766
2011-04-26,33.46500015258789
2011-04-27,33.5
2011-04-28,33.70500183105469
2011-04-29,33.72999954223633
2011-05-02,33.86000061035156
2011-05-03,33.939998626708984
2011-05-04,33.72999954223633
2011-05-05,33.349998474121094
2011-05-06,33.45000076293945
2011-05-09,33.474998474121094
2011-05-10,33.66999816894531
2011-05-11,33.65999984741211
2011-05-12,34.154998779296875
2011-05-13,34.09000015258789
2011-05-16,33.915000915527344
2011-05-17,33.994998931884766
2011-05-18,34.150001525878906
2011-05-19,34.22999954223633
2011-05-20,34.150001525878906
2011-05-23,33.744998931884766
2011-05-24,33.73500061035156
2011-05-25,33.45500183105469
2011-05-26,33.349998474121094
2011-05-27,33.255001068115234
2011-05-31,33.404998779296875
2011-06-01,33.380001068115234
2011-06-02,33.02000045776367
2011-06-03,32.76499938964844
2011-06-06,32.709999084472656
2011-06-07,32.599998474121094
2011-06-08,32.70000076293945
2011-06-09,32.94499969482422
2011-06-10,32.69499969482422
2011-06-13,32.560001373291016
2011-06-14,32.80500030517578
2011-06-15,32.48500061035156
2011-06-16,32.744998931884766
2011-06-17,32.810001373291016
2011-06-20,32.915000915527344
2011-06-21,33.130001068115234
2011-06-22,33.20000076293945
2011-06-23,32.4900016784668
2011-06-24,32.46500015258789
2011-06-27,32.60499954223633
2011-06-28,33.01499938964844
2011-06-29,33.35499954223633
2011-06-30,33.64500045776367
2011-07-01,34.04499816894531
2011-07-05,34.150001525878906
2011-07-06,34.26499938964844
2011-07-07,34.375
2011-07-08,34.34000015258789
2011-07-11,34.04999923706055
2011-07-12,33.92499923706055
2011-07-13,34.029998779296875
2011-07-14,33.834999084472656
2011-07-15,33.76499938964844
2011-07-18,33.560001373291016
2011-07-19,34.65999984741211
2011-07-20,34.435001373291016
2011-07-21,34.66999816894531
2011-07-22,34.8650016784668
2011-07-25,34.630001068115234
2011-07-26,34.595001220703125
2011-07-27,34.345001220703125
2011-07-28,34.404998779296875
2011-07-29,34.005001068115234
2011-08-01,33.8650016784668
2011-08-02,33.53499984741211
2011-08-03,34.20000076293945
2011-08-04,32.90999984741211
2011-08-05,33.3849983215332
2011-08-08,32.560001373291016
2011-08-09,33.34000015258789
2011-08-10,31.979999542236328
2011-08-11,33.23500061035156
2011-08-12,33.56999969482422
2011-08-15,34.099998474121094
2011-08-16,34.084999084472656
2011-08-17,34.63999938964844
2011-08-18,33.880001068115234
2011-08-19,33.54999923706055
2011-08-22,33.6349983215332
2011-08-23,34.529998779296875
2011-08-24,34.84000015258789
2011-08-25,33.98500061035156
2011-08-26,34.25
2011-08-29,34.8650016784668
2011-08-30,34.93000030517578
2011-08-31,35.224998474121094
2011-09-01,35.224998474121094
2011-09-02,34.869998931884766
2011-09-06,34.71500015258789
2011-09-07,35.400001525878906
2011-09-08,35.584999084472656
2011-09-09,34.685001373291016
2011-09-12,34.689998626708984
2011-09-13,34.54999923706055
2011-09-14,34.8849983215332
2011-09-15,35.5099983215332
2011-09-16,35.6150016784668
2011-09-19,35.244998931884766
2011-09-20,35.32500076293945
2011-09-21,34.63999938964844
2011-09-22,33.90999984741211
2011-09-23,33.709999084472656
2011-09-26,34.380001068115234
2011-09-27,34.78499984741211
2011-09-28,34.029998779296875
2011-09-29,34.525001525878906
2011-09-30,33.779998779296875
2011-10-03,32.709999084472656
2011-10-04,32.6150016784668
2011-10-05,32.76499938964844
2011-10-06,32.69499969482422
2011-10-07,32.95000076293945
2011-10-10,33.45000076293945
2011-10-11,33.400001525878906
2011-10-12,33.7400016784668
2011-10-13,33.70000076293945
2011-10-14,33.92499923706055
2011-10-17,33.5
2011-10-18,33.369998931884766
2011-10-19,33.51499938964844
2011-10-20,33.560001373291016
2011-10-21,34.095001220703125
2011-10-24,33.935001373291016
2011-10-25,33.474998474121094
2011-10-26,33.73500061035156
2011-10-27,34.28499984741211
2011-10-28,34.46500015258789
2011-10-31,34.15999984741211
2011-11-01,33.52000045776367
2011-11-02,33.8849983215332
2011-11-03,34.32500076293945
2011-11-04,33.88999938964844
2011-11-07,34.10499954223633
2011-11-08,34.32500076293945
2011-11-09,33.51499938964844
2011-11-10,33.69499969482422
2011-11-11,34.060001373291016
2011-11-14,33.89500045776367
2011-11-15,34.0
2011-11-16,33.505001068115234
2011-11-17,33.310001373291016
2011-11-18,33.69499969482422
2011-11-21,32.974998474121094
2011-11-22,32.98500061035156
2011-11-23,32.435001373291016
2011-11-25,32.369998931884766
2011-11-28,32.584999084472656
2011-11-29,33.095001220703125
2011-11-30,33.6150016784668
2011-12-01,33.415000915527344
2011-12-02,33.189998626708984
2011-12-05,33.154998779296875
2011-12-06,33.34000015258789
2011-12-07,33.38999938964844
2011-12-08,33.3650016784668
2011-12-09,33.78499984741211
2011-12-12,33.44499969482422
2011-12-13,33.2400016784668
2011-12-14,33.130001068115234
2011-12-15,33.44499969482422
2011-12-16,33.720001220703125
2011-12-19,33.685001373291016
2011-12-20,34.20000076293945
2011-12-21,34.78499984741211
2011-12-22,34.595001220703125
2011-12-23,34.970001220703125
2011-12-27,34.939998626708984
2011-12-28,34.755001068115234
2011-12-29,35.08000183105469
2011-12-30,34.98500061035156
2012-01-03,35.06999969482422
2012-01-04,34.849998474121094
2012-01-05,34.685001373291016
2012-01-06,34.46500015258789
2012-01-09,34.46500015258789
2012-01-10,34.66999816894531
2012-01-11,34.029998779296875
2012-01-12,33.78499984741211
2012-01-13,33.494998931884766
2012-01-17,33.67499923706055
2012-01-18,33.79499816894531
2012-01-19,33.724998474121094
2012-01-20,34.04499816894531
2012-01-23,34.26499938964844
2012-01-24,33.95000076293945
2012-01-25,34.21500015258789
2012-01-26,34.005001068115234
2012-01-27,33.720001220703125
2012-01-30,33.72999954223633
2012-01-31,33.76499938964844
2012-02-01,33.92499923706055
2012-02-02,33.915000915527344
2012-02-03,34.040000915527344
2012-02-06,34.01499938964844
2012-02-07,34.275001525878906
2012-02-08,34.165000915527344
2012-02-09,33.98500061035156
2012-02-10,33.970001220703125
2012-02-13,34.220001220703125
2012-02-14,34.45000076293945
2012-02-15,34.20000076293945
2012-02-16,34.43000030517578
2012-02-17,34.525001525878906
2012-02-21,34.40999984741211
2012-02-22,34.625
2012-02-23,34.59000015258789
2012-02-24,34.5
2012-02-27,34.415000915527344
2012-02-28,34.42499923706055
2012-02-29,34.93000030517578
2012-03-01,34.79999923706055
2012-03-02,34.59000015258789
2012-03-05,34.6150016784668
2012-03-06,34.380001068115234
2012-03-07,34.39500045776367
2012-03-08,34.6349983215332
2012-03-09,34.755001068115234
2012-03-12,35.07500076293945
2012-03-13,35.125
2012-03-14,35.11000061035156
2012-03-15,35.165000915527344
2012-03-16,35.08000183105469
2012-03-19,35.20000076293945
2012-03-20,35.29499816894531
2012-03-21,35.560001373291016
2012-03-22,35.709999084472656
2012-03-23,35.744998931884766
2012-03-26,35.95000076293945
2012-03-27,35.935001373291016
2012-03-28,36.33000183105469
2012-03-29,36.904998779296875
2012-03-30,37.005001068115234
2012-04-02,37.06999969482422
2012-04-03,36.880001068115234
2012-04-04,36.72999954223633
2012-04-05,36.73500061035156
2012-04-09,36.435001373291016
2012-04-10,36.0099983215332
2012-04-11,36.060001373291016
2012-04-12,36.11000061035156
2012-04-13,35.970001220703125
2012-04-16,36.220001220703125
2012-04-17,36.974998474121094
2012-04-18,37.084999084472656
2012-04-19,36.90999984741211
2012-04-20,37.064998626708984
2012-04-23,36.845001220703125
2012-04-24,37.060001373291016
2012-04-25,37.46500015258789
2012-04-26,37.85499954223633
2012-04-27,38.314998626708984
2012-04-30,38.15999984741211
2012-05-01,38.46500015258789
2012-05-02,38.58000183105469
2012-05-03,38.720001220703125
2012-05-04,38.5
2012-05-07,38.63999938964844
2012-05-08,38.56999969482422
2012-05-09,38.38999938964844
2012-05-10,38.70500183105469
2012-05-11,38.73500061035156
2012-05-14,38.435001373291016
2012-05-15,38.28499984741211
2012-05-16,38.165000915527344
2012-05-17,37.560001373291016
2012-05-18,37.025001525878906
2012-05-21,37.255001068115234
2012-05-22,37.095001220703125
2012-05-23,37.275001525878906
2012-05-24,37.779998779296875
2012-05-25,37.6150016784668
2012-05-29,37.72999954223633
2012-05-30,37.529998779296875
2012-05-31,37.3650016784668
2012-06-01,36.54499816894531
2012-06-04,36.81999969482422
2012-06-05,36.619998931884766
2012-06-06,37.30500030517578
2012-06-07,37.13999938964844
2012-06-08,37.619998931884766
2012-06-11,37.33000183105469
2012-06-12,37.599998474121094
2012-06-13,37.345001220703125
2012-06-14,37.869998931884766
2012-06-15,38.04499816894531
2012-06-18,37.9900016784668
2012-06-19,37.869998931884766
2012-06-20,37.779998779296875
2012-06-21,37.334999084472656
2012-06-22,37.470001220703125
2012-06-25,37.3849983215332
2012-06-26,37.540000915527344
2012-06-27,38.16999816894531
2012-06-28,38.28499984741211
2012-06-29,39.095001220703125
2012-07-02,39.459999084472656
2012-07-03,39.58000183105469
2012-07-05,39.224998474121094
2012-07-06,39.07500076293945
2012-07-09,38.9900016784668
2012-07-10,38.9900016784668
2012-07-11,38.72999954223633
2012-07-12,38.31999969482422
2012-07-13,38.63999938964844
2012-07-16,38.2400016784668
2012-07-17,38.845001220703125
2012-07-18,38.720001220703125
2012-07-19,38.775001525878906
2012-07-20,38.51499938964844
2012-07-23,38.439998626708984
2012-07-24,38.33000183105469
2012-07-25,38.5099983215332
2012-07-26,39.42499923706055
2012-07-27,40.005001068115234
2012-07-30,40.560001373291016
2012-07-31,40.400001525878906
2012-08-01,40.505001068115234
2012-08-02,39.875
2012-08-03,40.415000915527344
2012-08-06,40.31999969482422
2012-08-07,39.8849983215332
2012-08-08,39.779998779296875
2012-08-09,39.619998931884766
2012-08-10,39.39500045776367
2012-08-13,39.29999923706055
2012-08-14,39.380001068115234
2012-08-15,39.349998474121094
2012-08-16,39.54999923706055
2012-08-17,39.529998779296875
2012-08-20,39.470001220703125
2012-08-21,39.2599983215332
2012-08-22,38.77000045776367
2012-08-23,38.11000061035156
2012-08-24,38.470001220703125
2012-08-27,38.16999816894531
2012-08-28,38.0
2012-08-29,37.459999084472656
2012-08-30,37.13999938964844
2012-08-31,37.400001525878906
2012-09-04,37.279998779296875
2012-09-05,37.5099983215332
2012-09-06,38.150001525878906
2012-09-07,37.900001525878906
2012-09-10,37.65999984741211
2012-09-11,37.77000045776367
2012-09-12,37.54999923706055
2012-09-13,38.349998474121094
2012-09-14,38.119998931884766
2012-09-17,38.349998474121094
2012-09-18,38.619998931884766
2012-09-19,38.52000045776367
2012-09-20,38.63999938964844
2012-09-21,38.029998779296875
2012-09-24,38.119998931884766
2012-09-25,37.68000030517578
2012-09-26,37.7599983215332
2012-09-27,38.310001373291016
2012-09-28,37.93000030517578
2012-10-01,38.380001068115234
2012-10-02,38.34000015258789
2012-10-03,38.2400016784668
2012-10-04,38.33000183105469
2012-10-05,38.58000183105469
2012-10-08,38.58000183105469
2012-10-09,38.560001373291016
2012-10-10,38.09000015258789
2012-10-11,38.11000061035156
2012-10-12,38.22999954223633
2012-10-15,38.130001068115234
2012-10-16,37.900001525878906
2012-10-17,37.7400016784668
2012-10-18,37.84000015258789
2012-10-19,37.400001525878906
2012-10-22,37.22999954223633
2012-10-23,36.61000061035156
2012-10-24,36.880001068115234
2012-10-25,37.09000015258789
2012-10-26,37.040000915527344
2012-10-31,37.18000030517578
2012-11-01,37.33000183105469
2012-11-02,37.08000183105469
2012-11-05,36.77000045776367
2012-11-06,37.41999816894531
2012-11-07,36.720001220703125
2012-11-08,36.36000061035156
2012-11-09,36.290000915527344
2012-11-12,36.08000183105469
2012-11-13,36.15999984741211
2012-11-14,36.0099983215332
2012-11-15,36.43000030517578
2012-11-16,36.560001373291016
2012-11-19,37.2400016784668
2012-11-20,37.25
2012-11-21,37.38999938964844
2012-11-23,37.93000030517578
2012-11-26,37.36000061035156
2012-11-27,37.41999816894531
2012-11-28,37.560001373291016
2012-11-29,37.970001220703125
2012-11-30,37.91999816894531
2012-12-03,37.380001068115234
2012-12-04,37.150001525878906
2012-12-05,37.310001373291016
2012-12-06,37.380001068115234
2012-12-07,37.709999084472656
2012-12-10,37.63999938964844
2012-12-11,37.86000061035156
2012-12-12,37.63999938964844
2012-12-13,37.599998474121094
2012-12-14,37.65999984741211
2012-12-17,37.5
2012-12-18,37.279998779296875
2012-12-19,36.779998779296875
2012-12-20,37.04999923706055
2012-12-21,36.88999938964844
2012-12-24,36.72999954223633
2012-12-26,36.41999816894531
2012-12-27,36.41999816894531
2012-12-28,35.970001220703125
2012-12-31,36.25
2013-01-02,37.599998474121094
2013-01-03,37.599998474121094
2013-01-04,37.65999984741211
2013-01-07,37.29999923706055
2013-01-08,37.040000915527344
2013-01-09,37.029998779296875
2013-01-10,36.959999084472656
2013-01-11,36.90999984741211
2013-01-14,36.9900016784668
2013-01-15,37.31999969482422
2013-01-16,37.31999969482422
2013-01-17,37.5099983215332
2013-01-18,37.70000076293945
2013-01-22,37.130001068115234
2013-01-23,37.130001068115234
2013-01-24,37.11000061035156
2013-01-25,37.04999923706055
2013-01-28,37.0099983215332
2013-01-29,37.41999816894531
2013-01-30,37.5
2013-01-31,37.2400016784668
2013-02-01,37.540000915527344
2013-02-04,37.349998474121094
2013-02-05,38.13999938964844
2013-02-06,38.310001373291016
2013-02-07,38.90999984741211
2013-02-08,38.77000045776367
2013-02-11,38.61000061035156
2013-02-12,37.560001373291016
2013-02-13,37.209999084472656
2013-02-14,36.84000015258789
2013-02-15,37.41999816894531
2013-02-19,37.66999816894531
2013-02-20,37.72999954223633
2013-02-21,37.709999084472656
2013-02-22,38.52000045776367
2013-02-25,37.720001220703125
2013-02-26,38.11000061035156
2013-02-27,38.45000076293945
2013-02-28,38.720001220703125
2013-03-01,38.70000076293945
2013-03-04,38.81999969482422
2013-03-05,38.68000030517578
2013-03-06,39.02000045776367
2013-03-07,39.119998931884766
2013-03-08,39.220001220703125
2013-03-11,39.310001373291016
2013-03-12,38.959999084472656
2013-03-13,38.59000015258789
2013-03-14,39.02000045776367
2013-03-15,38.83000183105469
2013-03-18,38.7599983215332
2013-03-19,39.33000183105469
2013-03-20,39.869998931884766
2013-03-21,40.06999969482422
2013-03-22,40.040000915527344
2013-03-25,40.119998931884766
2013-03-26,40.689998626708984
2013-03-27,40.220001220703125
2013-03-28,40.439998626708984
2013-04-01,40.45000076293945
2013-04-02,40.720001220703125
2013-04-03,40.16999816894531
2013-04-04,40.540000915527344
2013-04-05,40.08000183105469
2013-04-08,40.86000061035156
2013-04-09,40.709999084472656
2013-04-10,41.06999969482422
2013-04-11,41.18000030517578
2013-04-12,41.08000183105469
2013-04-15,40.09000015258789
2013-04-16,42.369998931884766
2013-04-17,42.54999923706055
2013-04-18,42.099998474121094
2013-04-19,42.65999984741211
2013-04-22,42.720001220703125
2013-04-23,42.70000076293945
2013-04-24,42.150001525878906
2013-04-25,42.349998474121094
2013-04-26,42.099998474121094
2013-04-29,42.2400016784668
2013-04-30,42.33000183105469
2013-05-01,42.209999084472656
2013-05-02,41.959999084472656
2013-05-03,42.2400016784668
2013-05-06,42.08000183105469
2013-05-07,42.70000076293945
2013-05-08,42.459999084472656
2013-05-09,42.119998931884766
2013-05-10,42.150001525878906
2013-05-13,42.189998626708984
2013-05-14,42.52000045776367
2013-05-15,42.91999816894531
2013-05-16,43.09000015258789
2013-05-17,42.970001220703125
2013-05-20,42.380001068115234
2013-05-21,42.34000015258789
2013-05-22,42.25
2013-05-23,41.93000030517578
2013-05-24,42.2400016784668
2013-05-28,42.54999923706055
2013-05-29,41.400001525878906
2013-05-30,40.77000045776367
2013-05-31,39.9900016784668
2013-06-03,40.810001373291016
2013-06-04,41.41999816894531
2013-06-05,40.650001525878906
2013-06-06,40.790000915527344
2013-06-07,41.40999984741211
2013-06-10,41.18000030517578
2013-06-11,40.790000915527344
2013-06-12,40.38999938964844
2013-06-13,40.40999984741211
2013-06-14,40.34000015258789
2013-06-17,40.68000030517578
2013-06-18,40.93000030517578
2013-06-19,40.40999984741211
2013-06-20,39.130001068115234
2013-06-21,39.7599983215332
2013-06-24,39.529998779296875
2013-06-25,39.720001220703125
2013-06-26,40.33000183105469
2013-06-27,40.2599983215332
2013-06-28,40.11000061035156
2013-07-01,40.459999084472656
2013-07-02,40.369998931884766
2013-07-03,40.4900016784668
2013-07-05,40.52000045776367
2013-07-08,40.540000915527344
2013-07-09,40.83000183105469
2013-07-10,40.68000030517578
2013-07-11,41.029998779296875
2013-07-12,41.029998779296875
2013-07-15,41.0099983215332
2013-07-16,40.22999954223633
2013-07-17,40.84000015258789
2013-07-18,40.810001373291016
2013-07-19,41.09000015258789
2013-07-22,40.84000015258789
2013-07-23,40.959999084472656
2013-07-24,40.86000061035156
2013-07-25,40.84000015258789
2013-07-26,40.63999938964844
2013-07-29,40.279998779296875
2013-07-30,40.31999969482422
2013-07-31,40.08000183105469
2013-08-01,40.56999969482422
2013-08-02,40.220001220703125
2013-08-05,40.290000915527344
2013-08-06,40.369998931884766
2013-08-07,40.150001525878906
2013-08-08,40.20000076293945
2013-08-09,40.15999984741211
2013-08-12,39.83000183105469
2013-08-13,39.650001525878906
2013-08-14,39.529998779296875
2013-08-15,39.09000015258789
2013-08-16,39.04999923706055
2013-08-19,38.779998779296875
2013-08-20,38.650001525878906
2013-08-21,38.279998779296875
2013-08-22,38.310001373291016
2013-08-23,38.52000045776367
2013-08-26,38.119998931884766
2013-08-27,38.150001525878906
2013-08-28,38.349998474121094
2013-08-29,38.099998474121094
2013-08-30,38.18000030517578
2013-09-03,37.900001525878906
2013-09-04,38.540000915527344
2013-09-05,38.2400016784668
2013-09-06,38.349998474121094
2013-09-09,38.52000045776367
2013-09-10,38.630001068115234
2013-09-11,38.779998779296875
2013-09-12,38.439998626708984
2013-09-13,38.689998626708984
2013-09-16,38.86000061035156
2013-09-17,38.790000915527344
2013-09-18,39.59000015258789
2013-09-19,39.310001373291016
2013-09-20,39.400001525878906
2013-09-23,38.630001068115234
2013-09-24,38.529998779296875
2013-09-25,38.33000183105469
2013-09-26,38.7400016784668
2013-09-27,38.400001525878906
2013-09-30,37.880001068115234
2013-10-01,37.95000076293945
2013-10-02,37.43000030517578
2013-10-03,37.15999984741211
2013-10-04,37.20000076293945
2013-10-07,37.04999923706055
2013-10-08,37.279998779296875
2013-10-09,37.08000183105469
2013-10-10,37.779998779296875
2013-10-11,37.77000045776367
2013-10-14,37.90999984741211
2013-10-15,37.65999984741211
2013-10-16,38.0
2013-10-17,38.54999923706055
2013-10-18,38.779998779296875
2013-10-21,38.81999969482422
2013-10-22,39.09000015258789
2013-10-23,39.09000015258789
2013-10-24,38.79999923706055
2013-10-25,39.029998779296875
2013-10-28,39.61000061035156
2013-10-29,39.79999923706055
2013-10-30,39.619998931884766
2013-10-31,39.56999969482422
2013-11-01,39.61000061035156
2013-11-04,39.5099983215332
2013-11-05,39.5
2013-11-06,40.04999923706055
2013-11-07,39.83000183105469
2013-11-08,40.04999923706055
2013-11-11,39.869998931884766
2013-11-12,39.880001068115234
2013-11-13,40.119998931884766
2013-11-14,40.209999084472656
2013-11-15,40.220001220703125
2013-11-18,40.16999816894531
2013-11-19,40.13999938964844
2013-11-20,40.060001373291016
2013-11-21,40.43000030517578
2013-11-22,40.43000030517578
2013-11-25,40.369998931884766
2013-11-26,40.25
2013-11-27,40.189998626708984
2013-11-29,40.189998626708984
2013-12-02,40.08000183105469
2013-12-03,40.349998474121094
2013-12-04,40.369998931884766
2013-12-05,39.83000183105469
2013-12-06,40.459999084472656
2013-12-09,40.400001525878906
2013-12-10,39.849998474121094
2013-12-11,40.130001068115234
2013-12-12,39.209999084472656
2013-12-13,39.22999954223633
2013-12-16,39.27000045776367
2013-12-17,39.099998474121094
2013-12-18,40.02000045776367
2013-12-19,39.86000061035156
2013-12-20,40.040000915527344
2013-12-23,40.15999984741211
2013-12-24,40.189998626708984
2013-12-26,40.4900016784668
2013-12-27,40.65999984741211
2013-12-30,41.09000015258789
2013-12-31,41.310001373291016
2014-01-02,40.65999984741211
2014-01-03,40.459999084472656
2014-01-06,40.27000045776367
2014-01-07,40.38999938964844
2014-01-08,39.939998626708984
2014-01-09,39.72999954223633
2014-01-10,40.130001068115234
2014-01-13,39.529998779296875
2014-01-14,39.689998626708984
2014-01-15,39.7599983215332
2014-01-16,39.709999084472656
2014-01-17,39.279998779296875
2014-01-21,39.91999816894531
2014-01-22,39.900001525878906
2014-01-23,39.2400016784668
2014-01-24,38.84000015258789
2014-01-27,38.72999954223633
2014-01-28,38.869998931884766
2014-01-29,37.900001525878906
2014-01-30,38.16999816894531
2014-01-31,37.81999969482422
2014-02-03,37.20000076293945
2014-02-04,37.47999954223633
2014-02-05,37.61000061035156
2014-02-06,38.029998779296875
2014-02-07,37.95000076293945
2014-02-10,38.56999969482422
2014-02-11,38.63999938964844
2014-02-12,38.5099983215332
2014-02-13,38.650001525878906
2014-02-14,38.93000030517578
2014-02-18,37.470001220703125
2014-02-19,37.099998474121094
2014-02-20,37.29999923706055
2014-02-21,37.18000030517578
2014-02-24,37.5
2014-02-25,37.77000045776367
2014-02-26,37.869998931884766
2014-02-27,38.06999969482422
2014-02-28,38.20000076293945
2014-03-03,38.119998931884766
2014-03-04,38.310001373291016
2014-03-05,38.349998474121094
2014-03-06,38.470001220703125
2014-03-07,38.54999923706055
2014-03-10,38.650001525878906
2014-03-11,38.79999923706055
2014-03-12,38.470001220703125
2014-03-13,37.970001220703125
2014-03-14,38.16999816894531
2014-03-17,38.27000045776367
2014-03-18,38.400001525878906
2014-03-19,38.13999938964844
2014-03-20,38.45000076293945
2014-03-21,38.439998626708984
2014-03-24,38.400001525878906
2014-03-25,38.619998931884766
2014-03-26,38.61000061035156
2014-03-27,38.81999969482422
2014-03-28,38.95000076293945
2014-03-31,38.65999984741211
2014-04-01,38.40999984741211
2014-04-02,38.33000183105469
2014-04-03,38.06999969482422
2014-04-04,38.220001220703125
2014-04-07,38.619998931884766
2014-04-08,38.900001525878906
2014-04-09,38.9900016784668
2014-04-10,38.88999938964844
2014-04-11,38.630001068115234
2014-04-14,38.72999954223633
2014-04-15,40.18000030517578
2014-04-16,40.59000015258789
2014-04-17,40.720001220703125
2014-04-21,40.75
2014-04-22,40.709999084472656
2014-04-23,40.72999954223633
2014-04-24,40.70000076293945
2014-04-25,41.0099983215332
2014-04-28,41.029998779296875
2014-04-29,40.56999969482422
2014-04-30,40.790000915527344
2014-05-01,40.779998779296875
2014-05-02,40.95000076293945
2014-05-05,40.7599983215332
2014-05-06,40.4900016784668
2014-05-07,40.90999984741211
2014-05-08,40.72999954223633
2014-05-09,40.869998931884766
2014-05-12,40.81999969482422
2014-05-13,41.11000061035156
2014-05-14,40.88999938964844
2014-05-15,40.52000045776367
2014-05-16,40.88999938964844
2014-05-19,40.709999084472656
2014-05-20,40.58000183105469
2014-05-21,40.869998931884766
2014-05-22,40.58000183105469
2014-05-23,40.58000183105469
2014-05-27,40.77000045776367
2014-05-28,40.58000183105469
2014-05-29,40.65999984741211
2014-05-30,40.90999984741211
2014-06-02,40.86000061035156
2014-06-03,40.880001068115234
2014-06-04,40.790000915527344
2014-06-05,40.88999938964844
2014-06-06,40.9900016784668
2014-06-09,40.90999984741211
2014-06-10,41.06999969482422
2014-06-11,40.86000061035156
2014-06-12,40.41999816894531
2014-06-13,40.369998931884766
2014-06-16,40.65999984741211
2014-06-17,40.91999816894531
2014-06-18,41.560001373291016
2014-06-19,41.790000915527344
2014-06-20,41.689998626708984
2014-06-23,41.72999954223633
2014-06-24,41.849998474121094
2014-06-25,41.959999084472656
2014-06-26,42.029998779296875
2014-06-27,42.189998626708984
2014-06-30,42.36000061035156
2014-07-01,42.290000915527344
2014-07-02,42.290000915527344
2014-07-03,42.22999954223633
2014-07-07,42.13999938964844
2014-07-08,41.939998626708984
2014-07-09,41.95000076293945
2014-07-10,42.2599983215332
2014-07-11,41.970001220703125
2014-07-14,42.380001068115234
2014-07-15,42.099998474121094
2014-07-16,42.119998931884766
2014-07-17,42.02000045776367
2014-07-18,42.43000030517578
2014-07-21,42.400001525878906
2014-07-22,41.189998626708984
2014-07-23,40.810001373291016
2014-07-24,40.970001220703125
2014-07-25,41.0
2014-07-28,40.68000030517578
2014-07-29,40.349998474121094
2014-07-30,39.619998931884766
2014-07-31,39.290000915527344
2014-08-01,39.290000915527344
2014-08-04,39.400001525878906
2014-08-05,39.18000030517578
2014-08-06,39.91999816894531
2014-08-07,39.349998474121094
2014-08-08,39.45000076293945
2014-08-11,39.56999969482422
2014-08-12,39.68000030517578
2014-08-13,39.939998626708984
2014-08-14,40.18000030517578
2014-08-15,40.880001068115234
2014-08-18,41.349998474121094
2014-08-19,41.2599983215332
2014-08-20,41.25
2014-08-21,41.40999984741211
2014-08-22,41.119998931884766
2014-08-25,41.40999984741211
2014-08-26,41.599998474121094
2014-08-27,41.599998474121094
2014-08-28,41.630001068115234
2014-08-29,41.720001220703125
2014-09-02,41.63999938964844
2014-09-03,41.779998779296875
2014-09-04,41.869998931884766
2014-09-05,41.84000015258789
2014-09-08,41.779998779296875
2014-09-09,41.939998626708984
2014-09-10,42.16999816894531
2014-09-11,41.95000076293945
2014-09-12,41.459999084472656
2014-09-15,41.5
2014-09-16,41.63999938964844
2014-09-17,41.61000061035156
2014-09-18,41.790000915527344
2014-09-19,42.04999923706055
2014-09-22,42.220001220703125
2014-09-23,41.88999938964844
2014-09-24,42.27000045776367
2014-09-25,41.779998779296875
2014-09-26,42.20000076293945
2014-09-29,42.25
2014-09-30,42.65999984741211
2014-10-01,42.7400016784668
2014-10-02,42.65999984741211
2014-10-03,43.0
2014-10-06,43.599998474121094
2014-10-07,43.91999816894531
2014-10-08,44.54999923706055
2014-10-09,43.869998931884766
2014-10-10,44.470001220703125
2014-10-13,44.06999969482422
2014-10-14,43.63999938964844
2014-10-15,43.22999954223633
2014-10-16,42.560001373291016
2014-10-17,42.880001068115234
2014-10-20,43.290000915527344
2014-10-21,40.68000030517578
2014-10-22,40.619998931884766
2014-10-23,40.86000061035156
2014-10-24,41.029998779296875
2014-10-27,40.7599983215332
2014-10-28,40.560001373291016
2014-10-29,40.959999084472656
2014-10-30,41.400001525878906
2014-10-31,41.880001068115234
2014-11-03,41.810001373291016
2014-11-04,41.81999969482422
2014-11-05,42.310001373291016
2014-11-06,42.290000915527344
2014-11-07,42.31999969482422
2014-11-10,42.38999938964844
2014-11-11,42.5099983215332
2014-11-12,42.709999084472656
2014-11-13,42.790000915527344
2014-11-14,42.72999954223633
2014-11-17,42.91999816894531
2014-11-18,43.529998779296875
2014-11-19,44.220001220703125
2014-11-20,44.25
2014-11-21,44.5
2014-11-24,44.27000045776367
2014-11-25,44.43000030517578
2014-11-26,44.290000915527344
2014-11-28,44.83000183105469
2014-12-01,44.54999923706055
2014-12-02,44.540000915527344
2014-12-03,43.79999923706055
2014-12-04,43.5
2014-12-05,43.529998779296875
2014-12-08,43.13999938964844
2014-12-09,42.040000915527344
2014-12-10,41.599998474121094
2014-12-11,41.529998779296875
2014-12-12,40.90999984741211
2014-12-15,40.56999969482422
2014-12-16,40.38999938964844
2014-12-17,41.54999923706055
2014-12-18,42.38999938964844
2014-12-19,41.95000076293945
2014-12-22,42.349998474121094
2014-12-23,42.970001220703125
2014-12-24,42.939998626708984
2014-12-26,42.959999084472656
2014-12-29,42.86000061035156
2014-12-30,42.7599983215332
2014-12-31,42.220001220703125
2015-01-02,42.13999938964844
2015-01-05,42.13999938964844
2015-01-06,42.459999084472656
2015-01-07,42.9900016784668
2015-01-08,43.5099983215332
2015-01-09,43.029998779296875
2015-01-12,42.63999938964844
2015-01-13,42.630001068115234
2015-01-14,42.560001373291016
2015-01-15,42.380001068115234
2015-01-16,42.529998779296875
2015-01-20,43.15999984741211
2015-01-21,43.36000061035156
2015-01-22,43.779998779296875
2015-01-23,43.310001373291016
2015-01-26,43.0
2015-01-27,42.38999938964844
2015-01-28,41.91999816894531
2015-01-29,42.099998474121094
2015-01-30,41.16999816894531
2015-02-02,41.59000015258789
2015-02-03,41.630001068115234
2015-02-04,41.68000030517578
2015-02-05,41.790000915527344
2015-02-06,41.45000076293945
2015-02-09,41.22999954223633
2015-02-10,42.400001525878906
2015-02-11,42.369998931884766
2015-02-12,42.16999816894531
2015-02-13,41.9900016784668
2015-02-17,41.810001373291016
2015-02-18,41.72999954223633
2015-02-19,42.11000061035156
2015-02-20,41.970001220703125
2015-02-23,41.849998474121094
2015-02-24,42.130001068115234
2015-02-25,42.04999923706055
2015-02-26,42.459999084472656
2015-02-27,43.29999923706055
2015-03-02,43.20000076293945
2015-03-03,42.95000076293945
2015-03-04,42.5
2015-03-05,42.400001525878906
2015-03-06,41.52000045776367
2015-03-09,41.38999938964844
2015-03-10,40.689998626708984
2015-03-11,40.099998474121094
2015-03-12,40.56999969482422
2015-03-13,39.90999984741211
2015-03-16,40.290000915527344
2015-03-17,40.5099983215332
2015-03-18,40.599998474121094
2015-03-19,40.02000045776367
2015-03-20,40.650001525878906
2015-03-23,40.619998931884766
2015-03-24,40.470001220703125
2015-03-25,40.45000076293945
2015-03-26,40.349998474121094
2015-03-27,40.08000183105469
2015-03-30,40.5099983215332
2015-03-31,40.54999923706055
2015-04-01,40.68000030517578
2015-04-02,40.68000030517578
2015-04-06,41.16999816894531
2015-04-07,41.0099983215332
2015-04-08,40.88999938964844
2015-04-09,41.04999923706055
2015-04-10,40.880001068115234
2015-04-13,40.70000076293945
2015-04-14,40.5099983215332
2015-04-15,40.400001525878906
2015-04-16,40.599998474121094
2015-04-17,40.29999923706055
2015-04-20,40.65999984741211
2015-04-21,40.779998779296875
2015-04-22,41.310001373291016
2015-04-23,40.95000076293945
2015-04-24,40.88999938964844
2015-04-27,40.83000183105469
2015-04-28,40.77000045776367
2015-04-29,40.4900016784668
2015-04-30,40.560001373291016
2015-05-01,40.90999984741211
2015-05-04,40.959999084472656
2015-05-05,40.75
2015-05-06,40.65999984741211
2015-05-07,40.70000076293945
2015-05-08,40.97999954223633
2015-05-11,40.939998626708984
2015-05-12,40.689998626708984
2015-05-13,41.04999923706055
2015-05-14,41.5
2015-05-15,41.52000045776367
2015-05-18,41.31999969482422
2015-05-19,41.310001373291016
2015-05-20,41.349998474121094
2015-05-21,41.22999954223633
2015-05-22,41.209999084472656
2015-05-26,40.9900016784668
2015-05-27,41.119998931884766
2015-05-28,41.13999938964844
2015-05-29,40.959999084472656
2015-06-01,40.939998626708984
2015-06-02,40.9900016784668
2015-06-03,40.869998931884766
2015-06-04,40.59000015258789
2015-06-05,40.099998474121094
2015-06-08,40.15999984741211
2015-06-09,40.20000076293945
2015-06-10,40.33000183105469
2015-06-11,40.099998474121094
2015-06-12,39.959999084472656
2015-06-15,39.59000015258789
2015-06-16,40.08000183105469
2015-06-17,40.27000045776367
2015-06-18,40.650001525878906
2015-06-19,40.400001525878906
2015-06-22,40.47999954223633
2015-06-23,40.380001068115234
2015-06-24,40.189998626708984
2015-06-25,40.02000045776367
2015-06-26,40.0
2015-06-29,39.400001525878906
2015-06-30,39.22999954223633
2015-07-01,39.5
2015-07-02,39.4900016784668
2015-07-06,39.41999816894531
2015-07-07,40.25
2015-07-08,39.86000061035156
2015-07-09,39.91999816894531
2015-07-10,40.38999938964844
2015-07-13,40.65999984741211
2015-07-14,41.16999816894531
2015-07-15,41.130001068115234
2015-07-16,41.47999954223633
2015-07-17,41.25
2015-07-20,41.380001068115234
2015-07-21,41.189998626708984
2015-07-22,40.900001525878906
2015-07-23,40.84000015258789
2015-07-24,40.439998626708984
2015-07-27,40.540000915527344
2015-07-28,40.54999923706055
2015-07-29,40.59000015258789
2015-07-30,40.560001373291016
2015-07-31,41.08000183105469
2015-08-03,41.540000915527344
2015-08-04,41.849998474121094
2015-08-05,42.119998931884766
2015-08-06,41.91999816894531
2015-08-07,41.77000045776367
2015-08-10,41.68000030517578
2015-08-11,41.47999954223633
2015-08-12,41.2599983215332
2015-08-13,41.099998474121094
2015-08-14,41.25
2015-08-17,41.349998474121094
2015-08-18,41.29999923706055
2015-08-19,40.779998779296875
2015-08-20,40.54999923706055
2015-08-21,39.529998779296875
2015-08-24,38.380001068115234
2015-08-25,37.9900016784668
2015-08-26,38.72999954223633
2015-08-27,39.27000045776367
2015-08-28,39.45000076293945
2015-08-31,39.31999969482422
2015-09-01,38.75
2015-09-02,38.900001525878906
2015-09-03,39.15999984741211
2015-09-04,38.52000045776367
2015-09-08,38.900001525878906
2015-09-09,38.29999923706055
2015-09-10,38.41999816894531
2015-09-11,38.130001068115234
2015-09-14,38.099998474121094
2015-09-15,38.5
2015-09-16,39.150001525878906
2015-09-17,39.380001068115234
2015-09-18,38.97999954223633
2015-09-21,39.189998626708984
2015-09-22,38.790000915527344
2015-09-23,38.7599983215332
2015-09-24,39.150001525878906
2015-09-25,39.619998931884766
2015-09-28,39.529998779296875
2015-09-29,39.65999984741211
2015-09-30,40.119998931884766
2015-10-01,39.79999923706055
2015-10-02,40.38999938964844
2015-10-05,41.0099983215332
2015-10-06,40.959999084472656
2015-10-07,41.52000045776367
2015-10-08,41.97999954223633
2015-10-09,42.02000045776367
2015-10-12,42.0
2015-10-13,41.650001525878906
2015-10-14,41.68000030517578
2015-10-15,41.91999816894531
2015-10-16,42.02000045776367
2015-10-19,41.9900016784668
2015-10-20,42.290000915527344
2015-10-21,42.189998626708984
2015-10-22,43.2400016784668
2015-10-23,42.790000915527344
2015-10-26,42.59000015258789
2015-10-27,42.61000061035156
2015-10-28,42.72999954223633
2015-10-29,42.790000915527344
2015-10-30,42.349998474121094
2015-11-02,42.2400016784668
2015-11-03,42.15999984741211
2015-11-04,41.970001220703125
2015-11-05,42.33000183105469
2015-11-06,41.959999084472656
2015-11-09,41.540000915527344
2015-11-10,41.77000045776367
2015-11-11,42.040000915527344
2015-11-12,41.58000183105469
2015-11-13,41.380001068115234
2015-11-16,41.959999084472656
2015-11-17,41.66999816894531
2015-11-18,42.279998779296875
2015-11-19,43.11000061035156
2015-11-20,42.43000030517578
2015-11-23,42.959999084472656
2015-11-24,43.36000061035156
2015-11-25,43.36000061035156
2015-11-27,43.150001525878906
2015-11-30,42.619998931884766
2015-12-01,42.88999938964844
2015-12-02,42.77000045776367
2015-12-03,42.459999084472656
2015-12-04,43.290000915527344
2015-12-07,43.20000076293945
2015-12-08,43.0099983215332
2015-12-09,42.65999984741211
2015-12-10,42.7599983215332
2015-12-11,42.27000045776367
2015-12-14,42.45000076293945
2015-12-15,43.06999969482422
2015-12-16,43.84000015258789
2015-12-17,43.4900016784668
2015-12-18,42.5
2015-12-21,42.779998779296875
2015-12-22,43.290000915527344
2015-12-23,43.66999816894531
2015-12-24,43.540000915527344
2015-12-28,43.4900016784668
2015-12-29,43.709999084472656
2015-12-30,43.56999969482422
2015-12-31,42.959999084472656
2016-01-04,42.400001525878906
2016-01-05,42.54999923706055
2016-01-06,42.31999969482422
2016-01-07,41.619998931884766
2016-01-08,41.5099983215332
2016-01-11,41.58000183105469
2016-01-12,42.119998931884766
2016-01-13,41.849998474121094
2016-01-14,41.880001068115234
2016-01-15,41.5
2016-01-19,41.91999816894531
2016-01-20,41.380001068115234
2016-01-21,41.38999938964844
2016-01-22,42.060001373291016
2016-01-25,42.15999984741211
2016-01-26,42.08000183105469
2016-01-27,42.09000015258789
2016-01-28,42.56999969482422
2016-01-29,42.91999816894531
2016-02-01,43.0
2016-02-02,42.439998626708984
2016-02-03,42.720001220703125
2016-02-04,42.529998779296875
2016-02-05,42.439998626708984
2016-02-08,42.650001525878906
2016-02-09,43.29999923706055
2016-02-10,42.54999923706055
2016-02-11,42.40999984741211
2016-02-12,43.11000061035156
2016-02-16,43.36000061035156
2016-02-17,43.4900016784668
2016-02-18,43.61000061035156
2016-02-19,43.77000045776367
2016-02-22,43.939998626708984
2016-02-23,43.689998626708984
2016-02-24,43.90999984741211
2016-02-25,44.15999984741211
2016-02-26,43.13999938964844
2016-02-29,43.130001068115234
2016-03-01,43.689998626708984
2016-03-02,43.77000045776367
2016-03-03,43.959999084472656
2016-03-04,44.11000061035156
2016-03-07,44.0099983215332
2016-03-08,44.31999969482422
2016-03-09,44.810001373291016
2016-03-10,45.22999954223633
2016-03-11,45.20000076293945
2016-03-14,45.290000915527344
2016-03-15,45.2400016784668
2016-03-16,45.04999923706055
2016-03-17,45.77000045776367
2016-03-18,45.599998474121094
2016-03-21,45.66999816894531
2016-03-22,45.5
2016-03-23,45.459999084472656
2016-03-24,45.58000183105469
2016-03-28,45.79999923706055
2016-03-29,46.47999954223633
2016-03-30,46.58000183105469
2016-03-31,46.38999938964844
2016-04-01,46.83000183105469
2016-04-04,46.88999938964844
2016-04-05,46.529998779296875
2016-04-06,46.709999084472656
2016-04-07,46.36000061035156
2016-04-08,46.869998931884766
2016-04-11,46.439998626708984
2016-04-12,46.650001525878906
2016-04-13,46.040000915527344
2016-04-14,45.83000183105469
2016-04-15,46.099998474121094
2016-04-18,46.220001220703125
2016-04-19,46.599998474121094
2016-04-20,44.369998931884766
2016-04-21,43.65999984741211
2016-04-22,44.540000915527344
2016-04-25,44.709999084472656
2016-04-26,44.529998779296875
2016-04-27,44.68000030517578
2016-04-28,44.630001068115234
2016-04-29,44.79999923706055
2016-05-02,44.97999954223633
2016-05-03,44.84000015258789
2016-05-04,44.97999954223633
2016-05-05,45.060001373291016
2016-05-06,45.31999969482422
2016-05-09,45.2400016784668
2016-05-10,45.75
2016-05-11,45.459999084472656
2016-05-12,45.83000183105469
2016-05-13,45.349998474121094
2016-05-16,45.619998931884766
2016-05-17,44.75
2016-05-18,44.47999954223633
2016-05-19,44.31999969482422
2016-05-20,43.95000076293945
2016-05-23,43.970001220703125
2016-05-24,44.369998931884766
2016-05-25,44.380001068115234
2016-05-26,44.689998626708984
2016-05-27,44.779998779296875
2016-05-31,44.599998474121094
2016-06-01,44.70000076293945
2016-06-02,44.720001220703125
2016-06-03,45.040000915527344
2016-06-06,45.369998931884766
2016-06-07,45.31999969482422
2016-06-08,45.54999923706055
2016-06-09,45.7599983215332
2016-06-10,45.9900016784668
2016-06-13,45.119998931884766
2016-06-14,45.040000915527344
2016-06-15,45.0099983215332
2016-06-16,45.310001373291016
2016-06-17,44.790000915527344
2016-06-20,44.97999954223633
2016-06-21,45.130001068115234
2016-06-22,44.86000061035156
2016-06-23,45.08000183105469
2016-06-24,43.93000030517578
2016-06-27,43.779998779296875
2016-06-28,44.18000030517578
2016-06-29,44.439998626708984
2016-06-30,45.33000183105469
2016-07-01,45.119998931884766
2016-07-05,45.43000030517578
2016-07-06,45.27000045776367
2016-07-07,45.09000015258789
2016-07-08,45.380001068115234
2016-07-11,45.56999969482422
2016-07-12,45.58000183105469
2016-07-13,45.7400016784668
2016-07-14,45.689998626708984
2016-07-15,45.630001068115234
2016-07-18,45.630001068115234
2016-07-19,45.630001068115234
2016-07-20,45.5099983215332
2016-07-21,45.45000076293945
2016-07-22,45.83000183105469
2016-07-25,45.56999969482422
2016-07-26,44.880001068115234
2016-07-27,43.400001525878906
2016-07-28,43.650001525878906
2016-07-29,43.630001068115234
2016-08-01,43.45000076293945
2016-08-02,43.529998779296875
2016-08-03,43.63999938964844
2016-08-04,43.5099983215332
2016-08-05,43.47999954223633
2016-08-08,43.439998626708984
2016-08-09,43.470001220703125
2016-08-10,43.61000061035156
2016-08-11,43.75
2016-08-12,44.029998779296875
2016-08-15,44.2400016784668
2016-08-16,43.83000183105469
2016-08-17,44.060001373291016
2016-08-18,44.099998474121094
2016-08-19,43.91999816894531
2016-08-22,43.7400016784668
2016-08-23,43.849998474121094
2016-08-24,43.849998474121094
2016-08-25,43.66999816894531
2016-08-26,43.31999969482422
2016-08-29,43.540000915527344
2016-08-30,43.2400016784668
2016-08-31,43.43000030517578
2016-09-01,43.349998474121094
2016-09-02,43.65999984741211
2016-09-06,43.790000915527344
2016-09-07,43.63999938964844
2016-09-08,43.630001068115234
2016-09-09,42.27000045776367
2016-09-12,43.189998626708984
2016-09-13,42.279998779296875
2016-09-14,42.11000061035156
2016-09-15,42.36000061035156
2016-09-16,42.13999938964844
2016-09-19,42.099998474121094
2016-09-20,42.34000015258789
2016-09-21,42.529998779296875
2016-09-22,42.959999084472656
2016-09-23,42.7400016784668
2016-09-26,42.04999923706055
2016-09-27,42.59000015258789
2016-09-28,42.150001525878906
2016-09-29,42.029998779296875
2016-09-30,42.31999969482422
2016-10-03,42.029998779296875
2016-10-04,41.84000015258789
2016-10-05,41.810001373291016
2016-10-06,41.709999084472656
2016-10-07,41.72999954223633
2016-10-10,41.72999954223633
2016-10-11,41.540000915527344
2016-10-12,41.779998779296875
2016-10-13,41.7599983215332
2016-10-14,41.66999816894531
2016-10-17,41.599998474121094
2016-10-18,41.970001220703125
2016-10-19,42.04999923706055
2016-10-20,41.93000030517578
2016-10-21,42.130001068115234
2016-10-24,42.560001373291016
2016-10-25,42.540000915527344
2016-10-26,42.439998626708984
2016-10-27,42.119998931884766
2016-10-28,42.22999954223633
2016-10-31,42.400001525878906
2016-11-01,42.119998931884766
2016-11-02,42.04999923706055
2016-11-03,42.029998779296875
2016-11-04,41.689998626708984
2016-11-07,42.459999084472656
2016-11-08,42.880001068115234
2016-11-09,42.27000045776367
2016-11-10,40.939998626708984
2016-11-11,41.029998779296875
2016-11-14,41.16999816894531
2016-11-15,41.439998626708984
2016-11-16,41.2599983215332
2016-11-17,41.119998931884766
2016-11-18,40.90999984741211
2016-11-21,41.36000061035156
2016-11-22,41.369998931884766
2016-11-23,41.119998931884766
2016-11-25,41.529998779296875
2016-11-28,41.75
2016-11-29,41.150001525878906
2016-11-30,40.349998474121094
2016-12-01,40.16999816894531
2016-12-02,40.36000061035156
2016-12-05,40.619998931884766
2016-12-06,40.56999969482422
2016-12-07,41.290000915527344
2016-12-08,40.97999954223633
2016-12-09,42.0
2016-12-12,41.900001525878906
2016-12-13,41.7599983215332
2016-12-14,41.209999084472656
2016-12-15,41.54999923706055
2016-12-16,41.7400016784668
2016-12-19,41.66999816894531
2016-12-20,41.65999984741211
2016-12-21,41.56999969482422
2016-12-22,41.54999923706055
2016-12-23,41.599998474121094
2016-12-27,41.61000061035156
2016-12-28,41.38999938964844
2016-12-29,41.599998474121094
2016-12-30,41.459999084472656
2017-01-03,41.79999923706055
2017-01-04,41.650001525878906
2017-01-05,41.75
2017-01-06,41.7400016784668
2017-01-09,41.31999969482422
2017-01-10,41.040000915527344
2017-01-11,41.04999923706055
2017-01-12,40.95000076293945
2017-01-13,40.880001068115234
2017-01-17,41.220001220703125
2017-01-18,41.290000915527344
2017-01-19,41.13999938964844
2017-01-20,41.31999969482422
2017-01-23,41.43000030517578
2017-01-24,41.900001525878906
2017-01-25,42.119998931884766
2017-01-26,41.810001373291016
2017-01-27,41.45000076293945
2017-01-30,41.380001068115234
2017-01-31,41.56999969482422
2017-02-01,41.2599983215332
2017-02-02,41.400001525878906
2017-02-03,41.540000915527344
2017-02-06,41.560001373291016
2017-02-07,41.900001525878906
2017-02-08,42.02000045776367
2017-02-09,41.25
2017-02-10,40.58000183105469
2017-02-13,40.619998931884766
2017-02-14,40.529998779296875
2017-02-15,40.439998626708984
2017-02-16,41.20000076293945
2017-02-17,41.22999954223633
2017-02-21,41.459999084472656
2017-02-22,41.599998474121094
2017-02-23,41.65999984741211
2017-02-24,41.779998779296875
2017-02-27,41.66999816894531
2017-02-28,41.959999084472656
2017-03-01,42.15999984741211
2017-03-02,42.470001220703125
2017-03-03,42.47999954223633
2017-03-06,42.18000030517578
2017-03-07,41.9900016784668
2017-03-08,41.9900016784668
2017-03-09,42.029998779296875
2017-03-10,42.290000915527344
2017-03-13,42.029998779296875
2017-03-14,41.970001220703125
2017-03-15,42.119998931884766
2017-03-16,42.25
2017-03-17,42.029998779296875
2017-03-20,42.18000030517578
2017-03-21,42.5
2017-03-22,42.380001068115234
2017-03-23,42.16999816894531
2017-03-24,42.119998931884766
2017-03-27,42.31999969482422
2017-03-28,42.43000030517578
2017-03-29,42.41999816894531
2017-03-30,42.599998474121094
2017-03-31,42.439998626708984
2017-04-03,42.40999984741211
2017-04-04,42.68000030517578
2017-04-05,42.56999969482422
2017-04-06,42.66999816894531
2017-04-07,42.61000061035156
2017-04-10,42.689998626708984
2017-04-11,42.65999984741211
2017-04-12,42.939998626708984
2017-04-13,42.790000915527344
2017-04-17,43.06999969482422
2017-04-18,43.47999954223633
2017-04-19,43.22999954223633
2017-04-20,43.09000015258789
2017-04-21,43.06999969482422
2017-04-24,43.279998779296875
2017-04-25,43.11000061035156
2017-04-26,43.2400016784668
2017-04-27,43.0099983215332
2017-04-28,43.150001525878906
2017-05-01,43.220001220703125
2017-05-02,43.38999938964844
2017-05-03,43.31999969482422
2017-05-04,43.65999984741211
2017-05-05,43.689998626708984
2017-05-08,43.88999938964844
2017-05-09,43.5099983215332
2017-05-10,43.56999969482422
2017-05-11,43.66999816894531
2017-05-12,43.59000015258789
2017-05-15,43.72999954223633
2017-05-16,43.849998474121094
2017-05-17,43.93000030517578
2017-05-18,43.79999923706055
2017-05-19,43.900001525878906
2017-05-22,44.18000030517578
2017-05-23,44.38999938964844
2017-05-24,45.029998779296875
2017-05-25,45.40999984741211
2017-05-26,45.38999938964844
2017-05-30,45.43000030517578
2017-05-31,45.470001220703125
2017-06-01,45.790000915527344
2017-06-02,45.88999938964844
2017-06-05,45.9900016784668
2017-06-06,45.97999954223633
2017-06-07,45.5099983215332
2017-06-08,45.130001068115234
2017-06-09,45.31999969482422
2017-06-12,45.33000183105469
2017-06-13,45.029998779296875
2017-06-14,45.29999923706055
2017-06-15,45.25
2017-06-16,45.310001373291016
2017-06-19,45.380001068115234
2017-06-20,45.61000061035156
2017-06-21,45.220001220703125
2017-06-22,45.06999969482422
2017-06-23,45.25
2017-06-26,45.43000030517578
2017-06-27,45.04999923706055
2017-06-28,45.31999969482422
2017-06-29,44.83000183105469
2017-06-30,44.849998474121094
2017-07-03,44.7599983215332
2017-07-05,44.81999969482422
2017-07-06,44.400001525878906
2017-07-07,44.38999938964844
2017-07-10,44.380001068115234
2017-07-11,44.33000183105469
2017-07-12,44.5099983215332
2017-07-13,44.43000030517578
2017-07-14,44.68000030517578
2017-07-17,44.72999954223633
2017-07-18,44.66999816894531
2017-07-19,44.83000183105469
2017-07-20,44.81999969482422
2017-07-21,45.029998779296875
2017-07-24,44.84000015258789
2017-07-25,45.2400016784668
2017-07-26,45.7400016784668
2017-07-27,46.119998931884766
2017-07-28,46.0099983215332
2017-07-31,45.84000015258789
2017-08-01,45.70000076293945
2017-08-02,45.59000015258789
2017-08-03,45.66999816894531
2017-08-04,45.5
2017-08-07,45.63999938964844
2017-08-08,45.599998474121094
2017-08-09,45.59000015258789
2017-08-10,45.7400016784668
2017-08-11,45.59000015258789
2017-08-14,45.79999923706055
2017-08-15,46.189998626708984
2017-08-16,46.20000076293945
2017-08-17,45.86000061035156
2017-08-18,45.66999816894531
2017-08-21,45.68000030517578
2017-08-22,45.599998474121094
2017-08-23,45.540000915527344
2017-08-24,45.40999984741211
2017-08-25,45.56999969482422
2017-08-28,45.41999816894531
2017-08-29,45.45000076293945
2017-08-30,45.38999938964844
2017-08-31,45.54999923706055
2017-09-01,45.779998779296875
2017-09-05,45.91999816894531
2017-09-06,45.959999084472656
2017-09-07,46.279998779296875
2017-09-08,46.29999923706055
2017-09-11,46.52000045776367
2017-09-12,46.720001220703125
2017-09-13,46.869998931884766
2017-09-14,46.11000061035156
2017-09-15,46.18000030517578
2017-09-18,46.11000061035156
2017-09-19,45.97999954223633
2017-09-20,45.779998779296875
2017-09-21,45.400001525878906
2017-09-22,45.4900016784668
2017-09-25,45.689998626708984
2017-09-26,45.56999969482422
2017-09-27,44.63999938964844
2017-09-28,44.90999984741211
2017-09-29,45.0099983215332
2017-10-02,44.79999923706055
2017-10-03,45.189998626708984
2017-10-04,45.5
2017-10-05,45.52000045776367
2017-10-06,45.4900016784668
2017-10-09,45.40999984741211
2017-10-10,45.869998931884766
2017-10-11,46.099998474121094
2017-10-12,46.11000061035156
2017-10-13,46.18000030517578
2017-10-16,46.619998931884766
2017-10-17,46.52000045776367
2017-10-18,46.400001525878906
2017-10-19,46.59000015258789
2017-10-20,46.380001068115234
2017-10-23,46.31999969482422
2017-10-24,46.18000030517578
2017-10-25,46.04999923706055
2017-10-26,46.22999954223633
2017-10-27,46.06999969482422
2017-10-30,45.86000061035156
2017-10-31,45.97999954223633
2017-11-01,45.79999923706055
2017-11-02,45.880001068115234
2017-11-03,45.970001220703125
2017-11-06,45.470001220703125
2017-11-07,45.939998626708984
2017-11-08,46.18000030517578
2017-11-09,46.22999954223633
2017-11-10,46.540000915527344
2017-11-13,46.720001220703125
2017-11-14,47.43000030517578
2017-11-15,46.810001373291016
2017-11-16,46.54999923706055
2017-11-17,45.709999084472656
2017-11-20,45.459999084472656
2017-11-21,45.779998779296875
2017-11-22,45.84000015258789
2017-11-24,45.880001068115234
2017-11-27,45.900001525878906
2017-11-28,45.83000183105469
2017-11-29,45.5
2017-11-30,45.77000045776367
2017-12-01,45.970001220703125
2017-12-04,46.22999954223633
2017-12-05,46.2599983215332
2017-12-06,46.45000076293945
2017-12-07,45.779998779296875
2017-12-08,45.310001373291016
2017-12-11,45.33000183105469
2017-12-12,45.290000915527344
2017-12-13,45.900001525878906
2017-12-14,46.029998779296875
2017-12-15,46.189998626708984
2017-12-18,45.93000030517578
2017-12-19,46.130001068115234
2017-12-20,46.08000183105469
2017-12-21,45.599998474121094
2017-12-22,45.59000015258789
2017-12-26,45.810001373291016
2017-12-27,45.93000030517578
2017-12-28,45.720001220703125
2017-12-29,45.880001068115234
2018-01-02,45.540000915527344
2018-01-03,45.439998626708984
2018-01-04,46.08000183105469
2018-01-05,46.06999969482422
2018-01-08,46.0
2018-01-09,46.22999954223633
2018-01-10,46.06999969482422
2018-01-11,46.040000915527344
2018-01-12,46.150001525878906
2018-01-16,46.529998779296875
2018-01-17,46.81999969482422
2018-01-18,46.880001068115234
2018-01-19,47.15999984741211
2018-01-22,47.380001068115234
2018-01-23,47.45000076293945
2018-01-24,47.83000183105469
2018-01-25,47.84000015258789
2018-01-26,48.529998779296875
2018-01-29,47.70000076293945
2018-01-30,47.40999984741211
2018-01-31,47.59000015258789
2018-02-01,47.45000076293945
2018-02-02,46.72999954223633
2018-02-05,44.88999938964844
2018-02-06,44.66999816894531
2018-02-07,44.560001373291016
2018-02-08,43.099998474121094
2018-02-09,43.130001068115234
2018-02-12,43.970001220703125
2018-02-13,44.189998626708984
2018-02-14,44.099998474121094
2018-02-15,44.779998779296875
2018-02-16,44.97999954223633
2018-02-20,43.9900016784668
2018-02-21,43.34000015258789
2018-02-22,43.52000045776367
2018-02-23,44.040000915527344
2018-02-26,44.029998779296875
2018-02-27,43.619998931884766
2018-02-28,43.220001220703125
2018-03-01,43.43000030517578
2018-03-02,43.720001220703125
2018-03-05,43.88999938964844
2018-03-06,43.93000030517578
2018-03-07,43.81999969482422
2018-03-08,44.45000076293945
2018-03-09,44.81999969482422
2018-03-12,44.529998779296875
2018-03-13,44.56999969482422
2018-03-14,43.779998779296875
2018-03-15,43.66999816894531
2018-03-16,43.459999084472656
2018-03-19,43.2599983215332
2018-03-20,43.15999984741211
2018-03-21,43.0
2018-03-22,42.7599983215332
2018-03-23,42.33000183105469
2018-03-26,42.689998626708984
2018-03-27,42.88999938964844
2018-03-28,43.31999969482422
2018-03-29,43.43000030517578
2018-04-02,42.66999816894531
2018-04-03,43.380001068115234
2018-04-04,44.2400016784668
2018-04-05,44.400001525878906
2018-04-06,43.91999816894531
2018-04-09,43.83000183105469
2018-04-10,43.9900016784668
2018-04-11,43.9900016784668
2018-04-12,44.029998779296875
2018-04-13,44.5099983215332
2018-04-16,44.68000030517578
2018-04-17,44.880001068115234
2018-04-18,44.5099983215332
2018-04-19,44.310001373291016
2018-04-20,43.7400016784668
2018-04-23,43.97999954223633
2018-04-24,43.06999969482422
2018-04-25,42.43000030517578
2018-04-26,42.75
2018-04-27,43.310001373291016
2018-04-30,43.209999084472656
2018-05-01,42.59000015258789
2018-05-02,42.060001373291016
2018-05-03,41.88999938964844
2018-05-04,42.36000061035156
2018-05-07,42.13999938964844
2018-05-08,41.810001373291016
2018-05-09,41.779998779296875
2018-05-10,42.18000030517578
2018-05-11,42.13999938964844
2018-05-14,42.040000915527344
2018-05-15,41.720001220703125
2018-05-16,41.54999923706055
2018-05-17,42.29999923706055
2018-05-18,42.18000030517578
2018-05-21,42.40999984741211
2018-05-22,42.25
2018-05-23,42.400001525878906
2018-05-24,42.31999969482422
2018-05-25,42.400001525878906
2018-05-29,42.68000030517578
2018-05-30,43.130001068115234
2018-05-31,43.0
2018-06-01,43.119998931884766
2018-06-04,43.4900016784668
2018-06-05,43.11000061035156
2018-06-06,43.459999084472656
2018-06-07,43.439998626708984
2018-06-08,43.95000076293945
2018-06-11,44.130001068115234
2018-06-12,44.40999984741211
2018-06-13,44.18000030517578
2018-06-14,43.58000183105469
2018-06-15,44.119998931884766
2018-06-18,43.54999923706055
2018-06-19,43.599998474121094
2018-06-20,43.2599983215332
2018-06-21,43.09000015258789
2018-06-22,43.25
2018-06-25,43.58000183105469
2018-06-26,43.33000183105469
2018-06-27,43.06999969482422
2018-06-28,43.470001220703125
2018-06-29,43.86000061035156
2018-07-02,43.75
2018-07-03,43.9900016784668
2018-07-05,44.65999984741211
2018-07-06,44.63999938964844
2018-07-09,44.400001525878906
2018-07-10,44.970001220703125
2018-07-11,44.790000915527344
2018-07-12,44.66999816894531
2018-07-13,44.7400016784668
2018-07-16,44.72999954223633
2018-07-17,45.25
2018-07-18,45.119998931884766
2018-07-19,45.11000061035156
2018-07-20,45.279998779296875
2018-07-23,44.95000076293945
2018-07-24,45.2599983215332
2018-07-25,46.09000015258789
2018-07-26,46.2400016784668
2018-07-27,46.209999084472656
2018-07-30,46.22999954223633
2018-07-31,46.630001068115234
2018-08-01,46.38999938964844
2018-08-02,46.18000030517578
2018-08-03,46.619998931884766
2018-08-06,46.650001525878906
2018-08-07,46.5
2018-08-08,46.150001525878906
2018-08-09,46.349998474121094
2018-08-10,46.08000183105469
2018-08-13,45.83000183105469
2018-08-14,45.88999938964844
2018-08-15,46.08000183105469
2018-08-16,46.220001220703125
2018-08-17,46.599998474121094
2018-08-20,46.72999954223633
2018-08-21,46.220001220703125
2018-08-22,45.93000030517578
2018-08-23,45.70000076293945
2018-08-24,45.630001068115234
2018-08-27,45.689998626708984
2018-08-28,45.369998931884766
2018-08-29,45.33000183105469
2018-08-30,44.95000076293945
2018-08-31,44.56999969482422
2018-09-04,44.7599983215332
2018-09-05,45.380001068115234
2018-09-06,45.77000045776367
2018-09-07,45.720001220703125
2018-09-10,46.060001373291016
2018-09-11,46.02000045776367
2018-09-12,46.2400016784668
2018-09-13,45.83000183105469
2018-09-14,45.9900016784668
2018-09-17,46.31999969482422
2018-09-18,45.93000030517578
2018-09-19,45.959999084472656
2018-09-20,46.63999938964844
2018-09-21,46.58000183105469
2018-09-24,46.06999969482422
2018-09-25,45.68000030517578
2018-09-26,45.849998474121094
2018-09-27,46.0099983215332
2018-09-28,46.189998626708984
2018-10-01,46.22999954223633
2018-10-02,46.5099983215332
2018-10-03,45.869998931884766
2018-10-04,45.849998474121094
2018-10-05,45.880001068115234
2018-10-08,46.47999954223633
2018-10-09,46.38999938964844
2018-10-10,45.68000030517578
2018-10-11,44.63999938964844
2018-10-12,44.68000030517578
2018-10-15,44.90999984741211
2018-10-16,45.4900016784668
2018-10-17,45.86000061035156
2018-10-18,45.61000061035156
2018-10-19,46.33000183105469
2018-10-22,45.970001220703125
2018-10-23,46.36000061035156
2018-10-24,46.72999954223633
2018-10-25,46.5099983215332
2018-10-26,45.91999816894531
2018-10-29,46.459999084472656
2018-10-30,47.630001068115234
2018-10-31,47.880001068115234
2018-11-01,47.7400016784668
2018-11-02,48.0
2018-11-05,48.689998626708984
2018-11-06,49.11000061035156
2018-11-07,49.369998931884766
2018-11-08,49.33000183105469
2018-11-09,49.68000030517578
2018-11-12,49.869998931884766
2018-11-13,49.86000061035156
2018-11-14,49.7599983215332
2018-11-15,49.7400016784668
2018-11-16,50.16999816894531
2018-11-19,50.5099983215332
2018-11-20,49.380001068115234
2018-11-21,48.72999954223633
2018-11-23,49.02000045776367
2018-11-26,48.869998931884766
2018-11-27,49.369998931884766
2018-11-28,49.709999084472656
2018-11-29,48.97999954223633
2018-11-30,50.400001525878906
2018-12-03,49.689998626708984
2018-12-04,49.58000183105469
2018-12-06,49.380001068115234
2018-12-07,49.09000015258789
2018-12-10,49.2400016784668
2018-12-11,49.540000915527344
2018-12-12,49.220001220703125
2018-12-13,49.470001220703125
2018-12-14,49.34000015258789
2018-12-17,48.33000183105469
2018-12-18,48.31999969482422
2018-12-19,47.900001525878906
2018-12-20,47.540000915527344
2018-12-21,47.56999969482422
2018-12-24,45.959999084472656
2018-12-26,46.939998626708984
2018-12-27,47.529998779296875
2018-12-28,47.20000076293945
2018-12-31,47.349998474121094
2019-01-02,46.93000030517578
2019-01-03,46.63999938964844
2019-01-04,47.56999969482422
2019-01-07,46.95000076293945
2019-01-08,47.47999954223633
2019-01-09,46.56999969482422
2019-01-10,47.06999969482422
2019-01-11,47.34000015258789
2019-01-14,47.150001525878906
2019-01-15,47.56999969482422
2019-01-16,46.91999816894531
2019-01-17,47.060001373291016
2019-01-18,47.61000061035156
2019-01-22,47.720001220703125
2019-01-23,48.27000045776367
2019-01-24,47.689998626708984
2019-01-25,47.369998931884766
2019-01-28,47.16999816894531
2019-01-29,47.400001525878906
2019-01-30,47.86000061035156
2019-01-31,48.130001068115234
2019-02-01,48.70000076293945
2019-02-04,49.25
2019-02-05,49.2599983215332
2019-02-06,49.2599983215332
2019-02-07,49.41999816894531
2019-02-08,49.5
2019-02-11,49.61000061035156
2019-02-12,49.65999984741211
2019-02-13,49.790000915527344
2019-02-14,45.59000015258789
2019-02-15,45.2400016784668
2019-02-19,44.83000183105469
2019-02-20,45.099998474121094
2019-02-21,45.86000061035156
2019-02-22,45.279998779296875
2019-02-25,44.939998626708984
2019-02-26,44.689998626708984
2019-02-27,44.939998626708984
2019-02-28,45.34000015258789
2019-03-01,45.380001068115234
2019-03-04,45.650001525878906
2019-03-05,45.599998474121094
2019-03-06,45.45000076293945
2019-03-07,45.279998779296875
2019-03-08,44.84000015258789
2019-03-11,46.18000030517578
2019-03-12,46.04999923706055
2019-03-13,46.220001220703125
2019-03-14,45.70000076293945
2019-03-15,45.29999923706055
2019-03-18,45.40999984741211
2019-03-19,45.560001373291016
2019-03-20,45.529998779296875
2019-03-21,45.5099983215332
2019-03-22,45.93000030517578
2019-03-25,46.029998779296875
2019-03-26,46.63999938964844
2019-03-27,46.61000061035156
2019-03-28,46.58000183105469
2019-03-29,46.86000061035156
2019-04-01,46.720001220703125
2019-04-02,46.56999969482422
2019-04-03,46.18000030517578
2019-04-04,46.47999954223633
2019-04-05,46.470001220703125
2019-04-08,46.54999923706055
2019-04-09,46.66999816894531
2019-04-10,46.63999938964844
2019-04-11,46.709999084472656
2019-04-12,46.7400016784668
2019-04-15,47.0
2019-04-16,46.95000076293945
2019-04-17,47.279998779296875
2019-04-18,47.47999954223633
2019-04-22,47.400001525878906
2019-04-23,48.209999084472656
2019-04-24,47.97999954223633
2019-04-25,47.84000015258789
2019-04-26,48.2599983215332
2019-04-29,48.41999816894531
2019-04-30,49.060001373291016
2019-05-01,48.59000015258789
2019-05-02,48.38999938964844
2019-05-03,48.720001220703125
2019-05-06,48.470001220703125
2019-05-07,48.0
2019-05-08,47.849998474121094
2019-05-09,47.400001525878906
2019-05-10,48.189998626708984
2019-05-13,48.04999923706055
2019-05-14,48.689998626708984
2019-05-15,49.18000030517578
2019-05-16,49.58000183105469
2019-05-17,49.20000076293945
2019-05-20,48.849998474121094
2019-05-21,48.599998474121094
2019-05-22,49.650001525878906
2019-05-23,49.849998474121094
2019-05-24,49.61000061035156
2019-05-28,49.099998474121094
2019-05-29,48.61000061035156
2019-05-30,49.25
2019-05-31,49.130001068115234
2019-06-03,49.97999954223633
2019-06-04,50.0
2019-06-05,50.779998779296875
2019-06-06,51.400001525878906
2019-06-07,51.4900016784668
2019-06-10,51.380001068115234
2019-06-11,51.33000183105469
2019-06-12,51.63999938964844
2019-06-13,51.130001068115234
2019-06-14,51.310001373291016
2019-06-17,50.869998931884766
2019-06-18,50.63999938964844
2019-06-19,51.119998931884766
2019-06-20,51.65999984741211
2019-06-21,51.54999923706055
2019-06-24,51.91999816894531
2019-06-25,51.7599983215332
2019-06-26,51.119998931884766
2019-06-27,51.08000183105469
2019-06-28,50.91999816894531
2019-07-01,51.599998474121094
2019-07-02,51.97999954223633
2019-07-03,52.099998474121094
2019-07-05,52.11000061035156
2019-07-08,52.0
2019-07-09,51.59000015258789
2019-07-10,51.81999969482422
2019-07-11,52.040000915527344
2019-07-12,52.119998931884766
2019-07-15,52.130001068115234
2019-07-16,52.13999938964844
2019-07-17,52.18000030517578
2019-07-18,52.029998779296875
2019-07-19,51.38999938964844
2019-07-22,51.220001220703125
2019-07-23,54.33000183105469
2019-07-24,53.779998779296875
2019-07-25,53.06999969482422
2019-07-26,54.16999816894531
2019-07-29,53.9900016784668
2019-07-30,53.720001220703125
2019-07-31,52.630001068115234
2019-08-01,52.029998779296875
2019-08-02,52.33000183105469
2019-08-05,51.650001525878906
2019-08-06,52.27000045776367
2019-08-07,53.18000030517578
2019-08-08,53.689998626708984
2019-08-09,53.41999816894531
2019-08-12,53.20000076293945
2019-08-13,53.5
2019-08-14,52.9900016784668
2019-08-15,53.869998931884766
2019-08-16,54.40999984741211
2019-08-19,54.689998626708984
2019-08-20,53.880001068115234
2019-08-21,54.099998474121094
2019-08-22,54.4900016784668
2019-08-23,53.7400016784668
2019-08-26,54.540000915527344
2019-08-27,54.720001220703125
2019-08-28,55.11000061035156
2019-08-29,55.04999923706055
2019-08-30,55.040000915527344
2019-09-03,55.29999923706055
2019-09-04,55.77000045776367
2019-09-05,55.119998931884766
2019-09-06,55.22999954223633
2019-09-09,54.52000045776367
2019-09-10,54.400001525878906
2019-09-11,54.77000045776367
2019-09-12,55.11000061035156
2019-09-13,54.2599983215332
2019-09-16,53.959999084472656
2019-09-17,54.2400016784668
2019-09-18,54.22999954223633
2019-09-19,54.52000045776367
2019-09-20,53.90999984741211
2019-09-23,54.13999938964844
2019-09-24,54.29999923706055
2019-09-25,54.16999816894531
2019-09-26,54.38999938964844
2019-09-27,54.310001373291016
2019-09-30,54.439998626708984
2019-10-01,54.650001525878906
2019-10-02,53.08000183105469
2019-10-03,53.84000015258789
2019-10-04,54.540000915527344
2019-10-07,53.869998931884766
2019-10-08,53.58000183105469
2019-10-09,53.83000183105469
2019-10-10,53.65999984741211
2019-10-11,53.29999923706055
2019-10-14,53.29999923706055
2019-10-15,53.5099983215332
2019-10-16,53.4900016784668
2019-10-17,53.790000915527344
2019-10-18,54.779998779296875
2019-10-21,54.22999954223633
2019-10-22,53.849998474121094
2019-10-23,54.63999938964844
2019-10-24,54.61000061035156
2019-10-25,53.75
2019-10-28,53.56999969482422
2019-10-29,53.40999984741211
2019-10-30,53.939998626708984
2019-10-31,54.43000030517578
2019-11-01,53.900001525878906
2019-11-04,53.13999938964844
2019-11-05,52.41999816894531
2019-11-06,52.79999923706055
2019-11-07,52.290000915527344
2019-11-08,52.209999084472656
2019-11-11,51.84000015258789
2019-11-12,51.709999084472656
2019-11-13,52.40999984741211
2019-11-14,52.630001068115234
2019-11-15,52.66999816894531
2019-11-18,53.029998779296875
2019-11-19,53.08000183105469
2019-11-20,53.220001220703125
2019-11-21,52.959999084472656
2019-11-22,53.029998779296875
2019-11-25,53.220001220703125
2019-11-26,53.900001525878906
2019-11-27,53.95000076293945
2019-11-29,53.400001525878906
2019-12-02,53.75
2019-12-03,53.79999923706055
2019-12-04,54.290000915527344
2019-12-05,54.189998626708984
2019-12-06,54.41999816894531
2019-12-09,54.06999969482422
2019-12-10,53.77000045776367
2019-12-11,53.95000076293945
2019-12-12,54.13999938964844
2019-12-13,54.41999816894531
2019-12-16,54.41999816894531
2019-12-17,54.41999816894531
2019-12-18,53.90999984741211
2019-12-19,54.31999969482422
2019-12-20,54.970001220703125
2019-12-23,54.90999984741211
2019-12-24,54.709999084472656
2019-12-26,55.02000045776367
2019-12-27,55.349998474121094
2019-12-30,55.27000045776367
2019-12-31,55.349998474121094
2020-01-02,54.9900016784668
2020-01-03,54.689998626708984
2020-01-06,54.66999816894531
2020-01-07,54.25
2020-01-08,54.349998474121094
2020-01-09,55.34000015258789
2020-01-10,55.529998779296875
2020-01-13,56.130001068115234
2020-01-14,56.0
2020-01-15,56.70000076293945
2020-01-16,56.81999969482422
2020-01-17,56.939998626708984
2020-01-21,57.16999816894531
2020-01-22,57.61000061035156
2020-01-23,57.83000183105469
2020-01-24,57.68000030517578
2020-01-27,57.47999954223633
2020-01-28,57.0099983215332
2020-01-29,57.0099983215332
2020-01-30,58.86000061035156
2020-01-31,58.400001525878906
2020-02-03,58.58000183105469
2020-02-04,58.84000015258789
2020-02-05,58.849998474121094
2020-02-06,58.9900016784668
2020-02-07,59.189998626708984
2020-02-10,59.75
2020-02-11,59.59000015258789
2020-02-12,59.40999984741211
2020-02-13,59.61000061035156
2020-02-14,59.95000076293945
2020-02-18,59.529998779296875
2020-02-19,59.77000045776367
2020-02-20,59.720001220703125
2020-02-21,60.130001068115234
2020-02-24,58.650001525878906
2020-02-25,57.81999969482422
2020-02-26,57.599998474121094
2020-02-27,54.93000030517578
2020-02-28,53.4900016784668
2020-03-02,55.91999816894531
2020-03-03,56.060001373291016
2020-03-04,58.91999816894531
2020-03-05,56.7400016784668
2020-03-06,55.2599983215332
2020-03-09,51.86000061035156
2020-03-10,53.65999984741211
2020-03-11,52.209999084472656
2020-03-12,47.15999984741211
2020-03-13,48.470001220703125
2020-03-16,45.2599983215332
2020-03-17,47.18000030517578
2020-03-18,44.849998474121094
2020-03-19,41.83000183105469
2020-03-20,38.29999923706055
2020-03-23,37.560001373291016
2020-03-24,39.45000076293945
2020-03-25,41.61000061035156
2020-03-26,44.290000915527344
2020-03-27,42.810001373291016
2020-03-30,45.0
2020-03-31,44.25
2020-04-01,42.119998931884766
2020-04-02,43.95000076293945
2020-04-03,43.83000183105469
2020-04-06,46.66999816894531
2020-04-07,46.5099983215332
2020-04-08,47.81999969482422
2020-04-09,49.0
2020-04-13,46.93000030517578
2020-04-14,48.91999816894531
2020-04-15,47.61000061035156
2020-04-16,47.099998474121094
2020-04-17,48.060001373291016
2020-04-20,46.529998779296875
2020-04-21,45.380001068115234
2020-04-22,45.68000030517578
2020-04-23,45.06999969482422
2020-04-24,45.43000030517578
2020-04-27,46.779998779296875
2020-04-28,46.7400016784668
2020-04-29,47.119998931884766
2020-04-30,45.88999938964844
2020-05-01,45.599998474121094
2020-05-04,45.13999938964844
2020-05-05,45.400001525878906
2020-05-06,44.75
2020-05-07,44.599998474121094
2020-05-08,46.11000061035156
2020-05-11,45.540000915527344
2020-05-12,44.81999969482422
2020-05-13,43.939998626708984
2020-05-14,43.70000076293945
2020-05-15,43.2599983215332
2020-05-18,44.970001220703125
2020-05-19,44.540000915527344
2020-05-20,45.88999938964844
2020-05-21,45.16999816894531
2020-05-22,45.029998779296875
2020-05-26,46.09000015258789
2020-05-27,46.72999954223633
2020-05-28,47.09000015258789
2020-05-29,46.68000030517578
2020-06-01,46.9900016784668
2020-06-02,46.900001525878906
2020-06-03,47.900001525878906
2020-06-04,47.91999816894531
2020-06-05,49.09000015258789
2020-06-08,49.849998474121094
2020-06-09,49.0
2020-06-10,48.619998931884766
2020-06-11,45.540000915527344
2020-06-12,45.599998474121094
2020-06-15,46.29999923706055
2020-06-16,46.77000045776367
2020-06-17,46.58000183105469
2020-06-18,46.9900016784668
2020-06-19,46.02000045776367
2020-06-22,45.7400016784668
2020-06-23,45.63999938964844
2020-06-24,44.650001525878906
2020-06-25,44.93000030517578
2020-06-26,43.56999969482422
2020-06-29,44.36000061035156
2020-06-30,44.68000030517578
2020-07-01,44.81999969482422
2020-07-02,44.880001068115234
2020-07-06,45.22999954223633
2020-07-07,45.209999084472656
2020-07-08,45.06999969482422
2020-07-09,43.90999984741211
2020-07-10,45.150001525878906
2020-07-13,45.25
2020-07-14,45.869998931884766
2020-07-15,46.400001525878906
2020-07-16,46.150001525878906
2020-07-17,46.81999969482422
2020-07-20,46.119998931884766
2020-07-21,47.20000076293945
2020-07-22,48.47999954223633
2020-07-23,48.279998779296875
2020-07-24,48.4900016784668
2020-07-27,48.47999954223633
2020-07-28,48.18000030517578
2020-07-29,48.02000045776367
2020-07-30,47.689998626708984
2020-07-31,47.2400016784668
2020-08-03,46.29999923706055
2020-08-04,46.689998626708984
2020-08-05,47.220001220703125
2020-08-06,47.47999954223633
2020-08-07,47.79999923706055
2020-08-10,47.720001220703125
2020-08-11,47.93000030517578
2020-08-12,48.43000030517578
2020-08-13,48.380001068115234
2020-08-14,48.45000076293945
2020-08-17,48.209999084472656
2020-08-18,48.41999816894531
2020-08-19,47.369998931884766
2020-08-20,47.349998474121094
2020-08-21,47.279998779296875
2020-08-24,47.970001220703125
2020-08-25,47.90999984741211
2020-08-26,48.15999984741211
2020-08-27,48.22999954223633
2020-08-28,49.83000183105469
2020-08-31,49.529998779296875
2020-09-01,49.119998931884766
2020-09-02,51.189998626708984
2020-09-03,50.47999954223633
2020-09-04,51.040000915527344
2020-09-08,49.810001373291016
2020-09-09,50.189998626708984
2020-09-10,50.0
2020-09-11,51.060001373291016
2020-09-14,50.709999084472656
2020-09-15,51.04999923706055
2020-09-16,50.790000915527344
2020-09-17,50.54999923706055
2020-09-18,50.45000076293945
2020-09-21,49.09000015258789
2020-09-22,49.65999984741211
2020-09-23,48.209999084472656
2020-09-24,48.70000076293945
2020-09-25,48.720001220703125
2020-09-28,49.279998779296875
2020-09-29,48.91999816894531
2020-09-30,49.369998931884766
2020-10-01,49.18000030517578
2020-10-02,49.36000061035156
2020-10-05,49.380001068115234
2020-10-06,48.939998626708984
2020-10-07,49.560001373291016
2020-10-08,50.459999084472656
2020-10-09,50.810001373291016
2020-10-12,51.09000015258789
2020-10-13,50.220001220703125
2020-10-14,50.119998931884766
2020-10-15,49.9900016784668
2020-10-16,50.029998779296875
2020-10-19,49.619998931884766
2020-10-20,50.25
2020-10-21,49.9900016784668
2020-10-22,50.68000030517578
2020-10-23,50.52000045776367
2020-10-26,49.79999923706055
2020-10-27,49.900001525878906
2020-10-28,47.959999084472656
2020-10-29,48.02000045776367
2020-10-30,48.060001373291016
2020-11-02,48.619998931884766
2020-11-03,49.349998474121094
2020-11-04,49.16999816894531
2020-11-05,49.439998626708984
2020-11-06,49.45000076293945
2020-11-09,52.56999969482422
2020-11-10,53.97999954223633
2020-11-11,53.58000183105469
2020-11-12,53.0099983215332
2020-11-13,53.45000076293945
2020-11-16,53.849998474121094
2020-11-17,53.68000030517578
2020-11-18,52.61000061035156
2020-11-19,53.130001068115234
2020-11-20,52.66999816894531
2020-11-23,52.68000030517578
2020-11-24,53.220001220703125
2020-11-25,52.93000030517578
2020-11-27,52.70000076293945
2020-11-30,51.599998474121094
2020-12-01,52.040000915527344
2020-12-02,52.11000061035156
2020-12-03,52.779998779296875
2020-12-04,53.849998474121094
2020-12-07,52.9900016784668
2020-12-08,53.18000030517578
2020-12-09,53.33000183105469
2020-12-10,53.04999923706055
2020-12-11,53.349998474121094
2020-12-14,53.27000045776367
2020-12-15,53.84000015258789
2020-12-16,53.060001373291016
2020-12-17,53.27000045776367
2020-12-18,53.7400016784668
2020-12-21,52.810001373291016
2020-12-22,52.7599983215332
2020-12-23,53.08000183105469
2020-12-24,53.439998626708984
2020-12-28,54.15999984741211
2020-12-29,54.130001068115234
2020-12-30,54.439998626708984
2020-12-31,54.84000015258789
2021-01-04,52.7599983215332
2021-01-05,52.18000030517578
2021-01-06,50.52000045776367
2021-01-07,49.959999084472656
2021-01-08,51.08000183105469
2021-01-11,50.20000076293945
2021-01-12,50.11000061035156
2021-01-13,50.15999984741211
2021-01-14,49.22999954223633
2021-01-15,48.70000076293945
2021-01-19,48.5099983215332
2021-01-20,48.68000030517578
2021-01-21,48.95000076293945
2021-01-22,48.4900016784668
2021-01-25,48.779998779296875
2021-01-26,49.290000915527344
2021-01-27,48.529998779296875
2021-01-28,49.150001525878906
2021-01-29,48.150001525878906
2021-02-01,48.47999954223633
2021-02-02,48.959999084472656
2021-02-03,48.77000045776367
2021-02-04,49.0099983215332
2021-02-05,49.650001525878906
2021-02-08,49.91999816894531
2021-02-09,49.70000076293945
2021-02-10,49.599998474121094
2021-02-11,50.29999923706055
2021-02-12,50.689998626708984
2021-02-16,50.27000045776367
2021-02-17,50.130001068115234
2021-02-18,50.77000045776367
2021-02-19,50.11000061035156
2021-02-22,50.630001068115234
2021-02-23,50.540000915527344
2021-02-24,50.709999084472656
2021-02-25,50.16999816894531
2021-02-26,48.9900016784668
2021-03-01,49.900001525878906
2021-03-02,50.099998474121094
2021-03-03,49.97999954223633
2021-03-04,49.939998626708984
2021-03-05,50.790000915527344
2021-03-08,51.63999938964844
2021-03-09,50.86000061035156
2021-03-10,51.439998626708984
2021-03-11,50.880001068115234
2021-03-12,50.36000061035156
2021-03-15,51.029998779296875
2021-03-16,51.220001220703125
2021-03-17,51.2400016784668
2021-03-18,50.56999969482422
2021-03-19,50.810001373291016
2021-03-22,51.0
2021-03-23,51.38999938964844
2021-03-24,51.52000045776367
2021-03-25,52.02000045776367
2021-03-26,53.040000915527344
2021-03-29,53.849998474121094
2021-03-30,53.150001525878906
2021-03-31,52.709999084472656
2021-04-01,52.5099983215332
2021-04-05,52.810001373291016
2021-04-06,53.189998626708984
2021-04-07,53.279998779296875
2021-04-08,53.119998931884766
2021-04-09,53.18000030517578
2021-04-12,53.349998474121094
2021-04-13,53.09000015258789
2021-04-14,53.08000183105469
2021-04-15,53.33000183105469
2021-04-16,53.68000030517578
2021-04-19,54.0
2021-04-20,54.16999816894531
2021-04-21,54.61000061035156
2021-04-22,54.439998626708984
2021-04-23,54.470001220703125
2021-04-26,53.65999984741211
2021-04-27,53.58000183105469
2021-04-28,53.59000015258789
2021-04-29,54.2599983215332
2021-04-30,53.97999954223633
2021-05-03,54.47999954223633
2021-05-04,54.13999938964844
2021-05-05,54.0
2021-05-06,54.540000915527344
2021-05-07,54.5099983215332
2021-05-10,54.90999984741211
2021-05-11,54.31999969482422
2021-05-12,54.040000915527344
2021-05-13,54.5099983215332
2021-05-14,54.72999954223633
2021-05-17,54.63999938964844
2021-05-18,54.34000015258789
2021-05-19,54.16999816894531
2021-05-20,54.650001525878906
2021-05-21,54.619998931884766
2021-05-24,54.79999923706055
2021-05-25,54.790000915527344
2021-05-26,55.029998779296875
2021-05-27,55.4900016784668
2021-05-28,55.290000915527344
2021-06-01,55.279998779296875
2021-06-02,55.5
2021-06-03,55.63999938964844
2021-06-04,56.2400016784668
2021-06-07,56.040000915527344
2021-06-08,55.650001525878906
2021-06-09,55.47999954223633
2021-06-10,55.90999984741211
2021-06-11,56.15999984741211
2021-06-14,55.54999923706055
2021-06-15,55.40999984741211
2021-06-16,54.66999816894531
2021-06-17,54.95000076293945
2021-06-18,53.77000045776367
2021-06-21,54.36000061035156
2021-06-22,54.560001373291016
2021-06-23,54.119998931884766
2021-06-24,54.38999938964844
2021-06-25,54.31999969482422
2021-06-28,54.2599983215332
2021-06-29,53.86000061035156
2021-06-30,54.11000061035156
2021-07-01,53.959999084472656
2021-07-02,54.18000030517578
2021-07-06,53.880001068115234
2021-07-07,54.31999969482422
2021-07-08,54.130001068115234
2021-07-09,54.459999084472656
2021-07-12,54.47999954223633
2021-07-13,55.02000045776367
2021-07-14,56.2599983215332
2021-07-15,56.439998626708984
2021-07-16,56.400001525878906
2021-07-19,55.72999954223633
2021-07-20,55.83000183105469
2021-07-21,56.54999923706055
2021-07-22,56.470001220703125
2021-07-23,57.0099983215332
2021-07-26,57.060001373291016
2021-07-27,57.2599983215332
2021-07-28,56.7400016784668
2021-07-29,57.04999923706055
2021-07-30,57.029998779296875
2021-08-02,56.880001068115234
2021-08-03,56.91999816894531
2021-08-04,56.099998474121094
2021-08-05,56.5
2021-08-06,56.63999938964844
2021-08-09,56.650001525878906
2021-08-10,56.79999923706055
2021-08-11,56.72999954223633
2021-08-12,56.84000015258789
2021-08-13,57.22999954223633
2021-08-16,57.47999954223633
2021-08-17,57.279998779296875
2021-08-18,56.5
2021-08-19,56.86000061035156
2021-08-20,56.63999938964844
2021-08-23,56.439998626708984
2021-08-24,56.0099983215332
2021-08-25,56.06999969482422
2021-08-26,55.540000915527344
2021-08-27,55.650001525878906
2021-08-30,56.18000030517578
2021-08-31,56.310001373291016
2021-09-01,56.689998626708984
2021-09-02,56.77000045776367
2021-09-03,56.72999954223633
2021-09-07,55.66999816894531
2021-09-08,56.41999816894531
2021-09-09,55.86000061035156
2021-09-10,55.61000061035156
2021-09-13,56.06999969482422
2021-09-14,55.689998626708984
2021-09-15,55.880001068115234
2021-09-16,55.349998474121094
2021-09-17,54.439998626708984
2021-09-20,54.060001373291016
2021-09-21,54.04999923706055
2021-09-22,54.130001068115234
2021-09-23,54.040000915527344
2021-09-24,53.88999938964844
2021-09-27,53.61000061035156
2021-09-28,52.63999938964844
2021-09-29,52.959999084472656
2021-09-30,52.470001220703125
2021-10-01,53.02000045776367
2021-10-04,52.9900016784668
2021-10-05,53.08000183105469
2021-10-06,53.709999084472656
2021-10-07,53.880001068115234
2021-10-08,54.119998931884766
2021-10-11,54.22999954223633
2021-10-12,54.22999954223633
2021-10-13,54.2400016784668
2021-10-14,54.61000061035156
2021-10-15,54.47999954223633
2021-10-18,53.939998626708984
2021-10-19,54.150001525878906
2021-10-20,54.630001068115234
2021-10-21,54.349998474121094
2021-10-22,54.45000076293945
2021-10-25,54.22999954223633
2021-10-26,54.470001220703125
2021-10-27,55.52000045776367
2021-10-28,56.040000915527344
2021-10-29,56.369998931884766
2021-11-01,56.16999816894531
2021-11-02,56.099998474121094
2021-11-03,56.290000915527344
2021-11-04,56.599998474121094
2021-11-05,56.84000015258789
2021-11-08,56.33000183105469
2021-11-09,56.4900016784668
2021-11-10,56.720001220703125
2021-11-11,56.7400016784668
2021-11-12,56.61000061035156
2021-11-15,56.619998931884766
2021-11-16,56.220001220703125
2021-11-17,55.90999984741211
2021-11-18,55.40999984741211
2021-11-19,55.130001068115234
2021-11-22,55.470001220703125
2021-11-23,55.880001068115234
2021-11-24,55.43000030517578
2021-11-26,53.72999954223633
2021-11-29,54.58000183105469
2021-11-30,52.45000076293945
2021-12-01,52.29999923706055
2021-12-02,53.06999969482422
2021-12-03,53.540000915527344
2021-12-06,54.90999984741211
2021-12-07,55.209999084472656
2021-12-08,55.0
2021-12-09,54.86000061035156
2021-12-10,56.279998779296875
2021-12-13,57.7599983215332
2021-12-14,57.79999923706055
2021-12-15,58.060001373291016
2021-12-16,58.650001525878906
2021-12-17,57.72999954223633
2021-12-20,57.540000915527344
2021-12-21,57.77000045776367
2021-12-22,58.18000030517578
2021-12-23,58.220001220703125
2021-12-27,58.650001525878906
2021-12-28,58.880001068115234
2021-12-29,58.95000076293945
2021-12-30,58.779998779296875
2021-12-31,59.209999084472656
2022-01-03,59.29999923706055
2022-01-04,60.290000915527344
2022-01-05,60.790000915527344
2022-01-06,60.470001220703125
2022-01-07,60.33000183105469
2022-01-10,60.43000030517578
2022-01-11,60.45000076293945
2022-01-12,60.540000915527344
2022-01-13,60.900001525878906
2022-01-14,61.38999938964844
2022-01-18,60.900001525878906
2022-01-19,61.0
2022-01-20,60.75
2022-01-21,60.45000076293945
2022-01-24,59.959999084472656
2022-01-25,59.81999969482422
2022-01-26,59.599998474121094
2022-01-27,59.650001525878906
2022-01-28,60.84000015258789
2022-01-31,61.0099983215332
2022-02-01,60.560001373291016
2022-02-02,61.18000030517578
2022-02-03,61.61000061035156
2022-02-04,60.959999084472656
2022-02-07,61.599998474121094
2022-02-08,62.0
2022-02-09,61.040000915527344
2022-02-10,61.380001068115234
2022-02-11,60.290000915527344
2022-02-14,60.68000030517578
2022-02-15,60.90999984741211
2022-02-16,60.900001525878906
2022-02-17,62.119998931884766
2022-02-18,62.540000915527344
2022-02-22,62.279998779296875
2022-02-23,61.59000015258789
2022-02-24,60.5099983215332
2022-02-25,62.849998474121094
2022-02-28,62.2400016784668
2022-03-01,61.970001220703125
2022-03-02,62.43000030517578
2022-03-03,62.470001220703125
2022-03-04,62.56999969482422
2022-03-07,61.08000183105469
2022-03-08,58.65999984741211
2022-03-09,58.959999084472656
2022-03-10,57.880001068115234
2022-03-11,57.91999816894531
2022-03-14,58.540000915527344
2022-03-15,59.619998931884766
2022-03-16,59.459999084472656
2022-03-17,60.09000015258789
2022-03-18,60.099998474121094
2022-03-21,60.58000183105469
2022-03-22,60.79999923706055
2022-03-23,60.400001525878906
2022-03-24,60.97999954223633
2022-03-25,61.529998779296875
2022-03-28,61.91999816894531
2022-03-29,62.15999984741211
2022-03-30,62.209999084472656
2022-03-31,62.0
2022-04-01,62.869998931884766
2022-04-04,62.540000915527344
2022-04-05,62.470001220703125
2022-04-06,63.099998474121094
2022-04-07,63.439998626708984
2022-04-08,63.83000183105469
2022-04-11,63.810001373291016
2022-04-12,64.55999755859375
2022-04-13,64.7300033569336
2022-04-14,65.0199966430664
2022-04-18,64.44000244140625
2022-04-19,65.06999969482422
2022-04-20,65.95999908447266
2022-04-21,66.20999908447266
2022-04-22,65.25
2022-04-25,65.94000244140625
2022-04-26,65.05000305175781
2022-04-27,65.55999755859375
2022-04-28,66.19000244140625
2022-04-29,64.61000061035156
2022-05-02,63.439998626708984
2022-05-03,63.08000183105469
2022-05-04,65.02999877929688
2022-05-05,64.51000213623047
2022-05-06,64.73999786376953
2022-05-09,64.61000061035156
2022-05-10,64.01000213623047
2022-05-11,64.30999755859375
2022-05-12,64.51000213623047
2022-05-13,65.72000122070312
2022-05-16,65.95999908447266
2022-05-17,65.77999877929688
2022-05-18,61.20000076293945
2022-05-19,60.0
2022-05-20,60.97999954223633
2022-05-23,62.86000061035156
2022-05-24,64.0199966430664
2022-05-25,64.06999969482422
2022-05-26,64.30000305175781
2022-05-27,64.68000030517578
2022-05-31,63.380001068115234
2022-06-01,63.06999969482422
2022-06-02,63.72999954223633
2022-06-03,62.970001220703125
2022-06-06,62.869998931884766
2022-06-07,63.25
2022-06-08,62.88999938964844
2022-06-09,61.79999923706055
2022-06-10,61.40999984741211
2022-06-13,61.34000015258789
2022-06-14,59.22999954223633
2022-06-15,59.66999816894531
2022-06-16,59.06999969482422
2022-06-17,59.43000030517578
2022-06-21,60.70000076293945
2022-06-22,61.150001525878906
2022-06-23,61.880001068115234
2022-06-24,63.040000915527344
2022-06-27,62.90999984741211
2022-06-28,62.279998779296875
2022-06-29,62.72999954223633
2022-06-30,62.90999984741211
2022-07-01,64.37999725341797
2022-07-05,63.279998779296875
2022-07-06,63.40999984741211
2022-07-07,62.90999984741211
2022-07-08,63.13999938964844
2022-07-11,62.939998626708984
2022-07-12,62.66999816894531
2022-07-13,62.380001068115234
2022-07-14,62.18000030517578
2022-07-15,62.5
2022-07-18,61.650001525878906
2022-07-19,62.529998779296875
2022-07-20,61.5
2022-07-21,61.36000061035156
2022-07-22,61.59000015258789
2022-07-25,62.189998626708984
2022-07-26,63.209999084472656
2022-07-27,63.0099983215332
2022-07-28,64.05999755859375
2022-07-29,64.16999816894531
2022-08-01,64.5199966430664
2022-08-02,63.63999938964844
2022-08-03,63.91999816894531
2022-08-04,63.66999816894531
2022-08-05,63.380001068115234
2022-08-08,62.970001220703125
2022-08-09,63.04999923706055
2022-08-10,63.650001525878906
2022-08-11,63.220001220703125
2022-08-12,63.70000076293945
2022-08-15,64.5
2022-08-16,65.02999877929688
2022-08-17,64.87999725341797
2022-08-18,65.22000122070312
2022-08-19,65.16999816894531
2022-08-22,64.19999694824219
2022-08-23,64.2699966430664
2022-08-24,64.36000061035156
2022-08-25,64.66999816894531
2022-08-26,63.11000061035156
2022-08-29,62.72999954223633
2022-08-30,62.150001525878906
2022-08-31,61.709999084472656
2022-09-01,62.0
2022-09-02,61.150001525878906
2022-09-06,61.18000030517578
2022-09-07,62.310001373291016
2022-09-08,62.119998931884766
2022-09-09,62.31999969482422
2022-09-12,62.5
2022-09-13,60.470001220703125
2022-09-14,60.790000915527344
2022-09-15,59.529998779296875
2022-09-16,59.540000915527344
2022-09-19,59.9900016784668
2022-09-20,59.900001525878906
2022-09-21,59.400001525878906
2022-09-22,59.2599983215332
2022-09-23,58.599998474121094
2022-09-26,57.869998931884766
2022-09-27,56.380001068115234
2022-09-28,56.97999954223633
2022-09-29,56.56999969482422
2022-09-30,56.02000045776367
2022-10-03,56.650001525878906
2022-10-04,56.779998779296875
2022-10-05,56.2400016784668
2022-10-06,55.029998779296875
2022-10-07,54.5099983215332
2022-10-10,54.38999938964844
2022-10-11,54.47999954223633
2022-10-12,55.13999938964844
2022-10-13,55.869998931884766
2022-10-14,54.97999954223633
2022-10-17,55.689998626708984
2022-10-18,56.439998626708984
2022-10-19,55.959999084472656
2022-10-20,55.08000183105469
2022-10-21,55.959999084472656
2022-10-24,57.56999969482422
2022-10-25,58.95000076293945
2022-10-26,59.38999938964844
2022-10-27,59.529998779296875
2022-10-28,60.7599983215332
2022-10-31,59.849998474121094
2022-11-01,59.63999938964844
2022-11-02,58.810001373291016
2022-11-03,58.779998779296875
2022-11-04,59.2599983215332
2022-11-07,59.4900016784668
2022-11-08,59.599998474121094
2022-11-09,58.77000045776367
2022-11-10,60.880001068115234
2022-11-11,61.31999969482422
2022-11-14,60.72999954223633
2022-11-15,60.630001068115234
2022-11-16,60.52000045776367
2022-11-17,60.709999084472656
2022-11-18,61.13999938964844
2022-11-21,62.08000183105469
2022-11-22,62.349998474121094
2022-11-23,62.630001068115234
2022-11-25,62.689998626708984
2022-11-28,62.70000076293945
2022-11-29,62.47999954223633
2022-11-30,63.61000061035156
2022-12-01,63.790000915527344
2022-12-02,64.3499984741211
2022-12-05,63.470001220703125
2022-12-06,63.439998626708984
2022-12-07,63.540000915527344
2022-12-08,63.810001373291016
2022-12-09,63.13999938964844
2022-12-12,63.970001220703125
2022-12-13,63.9900016784668
2022-12-14,63.9900016784668
2022-12-15,63.11000061035156
2022-12-16,62.75
2022-12-19,62.84000015258789
2022-12-20,62.790000915527344
2022-12-21,63.79999923706055
2022-12-22,63.34000015258789
2022-12-23,63.81999969482422
2022-12-27,64.20999908447266
2022-12-28,63.56999969482422
2022-12-29,63.95000076293945
2022-12-30,63.61000061035156
2023-01-03,62.95000076293945
2023-01-04,62.91999816894531
2023-01-05,62.20000076293945
2023-01-06,63.400001525878906
2023-01-09,62.61000061035156
2023-01-10,62.130001068115234
2023-01-11,62.0099983215332
2023-01-12,61.209999084472656
2023-01-13,61.43000030517578
2023-01-17,61.68000030517578
2023-01-18,59.810001373291016
2023-01-19,59.720001220703125
2023-01-20,60.08000183105469
2023-01-23,60.22999954223633
2023-01-24,60.54999923706055
2023-01-25,60.93000030517578
2023-01-26,60.810001373291016
2023-01-27,60.4900016784668
2023-01-30,60.63999938964844
2023-01-31,61.31999969482422
2023-02-01,61.33000183105469
2023-02-02,60.279998779296875
2023-02-03,59.83000183105469
2023-02-06,60.16999816894531
2023-02-07,60.06999969482422
2023-02-08,59.720001220703125
2023-02-09,59.619998931884766
2023-02-10,59.619998931884766
2023-02-13,60.599998474121094
2023-02-14,59.59000015258789
2023-02-15,59.59000015258789
2023-02-16,59.220001220703125
2023-02-17,60.119998931884766
2023-02-21,59.79999923706055
2023-02-22,59.97999954223633
2023-02-23,60.09000015258789
2023-02-24,59.84000015258789
2023-02-27,59.81999969482422
2023-02-28,59.5099983215332
2023-03-01,58.86000061035156
2023-03-02,59.720001220703125
2023-03-03,59.439998626708984
2023-03-06,60.36000061035156
2023-03-07,60.0099983215332
2023-03-08,60.040000915527344
2023-03-09,59.459999084472656
2023-03-10,59.209999084472656
2023-03-13,59.810001373291016
2023-03-14,60.029998779296875
2023-03-15,60.43000030517578
2023-03-16,60.29999923706055
2023-03-17,60.02000045776367
2023-03-20,60.599998474121094
2023-03-21,60.31999969482422
2023-03-22,60.04999923706055
2023-03-23,59.91999816894531
2023-03-24,60.900001525878906
2023-03-27,61.349998474121094
2023-03-28,61.41999816894531
2023-03-29,61.86000061035156
2023-03-30,61.849998474121094
2023-03-31,62.029998779296875
2023-04-03,62.400001525878906
2023-04-04,62.209999084472656
2023-04-05,62.79999923706055
2023-04-06,62.84000015258789
2023-04-10,62.689998626708984
2023-04-11,62.58000183105469
2023-04-12,62.689998626708984
2023-04-13,63.150001525878906
2023-04-14,63.04999923706055
2023-04-17,63.459999084472656
2023-04-18,63.560001373291016
2023-04-19,63.68000030517578
2023-04-20,63.959999084472656
2023-04-21,64.05000305175781
2023-04-24,63.95000076293945
2023-04-25,63.849998474121094
2023-04-26,63.54999923706055
2023-04-27,63.68000030517578
2023-04-28,64.1500015258789
2023-05-01,64.30000305175781
2023-05-02,64.01000213623047
2023-05-03,63.650001525878906
2023-05-04,63.720001220703125
2023-05-05,64.0199966430664
2023-05-08,63.91999816894531
2023-05-09,63.38999938964844
2023-05-10,63.5
2023-05-11,63.86000061035156
2023-05-12,64.11000061035156
2023-05-15,63.939998626708984
2023-05-16,63.220001220703125
2023-05-17,63.150001525878906
2023-05-18,62.79999923706055
2023-05-19,62.83000183105469
2023-05-22,61.5099983215332
2023-05-23,61.400001525878906
2023-05-24,60.880001068115234
2023-05-25,60.40999984741211
2023-05-26,60.2599983215332
2023-05-30,59.779998779296875
2023-05-31,59.65999984741211
2023-06-01,60.0
2023-06-02,61.15999984741211
2023-06-05,60.75
2023-06-06,60.310001373291016
2023-06-07,60.220001220703125
2023-06-08,60.369998931884766
2023-06-09,60.470001220703125
2023-06-12,60.209999084472656
2023-06-13,60.45000076293945
2023-06-14,60.86000061035156
2023-06-15,61.22999954223633
2023-06-16,61.66999816894531
2023-06-20,61.2599983215332
2023-06-21,61.43000030517578
2023-06-22,61.849998474121094
2023-06-23,61.20000076293945
2023-06-26,61.220001220703125
2023-06-27,61.09000015258789
2023-06-28,60.52000045776367
2023-06-29,60.02000045776367
2023-06-30,60.220001220703125
2023-07-03,60.58000183105469
2023-07-05,61.029998779296875
2023-07-06,60.560001373291016
2023-07-07,59.7599983215332
2023-07-10,59.310001373291016
2023-07-11,59.52000045776367
2023-07-12,59.84000015258789
2023-07-13,60.349998474121094
2023-07-14,60.900001525878906
2023-07-17,60.810001373291016
2023-07-18,60.56999969482422
2023-07-19,61.63999938964844
2023-07-20,62.38999938964844
2023-07-21,62.439998626708984
2023-07-24,62.459999084472656
2023-07-25,62.25
2023-07-26,63.04999923706055
2023-07-27,62.439998626708984
2023-07-28,62.47999954223633
2023-07-31,61.93000030517578
2023-08-01,61.77000045776367
2023-08-02,61.959999084472656
2023-08-03,61.63999938964844
2023-08-04,60.709999084472656
2023-08-07,61.189998626708984
2023-08-08,60.91999816894531
2023-08-09,61.060001373291016
2023-08-10,60.91999816894531
2023-08-11,61.16999816894531
2023-08-14,60.880001068115234
2023-08-15,60.470001220703125
2023-08-16,60.47999954223633
2023-08-17,60.61000061035156
2023-08-18,60.95000076293945
2023-08-21,60.43000030517578
2023-08-22,60.060001373291016
2023-08-23,60.27000045776367
2023-08-24,60.11000061035156
2023-08-25,60.38999938964844
2023-08-28,60.560001373291016
2023-08-29,60.5
2023-08-30,60.470001220703125
2023-08-31,59.83000183105469
2023-09-01,59.310001373291016
2023-09-05,58.81999969482422
2023-09-06,58.779998779296875
2023-09-07,58.33000183105469
2023-09-08,58.33000183105469
2023-09-11,58.880001068115234
2023-09-12,58.29999923706055
2023-09-13,58.439998626708984
2023-09-14,58.459999084472656
2023-09-15,57.939998626708984
2023-09-18,58.29999923706055
2023-09-19,58.18000030517578
2023-09-20,58.439998626708984
2023-09-21,57.540000915527344
2023-09-22,57.599998474121094
2023-09-25,57.0
2023-09-26,56.529998779296875
2023-09-27,55.95000076293945
2023-09-28,55.810001373291016
2023-09-29,55.97999954223633
2023-10-02,55.47999954223633
2023-10-03,54.880001068115234
2023-10-04,55.040000915527344
2023-10-05,52.380001068115234
2023-10-06,53.13999938964844
2023-10-09,52.880001068115234
2023-10-10,54.029998779296875
2023-10-11,53.709999084472656
2023-10-12,52.810001373291016
2023-10-13,52.88999938964844
2023-10-16,53.43000030517578
2023-10-17,54.06999969482422
2023-10-18,54.04999923706055
2023-10-19,54.349998474121094
2023-10-20,54.56999969482422
2023-10-23,54.08000183105469
2023-10-24,55.63999938964844
2023-10-25,56.119998931884766
2023-10-26,55.779998779296875
2023-10-27,55.2400016784668
2023-10-30,56.150001525878906
2023-10-31,56.4900016784668
2023-11-01,56.439998626708984
2023-11-02,57.09000015258789
2023-11-03,56.7400016784668
2023-11-06,56.970001220703125
2023-11-07,57.18000030517578
2023-11-08,57.09000015258789
2023-11-09,56.65999984741211
2023-11-10,56.720001220703125
2023-11-13,56.93000030517578
2023-11-14,57.099998474121094
2023-11-15,57.209999084472656
2023-11-16,57.150001525878906
2023-11-17,57.2599983215332
2023-11-20,57.400001525878906
2023-11-21,58.029998779296875
2023-11-22,58.41999816894531
2023-11-24,58.56999969482422
2023-11-27,58.459999084472656
2023-11-28,58.58000183105469
2023-11-29,58.22999954223633
2023-11-30,58.439998626708984
2023-12-01,58.63999938964844
2023-12-04,58.56999969482422
2023-12-05,58.65999984741211
2023-12-06,58.599998474121094
2023-12-07,58.7400016784668
2023-12-08,58.61000061035156
2023-12-11,59.040000915527344
2023-12-12,59.41999816894531
2023-12-13,59.93000030517578
2023-12-14,59.040000915527344
2023-12-15,58.599998474121094
2023-12-18,59.02000045776367
2023-12-19,58.83000183105469
2023-12-20,57.61000061035156
2023-12-21,57.9900016784668
2023-12-22,58.31999969482422
2023-12-26,58.560001373291016
2023-12-27,58.709999084472656
2023-12-28,58.75
2023-12-29,58.93000030517578
2024-01-02,59.81999969482422
2024-01-03,59.959999084472656
2024-01-04,59.7599983215332
2024-01-05,59.66999816894531
2024-01-08,60.11000061035156
2024-01-09,60.0
2024-01-10,60.20000076293945
2024-01-11,59.810001373291016
2024-01-12,60.38999938964844
2024-01-16,59.9900016784668
2024-01-17,59.9900016784668
2024-01-18,60.15999984741211
2024-01-19,59.83000183105469
2024-01-22,59.56999969482422
2024-01-23,59.849998474121094
2024-01-24,58.90999984741211
2024-01-25,59.15999984741211
2024-01-26,59.369998931884766
2024-01-29,59.72999954223633
2024-01-30,59.900001525878906
2024-01-31,59.4900016784668
2024-02-01,60.97999954223633
2024-02-02,60.540000915527344
2024-02-05,60.040000915527344
2024-02-06,59.939998626708984
2024-02-07,59.9900016784668
2024-02-08,59.83000183105469
2024-02-09,59.560001373291016
2024-02-12,59.70000076293945
2024-02-13,59.349998474121094
2024-02-14,59.290000915527344
2024-02-15,59.400001525878906
2024-02-16,59.38999938964844
2024-02-20,60.70000076293945
2024-02-21,61.2400016784668
2024-02-22,61.150001525878906
2024-02-23,61.20000076293945
2024-02-26,60.709999084472656
2024-02-27,60.34000015258789
2024-02-28,60.400001525878906
2024-02-29,60.02000045776367
2024-03-01,59.529998779296875
2024-03-04,59.810001373291016
2024-03-05,59.52000045776367
2024-03-06,59.54999923706055
2024-03-07,59.439998626708984
2024-03-08,59.52000045776367
2024-03-11,60.2400016784668
2024-03-12,60.5
2024-03-13,61.119998931884766
2024-03-14,60.5
2024-03-15,59.880001068115234
2024-03-18,60.130001068115234
2024-03-19,60.22999954223633
2024-03-20,60.75
2024-03-21,60.470001220703125
2024-03-22,60.4900016784668
2024-03-25,60.400001525878906
2024-03-26,60.540000915527344
2024-03-27,61.029998779296875
2024-03-28,61.18000030517578
2024-04-01,60.68000030517578
2024-04-02,60.150001525878906
2024-04-03,59.83000183105469
2024-04-04,59.29999923706055
2024-04-05,59.5099983215332
2024-04-08,59.27000045776367
2024-04-09,59.720001220703125
2024-04-10,58.91999816894531
2024-04-11,59.04999923706055
2024-04-12,58.279998779296875
2024-04-15,58.13999938964844
2024-04-16,58.060001373291016
2024-04-17,58.5099983215332
2024-04-18,58.90999984741211
2024-04-19,60.16999816894531
2024-04-22,60.54999923706055
2024-04-23,60.63999938964844
2024-04-24,61.54999923706055
2024-04-25,61.7400016784668
2024-04-26,61.7400016784668
2024-04-29,62.040000915527344
2024-04-30,61.77000045776367
2024-05-01,61.93000030517578
2024-05-02,61.9900016784668
2024-05-03,62.16999816894531
2024-05-06,62.349998474121094
2024-05-07,62.619998931884766
2024-05-08,62.849998474121094
2024-05-09,62.880001068115234
2024-05-10,63.2599983215332
2024-05-13,63.58000183105469
2024-05-14,63.099998474121094
2024-05-15,63.130001068115234
2024-05-16,63.31999969482422
2024-05-17,63.029998779296875
2024-05-20,62.56999969482422
2024-05-21,62.90999984741211
2024-05-22,63.0
2024-05-23,62.09000015258789
2024-05-24,62.0
2024-05-28,61.81999969482422
2024-05-29,61.70000076293945
2024-05-30,61.970001220703125
2024-05-31,62.93000030517578
2024-06-03,62.93000030517578
2024-06-04,63.939998626708984
2024-06-05,63.91999816894531
2024-06-06,64.1500015258789
2024-06-07,63.90999984741211
2024-06-10,63.59000015258789
2024-06-11,63.54999923706055
2024-06-12,62.880001068115234
2024-06-13,62.9900016784668
2024-06-14,62.54999923706055
2024-06-17,62.619998931884766
2024-06-18,62.630001068115234
2024-06-20,62.18000030517578
2024-06-21,62.77000045776367
2024-06-24,63.970001220703125
2024-06-25,63.84000015258789
2024-06-26,64.05000305175781
2024-06-27,63.90999984741211
2024-06-28,63.650001525878906
2024-07-01,63.279998779296875
2024-07-02,63.150001525878906
2024-07-03,63.33000183105469
2024-07-05,63.7599983215332
2024-07-08,62.959999084472656
2024-07-09,62.689998626708984
2024-07-10,62.83000183105469
2024-07-11,63.099998474121094
2024-07-12,63.70000076293945
2024-07-15,63.40999984741211
2024-07-16,64.2699966430664
2024-07-17,65.20999908447266
2024-07-18,65.19000244140625
2024-07-19,65.29000091552734
2024-07-22,64.7699966430664
2024-07-23,64.95999908447266
2024-07-24,65.80999755859375
2024-07-25,66.06999969482422
2024-07-26,67.05000305175781
2024-07-29,66.83000183105469
2024-07-30,67.68000030517578
2024-07-31,66.73999786376953
2024-08-01,67.95999908447266
2024-08-02,69.33000183105469
2024-08-05,68.0999984741211
2024-08-06,68.05000305175781
2024-08-07,68.45999908447266
2024-08-08,68.7300033569336
2024-08-09,68.68000030517578
2024-08-12,68.16999816894531
2024-08-13,68.45999908447266
2024-08-14,68.58000183105469
2024-08-15,68.6500015258789
2024-08-16,69.18000030517578
2024-08-19,68.9800033569336
2024-08-20,69.37999725341797
2024-08-21,69.56999969482422
2024-08-22,69.33000183105469
2024-08-23,69.79000091552734
2024-08-26,70.83999633789062
2024-08-27,71.5
2024-08-28,71.75
2024-08-29,72.05000305175781
2024-08-30,72.47000122070312
2024-09-03,73.01000213623047
2024-09-04,72.55999755859375
2024-09-05,71.16999816894531
2024-09-06,71.13999938964844
2024-09-09,71.8499984741211
2024-09-10,71.55000305175781
2024-09-11,71.08000183105469
2024-09-12,71.2300033569336
2024-09-13,71.41000366210938
2024-09-16,72.0999984741211
2024-09-17,71.80000305175781
2024-09-18,71.75
2024-09-19,70.62000274658203
2024-09-20,71.63999938964844
2024-09-23,71.7300033569336
2024-09-24,71.33000183105469
2024-09-25,71.44999694824219
2024-09-26,71.4000015258789
2024-09-27,71.79000091552734
2024-09-30,71.86000061035156
2024-10-01,71.70999908447266
2024-10-02,71.01000213623047
2024-10-03,70.5199966430664
2024-10-04,70.16999816894531
2024-10-07,69.01000213623047
2024-10-08,69.18000030517578
2024-10-09,69.56999969482422
2024-10-10,69.25
2024-10-11,69.56999969482422
2024-10-14,70.33999633789062
2024-10-15,70.33999633789062
2024-10-16,70.56999969482422
2024-10-17,69.9000015258789
2024-10-18,70.44000244140625
2024-10-21,69.44999694824219
2024-10-22,69.44999694824219
2024-10-23,68.01000213623047
2024-10-24,67.30000305175781
2024-10-25,66.91999816894531
2024-10-28,66.66999816894531
2024-10-29,65.55999755859375
2024-10-30,65.91999816894531
2024-10-31,65.30999755859375
2024-11-01,65.01000213623047
2024-11-04,65.11000061035156
2024-11-05,65.37000274658203
2024-11-06,63.70000076293945
2024-11-07,63.65999984741211
2024-11-08,63.91999816894531
2024-11-11,63.36000061035156
2024-11-12,63.20000076293945
2024-11-13,63.0
2024-11-14,62.54999923706055
2024-11-15,61.7400016784668
2024-11-18,61.86000061035156
2024-11-19,62.59000015258789
2024-11-20,62.9900016784668
2024-11-21,63.7599983215332
2024-11-22,63.91999816894531
2024-11-25,64.37999725341797
2024-11-26,64.55000305175781
2024-11-27,64.43000030517578
2024-11-29,64.08000183105469
2024-12-02,63.650001525878906
2024-12-03,63.52000045776367
2024-12-04,62.209999084472656
2024-12-05,62.91999816894531
2024-12-06,62.529998779296875
2024-12-09,62.599998474121094
2024-12-10,62.90999984741211
2024-12-11,62.63999938964844
2024-12-12,63.84000015258789
2024-12-13,63.119998931884766
2024-12-16,62.54999923706055
2024-12-17,63.400001525878906
2024-12-18,62.849998474121094
2024-12-19,62.45000076293945
2024-12-20,62.54999923706055
2024-12-23,62.380001068115234
2024-12-24,62.84000015258789
2024-12-26,62.56999969482422
2024-12-27,62.45000076293945
2024-12-30,62.029998779296875
2024-12-31,62.2599983215332
2025-01-02,61.84000015258789
2025-01-03,61.75
2025-01-06,60.810001373291016
2025-01-07,60.84000015258789
2025-01-08,61.709999084472656
2025-01-10,61.06999969482422
2025-01-13,61.650001525878906
2025-01-14,62.040000915527344
2025-01-15,61.77000045776367
2025-01-16,62.25
2025-01-17,62.709999084472656
2025-01-21,62.41999816894531
2025-01-22,61.779998779296875
2025-01-23,61.529998779296875
2025-01-24,61.91999816894531
2025-01-27,63.869998931884766
2025-01-28,62.36000061035156
2025-01-29,62.83000183105469
2025-01-30,64.05000305175781
2025-01-31,63.47999954223633
2025-02-03,63.349998474121094
2025-02-04,62.66999816894531
2025-02-05,63.119998931884766
2025-02-06,63.36000061035156
2025-02-07,63.84000015258789
2025-02-10,64.55000305175781
2025-02-11,67.5999984741211
2025-02-12,68.70999908447266
2025-02-13,69.5
2025-02-14,68.87000274658203
2025-02-18,69.05000305175781
2025-02-19,70.06999969482422
2025-02-20,70.04000091552734
2025-02-21,71.3499984741211
2025-02-24,70.58999633789062
2025-02-25,71.48999786376953
2025-02-26,70.80000305175781
2025-02-27,70.87000274658203
2025-02-28,71.20999908447266
2025-03-03,72.31999969482422
2025-03-04,70.19000244140625
2025-03-05,70.08000183105469
2025-03-06,70.45999908447266
2025-03-07,71.43000030517578
2025-03-10,71.44999694824219
2025-03-11,71.04000091552734
2025-03-12,69.94000244140625
2025-03-13,69.62000274658203
2025-03-14,69.16000366210938
2025-03-17,70.12000274658203
2025-03-18,69.37999725341797
2025-03-19,69.27999877929688
2025-03-20,69.70999908447266
2025-03-21,68.66999816894531
2025-03-24,68.94999694824219
2025-03-25,68.80999755859375
2025-03-26,70.0199966430664
2025-03-27,70.73999786376953
2025-03-28,70.37000274658203
2025-03-31,71.62000274658203
2025-04-01,71.87000274658203
2025-04-02,71.33000183105469
2025-04-03,73.18000030517578
2025-04-04,69.93000030517578
2025-04-07,68.37000274658203
2025-04-08,68.41999816894531
2025-04-09,69.94999694824219
2025-04-10,70.76000213623047
2025-04-11,71.43000030517578
2025-04-14,72.44999694824219
2025-04-15,71.86000061035156
2025-04-16,71.68000030517578
2025-04-17,73.0
2025-04-21,72.7699966430664
2025-04-22,73.9000015258789
2025-04-23,73.30000305175781
2025-04-24,72.5199966430664
2025-04-25,71.91000366210938
2025-04-28,71.79000091552734
2025-04-29,72.3499984741211
2025-04-30,72.55000305175781
2025-05-01,71.29000091552734
2025-05-02,71.6500015258789
2025-05-05,71.69999694824219
2025-05-06,71.72000122070312
2025-05-07,72.4000015258789
2025-05-08,71.16999816894531
2025-05-09,70.5199966430664
2025-05-12,69.52999877929688
2025-05-13,68.95999908447266
2025-05-14,69.16000366210938
2025-05-15,71.61000061035156
2025-05-16,72.0
2025-05-19,71.93000030517578
2025-05-20,71.69000244140625
2025-05-21,71.8499984741211
2025-05-22,71.13999938964844
2025-05-23,71.7699966430664
2025-05-27,71.77999877929688
2025-05-28,71.1500015258789
2025-05-29,71.48999786376953
2025-05-30,72.0999984741211
2025-06-02,72.0
2025-06-03,71.16000366210938
2025-06-04,71.37000274658203
2025-06-05,70.91000366210938
2025-06-06,71.3499984741211
2025-06-09,71.7699966430664
2025-06-10,72.3499984741211
2025-06-11,72.06999969482422
2025-06-12,72.23999786376953
2025-06-13,71.0199966430664
2025-06-16,70.5199966430664
2025-06-17,69.62000274658203
2025-06-18,69.20999908447266
2025-06-20,68.83999633789062
2025-06-23,69.73999786376953
2025-06-24,70.20999908447266
2025-06-25,69.62999725341797
2025-06-26,69.47000122070312
2025-06-27,70.33000183105469
2025-06-30,70.75
2025-07-01,71.66999816894531
2025-07-02,70.91000366210938
2025-07-03,71.3499984741211
2025-07-07,71.01000213623047
2025-07-08,70.23999786376953
2025-07-09,69.4800033569336
2025-07-10,69.7699966430664
2025-07-11,69.87000274658203
2025-07-14,69.47000122070312
2025-07-15,69.36000061035156
2025-07-16,69.2699966430664
2025-07-17,70.58999633789062
2025-07-18,69.8499984741211
2025-07-21,70.06999969482422
2025-07-22,69.66000366210938
2025-07-23,69.16000366210938
2025-07-24,69.0999984741211
2025-07-25,69.16999816894531
2025-07-28,68.08999633789062
2025-07-29,69.37999725341797
2025-07-30,68.75
2025-07-31,67.88999938964844
2025-08-01,68.86000061035156
2025-08-04,68.95999908447266
2025-08-05,69.05000305175781
2025-08-06,69.51000213623047
2025-08-07,70.43000030517578
2025-08-08,70.33999633789062
2025-08-11,70.75
2025-08-12,70.70999908447266
2025-08-13,70.45999908447266
2025-08-14,69.55000305175781
2025-08-15,69.91999816894531
2025-08-18,69.12999725341797
2025-08-19,70.12999725341797
2025-08-20,70.69999694824219
2025-08-21,70.66000366210938
2025-08-22,70.12999725341797
2025-08-25,68.93000030517578
2025-08-26,68.7300033569336
2025-08-27,68.83000183105469
2025-08-28,68.36000061035156
2025-08-29,68.98999786376953
2025-09-02,69.05999755859375
2025-09-03,68.98999786376953
2025-09-04,68.25
2025-09-05,67.95999908447266
2025-09-08,67.43000030517578
2025-09-09,67.86000061035156
2025-09-10,67.81999969482422
2025-09-11,67.62000274658203
2025-09-12,67.01000213623047
2025-09-15,66.20999908447266
2025-09-16,66.23999786376953
2025-09-17,67.04000091552734
2025-09-18,66.45999908447266
2025-09-19,66.43000030517578
2025-09-22,66.20999908447266
2025-09-23,66.70999908447266
2025-09-24,66.44999694824219
2025-09-25,65.9800033569336
2025-09-26,65.66999816894531
2025-09-29,66.04000091552734
2025-09-30,66.31999969482422
2025-10-01,66.77999877929688
2025-10-02,66.0999984741211
2025-10-03,66.6500015258789
2025-10-06,66.0999984741211
2025-10-07,66.79000091552734
2025-10-08,66.12000274658203
2025-10-09,66.37000274658203
2025-10-10,67.04000091552734
2025-10-13,66.80000305175781
2025-10-14,67.51000213623047
2025-10-15,67.08000183105469
2025-10-16,67.58999633789062
2025-10-17,68.44000244140625
2025-10-20,68.44000244140625
2025-10-21,71.22000122070312
2025-10-22,70.80999755859375
2025-10-23,69.94000244140625
2025-10-24,69.70999908447266
2025-10-27,70.05999755859375
2025-10-28,70.16000366210938
2025-10-29,68.3499984741211
2025-10-30,68.9800033569336
2025-10-31,68.9000015258789
2025-11-03,67.97000122070312
2025-11-04,68.66000366210938
2025-11-05,68.51000213623047
2025-11-06,69.05999755859375
2025-11-07,70.55000305175781
2025-11-10,70.5199966430664
2025-11-11,71.61000061035156
2025-11-12,71.51000213623047
2025-11-13,71.06999969482422
2025-11-14,71.16000366210938
2025-11-17,70.68000030517578
2025-11-18,71.22000122070312
2025-11-19,71.11000061035156
2025-11-20,71.20999908447266
2025-11-21,72.94999694824219
2025-11-24,72.58999633789062
2025-11-25,72.61000061035156
2025-11-26,72.87999725341797
2025-11-28,73.12000274658203
2025-12-01,71.94999694824219
2025-12-02,70.66999816894531
2025-12-03,70.80999755859375
2025-12-04,70.44999694824219
2025-12-05,70.0
2025-12-08,70.25
2025-12-09,70.08999633789062
2025-12-10,70.20999908447266
2025-12-11,69.11000061035156
2025-12-12,70.5199966430664
2025-12-15,70.97000122070312
2025-12-16,70.37000274658203
2025-12-17,70.66999816894531
2025-12-18,70.36000061035156
2025-12-19,70.05999755859375
2025-12-22,70.20999908447266
2025-12-23,69.87000274658203
2025-12-24,70.11000061035156
2025-12-26,69.87000274658203
2025-12-29,70.16000366210938
2025-12-30,70.06999969482422
2025-12-31,69.91000366210938
2026-01-02,69.12000274658203
2026-01-05,67.94000244140625
2026-01-06,67.83999633789062
2026-01-07,67.54000091552734
2026-01-08,69.37000274658203
2026-01-09,70.51000213623047
2026-01-12,70.5
2026-01-13,71.23999786376953
2026-01-14,71.44000244140625
2026-01-15,70.4800033569336
2026-01-16,70.44000244140625
2026-01-20,71.75
2026-01-21,72.01000213623047
2026-01-22,71.87000274658203
2026-01-23,72.87999725341797
2026-01-26,72.55999755859375
2026-01-27,73.55000305175781
2026-01-28,73.05999755859375
2026-01-29,73.43000030517578
2026-01-30,74.80999755859375
2026-02-02,75.33000183105469
2026-02-03,76.88999938964844
2026-02-04,77.3499984741211
2026-02-05,78.51000213623047
2026-02-06,79.02999877929688
2026-02-09,77.97000122070312
2026-02-10,76.80999755859375
2026-02-11,78.5999984741211
2026-02-12,79.0
2026-02-13,78.68000030517578
2026-02-17,79.55999755859375
2026-02-18,79.48999786376953
2026-02-19,78.91000366210938
2026-02-20,79.83999633789062
2026-02-23,80.55999755859375
2026-02-24,80.72000122070312
2026-02-25,80.47000122070312
2026-02-26,80.5
2026-02-27,81.55999755859375
2026-03-02,80.22000122070312
2026-03-03,79.33999633789062
2026-03-04,78.0999984741211
2026-03-05,77.02999877929688
2026-03-06,77.04000091552734
2026-03-09,77.80000305175781
2026-03-10,77.87999725341797
2026-03-11,77.62999725341797
2026-03-12,77.61000061035156
2026-03-13,77.33999633789062
2026-03-16,77.81999969482422
2026-03-17,77.58000183105469
2026-03-18,75.97000122070312
2026-03-19,75.55000305175781
2026-03-20,74.75
2026-03-23,75.11000061035156
2026-03-24,74.66999816894531
2026-03-25,75.25
2026-03-26,74.69000244140625
2026-03-27,75.70999908447266
2026-03-30,76.2699966430664
2026-03-31,76.05000305175781
2026-04-01,76.08000183105469
2026-04-02,76.72000122070312
2026-04-06,77.22000122070312
2026-04-07,75.91000366210938
2026-04-08,77.29000091552734
2026-04-09,78.18000030517578
2026-04-10,77.47000122070312
2026-04-13,76.41000366210938
2026-04-14,75.9000015258789
2026-04-15,75.30999755859375
2026-04-16,75.18000030517578
2026-04-17,75.73999786376953
2026-04-20,75.4800033569336
2026-04-21,74.69999694824219
2026-04-22,74.62999725341797
2026-04-23,76.27999877929688
2026-04-24,76.62999725341797
2026-04-27,75.44000244140625
2026-04-28,78.3499984741211
2026-04-29,78.87000274658203
2026-04-30,78.76000213623047
2026-05-01,78.58000183105469
2026-05-04,78.19000244140625
2026-05-05,78.4800033569336
2026-05-06,79.2300033569336
2026-05-07,78.43000030517578
2026-05-08,78.41999816894531
2026-05-11,78.66000366210938
2026-05-12,80.02999877929688
2026-05-13,80.26000213623047
2026-05-14,80.44999694824219
2026-05-15,80.81999969482422
2026-05-18,81.19999694824219
2026-05-19,81.91999816894531
2026-05-20,81.55000305175781
2026-05-21,81.16999816894531
2026-05-22,81.4800033569336
2026-05-26,80.45999908447266
2026-05-27,81.62000274658203
2026-05-28,80.41000366210938
2026-05-29,79.01000213623047
2026-06-01,78.63999938964844
2026-06-02,78.41000366210938
2026-06-03,78.76000213623047
2026-06-04,76.81999969482422
2026-06-05,79.4800033569336
2026-06-08,79.54000091552734
2026-06-09,81.33999633789062
2026-06-10,83.58999633789062
2026-06-11,82.52999877929688
2026-06-12,82.62000274658203
2026-06-15,80.91000366210938
2026-06-16,80.27999877929688
2026-06-17,79.93000030517578
2026-06-18,79.38999938964844
2026-06-22,79.52999877929688
2026-06-23,80.30999755859375
2026-06-24,80.5999984741211
2026-06-25,80.41999816894531
2026-06-26,82.62999725341797
2026-06-29,82.6500015258789
2026-06-30,81.2699966430664
2026-07-01,81.29000091552734
2026-07-02,84.13999938964844
2026-07-06,82.95999908447266
2026-07-07,84.05000305175781
2026-07-08,83.4000015258789
2026-07-09,82.62999725341797
2026-07-10,83.48999786376953
2026-07-13,84.25
2026-07-14,83.08000183105469
2026-07-15,82.44999694824219
2026-07-16,84.54000091552734
