date,close
2000-01-03,53.593750
2000-01-04,52.562500
2000-01-05,51.562500
2000-01-06,53.937500
2000-01-07,58.250000
2000-01-10,57.968750
2000-01-11,58.875000
2000-01-12,58.500000
2000-01-13,57.500000
2000-01-14,58.500000
2000-01-18,58.468750
2000-01-19,57.687500
2000-01-20,56.281250
2000-01-21,51.343750
2000-01-24,51.562500
2000-01-25,48.750000
2000-01-26,50.312500
2000-01-27,52.031250
2000-01-28,50.156250
2000-01-31,50.531250
2000-02-01,49.750000
2000-02-02,49.312500
2000-02-03,48.906250
2000-02-04,47.375000
2000-02-07,46.625000
2000-02-08,47.875000
2000-02-09,47.000000
2000-02-10,45.718750
2000-02-11,46.875000
2000-02-14,45.937500
2000-02-15,47.875000
2000-02-16,47.023438
2000-02-17,47.093750
2000-02-18,46.820312
2000-02-22,46.437500
2000-02-23,45.312500
2000-02-24,44.250000
2000-02-25,42.562500
2000-02-28,44.187500
2000-02-29,43.937500
2000-03-01,44.125000
2000-03-02,43.656250
2000-03-03,44.218750
2000-03-06,43.718750
2000-03-07,30.500000
2000-03-08,29.000000
2000-03-09,28.875000
2000-03-10,26.875000
2000-03-13,28.625000
2000-03-14,27.875000
2000-03-15,29.250000
2000-03-16,29.937500
2000-03-17,28.812500
2000-03-20,29.062500
2000-03-21,28.500000
2000-03-22,28.500000
2000-03-23,28.093750
2000-03-24,28.218750
2000-03-27,27.625000
2000-03-28,28.500000
2000-03-29,29.343750
2000-03-30,29.000000
2000-03-31,28.375000
2000-04-03,29.750000
2000-04-04,31.750000
2000-04-05,30.781250
2000-04-06,31.375000
2000-04-07,31.718750
2000-04-10,33.000000
2000-04-11,33.218750
2000-04-12,34.656250
2000-04-13,34.750000
2000-04-14,31.500000
2000-04-17,34.500000
2000-04-18,33.031250
2000-04-19,33.031250
2000-04-20,34.468750
2000-04-24,35.250000
2000-04-25,32.125000
2000-04-26,30.375000
2000-04-27,30.437500
2000-04-28,29.875000
2000-05-01,29.851562
2000-05-02,29.906250
2000-05-03,30.312500
2000-05-04,30.218750
2000-05-05,30.437500
2000-05-08,30.593750
2000-05-09,31.375000
2000-05-10,32.093750
2000-05-11,32.500000
2000-05-12,32.062500
2000-05-15,32.437500
2000-05-16,32.250000
2000-05-17,32.500000
2000-05-18,32.375000
2000-05-19,32.531250
2000-05-22,32.437500
2000-05-23,32.187500
2000-05-24,32.937500
2000-05-25,32.968750
2000-05-26,33.125000
2000-05-30,33.062500
2000-05-31,33.250000
2000-06-01,32.812500
2000-06-02,32.000000
2000-06-05,31.656250
2000-06-06,31.625000
2000-06-07,30.937500
2000-06-08,28.750000
2000-06-09,28.500000
2000-06-12,28.187500
2000-06-13,28.500000
2000-06-14,28.500000
2000-06-15,28.375000
2000-06-16,27.750000
2000-06-19,28.046875
2000-06-20,27.625000
2000-06-21,27.281250
2000-06-22,27.062500
2000-06-23,27.468750
2000-06-26,27.812500
2000-06-27,27.812500
2000-06-28,27.773438
2000-06-29,26.812500
2000-06-30,28.375000
2000-07-03,27.937500
2000-07-05,27.812500
2000-07-06,27.625000
2000-07-07,27.437500
2000-07-10,27.718750
2000-07-11,27.562500
2000-07-12,27.562500
2000-07-13,27.281250
2000-07-14,28.000000
2000-07-17,28.062500
2000-07-18,29.125000
2000-07-19,29.562500
2000-07-20,29.500000
2000-07-21,29.562500
2000-07-24,29.500000
2000-07-25,30.312500
2000-07-26,29.828125
2000-07-27,29.781250
2000-07-28,29.593750
2000-07-31,28.500000
2000-08-01,29.375000
2000-08-02,29.093750
2000-08-03,29.031250
2000-08-04,28.687500
2000-08-07,28.562500
2000-08-08,28.250000
2000-08-09,28.156250
2000-08-10,28.406250
2000-08-11,29.125000
2000-08-14,29.625000
2000-08-15,31.375000
2000-08-16,31.375000
2000-08-17,31.125000
2000-08-18,31.500000
2000-08-21,31.593750
2000-08-22,32.062500
2000-08-23,32.156250
2000-08-24,31.468750
2000-08-25,31.375000
2000-08-28,31.375000
2000-08-29,31.250000
2000-08-30,31.031250
2000-08-31,30.914062
2000-09-01,30.687500
2000-09-05,31.250000
2000-09-06,31.718750
2000-09-07,31.312500
2000-09-08,31.718750
2000-09-11,31.343750
2000-09-12,31.531250
2000-09-13,31.250000
2000-09-14,30.648438
2000-09-15,31.250000
2000-09-18,31.062500
2000-09-19,30.750000
2000-09-20,30.906250
2000-09-21,31.437500
2000-09-22,31.937500
2000-09-25,31.562500
2000-09-26,30.875000
2000-09-27,30.875000
2000-09-28,33.468750
2000-09-29,33.500000
2000-10-02,34.031250
2000-10-03,34.406250
2000-10-04,35.062500
2000-10-05,36.500000
2000-10-06,36.968750
2000-10-09,36.437500
2000-10-10,36.218750
2000-10-11,36.750000
2000-10-12,36.812500
2000-10-13,36.312500
2000-10-16,35.968750
2000-10-17,36.656250
2000-10-18,37.343750
2000-10-19,36.500000
2000-10-20,36.437500
2000-10-23,34.781250
2000-10-24,36.812500
2000-10-25,37.468750
2000-10-26,37.468750
2000-10-27,38.468750
2000-10-30,38.437500
2000-10-31,35.718750
2000-11-01,34.500000
2000-11-02,33.968750
2000-11-03,34.125000
2000-11-06,34.250000
2000-11-07,34.218750
2000-11-08,34.718750
2000-11-09,34.750000
2000-11-10,35.812500
2000-11-13,36.125000
2000-11-14,36.218750
2000-11-15,36.687500
2000-11-16,37.031250
2000-11-17,37.875000
2000-11-20,37.468750
2000-11-21,37.031250
2000-11-22,37.718750
2000-11-24,36.812500
2000-11-27,36.437500
2000-11-28,36.843750
2000-11-29,37.781250
2000-11-30,37.437500
2000-12-01,36.968750
2000-12-04,37.687500
2000-12-05,36.593750
2000-12-06,36.062500
2000-12-07,36.781250
2000-12-08,35.625000
2000-12-11,34.531250
2000-12-12,35.968750
2000-12-13,36.218750
2000-12-14,36.750000
2000-12-15,35.687500
2000-12-18,36.312500
2000-12-19,36.562500
2000-12-20,36.281250
2000-12-21,37.250000
2000-12-22,36.875000
2000-12-26,37.218750
2000-12-27,38.250000
2000-12-28,38.625000
2000-12-29,39.218750
2001-01-02,39.250000
2001-01-03,37.312500
2001-01-04,36.156250
2001-01-05,37.468750
2001-01-08,38.281250
2001-01-09,37.312500
2001-01-10,36.906250
2001-01-11,36.375000
2001-01-12,35.156250
2001-01-16,35.968750
2001-01-17,35.093750
2001-01-18,35.406250
2001-01-19,34.968750
2001-01-22,34.562500
2001-01-23,34.718750
2001-01-24,34.968750
2001-01-25,34.968750
2001-01-26,34.625000
2001-01-29,33.424999
2001-01-30,35.549999
2001-01-31,35.919998
2001-02-01,36.974998
2001-02-02,36.880001
2001-02-05,37.174999
2001-02-06,37.060001
2001-02-07,37.595001
2001-02-08,37.450001
2001-02-09,37.494999
2001-02-12,37.549999
2001-02-13,37.275002
2001-02-14,36.845001
2001-02-15,36.930000
2001-02-16,37.419998
2001-02-20,37.855000
2001-02-21,38.400002
2001-02-22,38.049999
2001-02-23,37.514999
2001-02-26,35.555000
2001-02-27,35.349998
2001-02-28,35.250000
2001-03-01,34.325001
2001-03-02,34.825001
2001-03-05,35.080002
2001-03-06,34.525002
2001-03-07,34.259998
2001-03-08,35.500000
2001-03-09,34.570000
2001-03-12,34.125000
2001-03-13,34.070000
2001-03-14,33.299999
2001-03-15,32.470001
2001-03-16,32.349998
2001-03-19,32.950001
2001-03-20,32.950001
2001-03-21,31.600000
2001-03-22,31.375000
2001-03-23,30.100000
2001-03-26,30.209999
2001-03-27,31.090000
2001-03-28,31.035000
2001-03-29,30.625000
2001-03-30,31.299999
2001-04-02,30.799999
2001-04-03,30.549999
2001-04-04,30.434999
2001-04-05,30.775000
2001-04-06,30.840000
2001-04-09,30.170000
2001-04-10,29.350000
2001-04-11,29.490000
2001-04-12,29.400000
2001-04-16,29.575001
2001-04-17,28.700001
2001-04-18,28.715000
2001-04-19,29.480000
2001-04-20,29.000000
2001-04-23,29.025000
2001-04-24,28.320000
2001-04-25,28.780001
2001-04-26,29.150000
2001-04-27,29.915001
2001-04-30,30.025000
2001-05-01,32.090000
2001-05-02,32.075001
2001-05-03,32.134998
2001-05-04,32.134998
2001-05-07,32.325001
2001-05-08,32.250000
2001-05-09,33.095001
2001-05-10,32.919998
2001-05-11,32.750000
2001-05-14,33.025002
2001-05-15,32.990002
2001-05-16,34.145000
2001-05-17,33.575001
2001-05-18,33.740002
2001-05-21,32.625000
2001-05-22,32.000000
2001-05-23,32.095001
2001-05-24,32.125000
2001-05-25,31.750000
2001-05-29,32.320000
2001-05-30,32.185001
2001-05-31,32.119999
2001-06-01,31.754999
2001-06-04,31.799999
2001-06-05,32.040001
2001-06-06,32.334999
2001-06-07,32.459999
2001-06-08,32.139999
2001-06-11,32.174999
2001-06-12,32.750000
2001-06-13,32.474998
2001-06-14,32.430000
2001-06-15,31.299999
2001-06-18,31.075001
2001-06-19,31.205000
2001-06-20,31.275000
2001-06-21,31.174999
2001-06-22,31.639999
2001-06-25,31.400000
2001-06-26,31.930000
2001-06-27,31.700001
2001-06-28,31.825001
2001-06-29,31.900000
2001-07-02,32.235001
2001-07-03,32.299999
2001-07-05,32.264999
2001-07-06,32.500000
2001-07-09,33.070000
2001-07-10,33.505001
2001-07-11,34.375000
2001-07-12,34.375000
2001-07-13,34.070000
2001-07-16,34.575001
2001-07-17,34.965000
2001-07-18,34.599998
2001-07-19,34.195000
2001-07-20,34.044998
2001-07-23,33.900002
2001-07-24,34.044998
2001-07-25,35.000000
2001-07-26,35.500000
2001-07-27,35.235001
2001-07-30,35.549999
2001-07-31,35.509998
2001-08-01,35.750000
2001-08-02,35.730000
2001-08-03,35.110001
2001-08-06,35.375000
2001-08-07,35.305000
2001-08-08,34.924999
2001-08-09,35.349998
2001-08-10,35.935001
2001-08-13,36.060001
2001-08-14,36.250000
2001-08-15,36.090000
2001-08-16,37.095001
2001-08-17,37.375000
2001-08-20,37.840000
2001-08-21,37.389999
2001-08-22,37.825001
2001-08-23,38.470001
2001-08-24,38.500000
2001-08-27,38.419998
2001-08-28,37.494999
2001-08-29,37.009998
2001-08-30,37.294998
2001-08-31,37.075001
2001-09-04,37.759998
2001-09-05,37.939999
2001-09-06,37.750000
2001-09-07,37.174999
2001-09-10,37.099998
2001-09-17,37.275002
2001-09-18,37.099998
2001-09-19,37.275002
2001-09-20,36.404999
2001-09-21,33.500000
2001-09-24,34.730000
2001-09-25,35.500000
2001-09-26,35.564999
2001-09-27,36.200001
2001-09-28,36.395000
2001-10-01,36.195000
2001-10-02,36.639999
2001-10-03,36.625000
2001-10-04,35.599998
2001-10-05,36.345001
2001-10-08,36.125000
2001-10-09,36.270000
2001-10-10,36.669998
2001-10-11,36.294998
2001-10-12,35.970001
2001-10-15,35.555000
2001-10-16,35.465000
2001-10-17,34.900002
2001-10-18,35.150002
2001-10-19,35.875000
2001-10-22,36.224998
2001-10-23,35.750000
2001-10-24,35.700001
2001-10-25,36.145000
2001-10-26,36.674999
2001-10-29,35.650002
2001-10-30,37.099998
2001-10-31,36.889999
2001-11-01,37.990002
2001-11-02,38.000000
2001-11-05,38.465000
2001-11-06,39.000000
2001-11-07,39.055000
2001-11-08,38.349998
2001-11-09,38.654999
2001-11-12,38.634998
2001-11-13,38.930000
2001-11-14,39.115002
2001-11-15,39.145000
2001-11-16,39.369999
2001-11-19,39.340000
2001-11-20,39.250000
2001-11-21,38.950001
2001-11-23,39.224998
2001-11-26,39.075001
2001-11-27,38.560001
2001-11-28,38.000000
2001-11-29,38.720001
2001-11-30,38.730000
2001-12-03,38.150002
2001-12-04,38.169998
2001-12-05,38.349998
2001-12-06,37.849998
2001-12-07,37.715000
2001-12-10,38.360001
2001-12-11,38.349998
2001-12-12,39.974998
2001-12-13,40.450001
2001-12-14,39.950001
2001-12-17,39.900002
2001-12-18,40.689999
2001-12-19,40.730000
2001-12-20,40.494999
2001-12-21,40.320000
2001-12-24,40.130001
2001-12-26,40.250000
2001-12-27,40.075001
2001-12-28,39.755001
2001-12-31,39.564999
2002-01-02,40.000000
2002-01-03,39.615002
2002-01-04,39.224998
2002-01-07,38.775002
2002-01-08,38.880001
2002-01-09,38.599998
2002-01-10,38.465000
2002-01-11,38.605000
2002-01-14,39.349998
2002-01-15,39.825001
2002-01-16,39.744999
2002-01-17,39.845001
2002-01-18,39.904999
2002-01-22,39.709999
2002-01-23,39.299999
2002-01-24,38.889999
2002-01-25,39.570000
2002-01-28,39.580002
2002-01-29,38.759998
2002-01-30,39.145000
2002-01-31,40.840000
2002-02-01,41.285000
2002-02-04,41.349998
2002-02-05,41.310001
2002-02-06,41.250000
2002-02-07,41.064999
2002-02-08,41.044998
2002-02-11,40.855000
2002-02-12,41.775002
2002-02-13,41.865002
2002-02-14,42.020000
2002-02-15,42.494999
2002-02-19,42.000000
2002-02-20,42.500000
2002-02-21,41.549999
2002-02-22,42.799999
2002-02-25,43.685001
2002-02-26,43.250000
2002-02-27,42.750000
2002-02-28,42.395000
2002-03-01,43.775002
2002-03-04,43.490002
2002-03-05,42.529999
2002-03-06,42.525002
2002-03-07,41.970001
2002-03-08,41.959999
2002-03-11,42.049999
2002-03-12,42.639999
2002-03-13,42.610001
2002-03-14,42.494999
2002-03-15,43.535000
2002-03-18,43.830002
2002-03-19,44.970001
2002-03-20,44.799999
2002-03-21,45.200001
2002-03-22,45.049999
2002-03-25,44.875000
2002-03-26,44.724998
2002-03-27,45.009998
2002-03-28,45.044998
2002-04-01,44.994999
2002-04-02,45.299999
2002-04-03,44.630001
2002-04-04,44.990002
2002-04-05,44.900002
2002-04-08,45.125000
2002-04-09,45.064999
2002-04-10,46.169998
2002-04-11,45.654999
2002-04-12,45.965000
2002-04-15,45.275002
2002-04-16,45.599998
2002-04-17,45.055000
2002-04-18,44.205002
2002-04-19,44.435001
2002-04-22,44.445000
2002-04-23,44.450001
2002-04-24,44.715000
2002-04-25,44.709999
2002-04-26,44.900002
2002-04-29,45.000000
2002-04-30,45.130001
2002-05-01,45.900002
2002-05-02,46.619999
2002-05-03,45.974998
2002-05-06,46.099998
2002-05-07,45.830002
2002-05-08,45.900002
2002-05-09,46.029999
2002-05-10,46.200001
2002-05-13,46.605000
2002-05-14,46.525002
2002-05-15,46.075001
2002-05-16,46.485001
2002-05-17,46.810001
2002-05-20,46.200001
2002-05-21,45.549999
2002-05-22,45.950001
2002-05-23,45.685001
2002-05-24,45.130001
2002-05-28,44.005001
2002-05-29,43.509998
2002-05-30,44.375000
2002-05-31,44.775002
2002-06-03,44.455002
2002-06-04,44.775002
2002-06-05,45.270000
2002-06-06,44.775002
2002-06-07,44.669998
2002-06-10,44.599998
2002-06-11,44.500000
2002-06-12,46.500000
2002-06-13,45.740002
2002-06-14,45.775002
2002-06-17,46.950001
2002-06-18,46.945000
2002-06-19,47.200001
2002-06-20,46.924999
2002-06-21,46.924999
2002-06-24,46.700001
2002-06-25,44.500000
2002-06-26,45.540001
2002-06-27,46.119999
2002-06-28,44.650002
2002-07-01,45.014999
2002-07-02,44.639999
2002-07-03,44.180000
2002-07-05,44.939999
2002-07-08,45.174999
2002-07-09,43.950001
2002-07-10,43.974998
2002-07-11,42.974998
2002-07-12,41.814999
2002-07-15,41.150002
2002-07-16,40.625000
2002-07-17,40.035000
2002-07-18,40.195000
2002-07-19,37.230000
2002-07-22,38.915001
2002-07-23,39.605000
2002-07-24,41.125000
2002-07-25,42.509998
2002-07-26,42.099998
2002-07-29,43.610001
2002-07-30,43.639999
2002-07-31,44.494999
2002-08-01,43.935001
2002-08-02,44.919998
2002-08-05,44.000000
2002-08-06,43.860001
2002-08-07,44.465000
2002-08-08,45.424999
2002-08-09,45.570000
2002-08-12,45.424999
2002-08-13,45.029999
2002-08-14,46.445000
2002-08-15,45.660000
2002-08-16,45.494999
2002-08-19,45.625000
2002-08-20,45.105000
2002-08-21,45.445000
2002-08-22,45.380001
2002-08-23,45.125000
2002-08-26,45.200001
2002-08-27,45.205002
2002-08-28,44.865002
2002-08-29,43.935001
2002-08-30,44.325001
2002-09-03,43.270000
2002-09-04,44.279999
2002-09-05,44.924999
2002-09-06,44.974998
2002-09-09,45.424999
2002-09-10,45.750000
2002-09-11,45.939999
2002-09-12,45.599998
2002-09-13,46.000000
2002-09-16,46.500000
2002-09-17,46.029999
2002-09-18,46.049999
2002-09-19,45.560001
2002-09-20,45.544998
2002-09-23,45.369999
2002-09-24,44.020000
2002-09-25,44.549999
2002-09-26,45.375000
2002-09-27,44.064999
2002-09-30,44.689999
2002-10-01,45.584999
2002-10-02,45.279999
2002-10-03,44.904999
2002-10-04,44.259998
2002-10-07,44.465000
2002-10-08,44.650002
2002-10-09,44.095001
2002-10-10,44.494999
2002-10-11,45.119999
2002-10-14,45.645000
2002-10-15,45.209999
2002-10-16,45.250000
2002-10-17,45.169998
2002-10-18,45.875000
2002-10-21,46.095001
2002-10-22,45.169998
2002-10-23,45.500000
2002-10-24,44.400002
2002-10-25,44.349998
2002-10-28,42.875000
2002-10-29,44.505001
2002-10-30,44.470001
2002-10-31,44.224998
2002-11-01,43.994999
2002-11-04,43.250000
2002-11-05,44.369999
2002-11-06,43.930000
2002-11-07,44.005001
2002-11-08,43.845001
2002-11-11,43.125000
2002-11-12,42.705002
2002-11-13,42.900002
2002-11-14,43.240002
2002-11-15,43.639999
2002-11-18,43.075001
2002-11-19,43.549999
2002-11-20,43.994999
2002-11-21,43.365002
2002-11-22,43.290001
2002-11-25,42.820000
2002-11-26,42.209999
2002-11-27,42.514999
2002-11-29,42.264999
2002-12-02,41.400002
2002-12-03,42.244999
2002-12-04,43.025002
2002-12-05,42.615002
2002-12-06,42.974998
2002-12-09,43.189999
2002-12-10,43.825001
2002-12-11,43.730000
2002-12-12,43.849998
2002-12-13,43.705002
2002-12-16,44.025002
2002-12-17,43.700001
2002-12-18,43.685001
2002-12-19,42.849998
2002-12-20,43.840000
2002-12-23,43.845001
2002-12-24,43.764999
2002-12-26,43.715000
2002-12-27,43.275002
2002-12-30,43.049999
2002-12-31,42.970001
2003-01-02,43.904999
2003-01-03,43.424999
2003-01-06,43.919998
2003-01-07,43.244999
2003-01-08,42.599998
2003-01-09,42.889999
2003-01-10,43.064999
2003-01-13,43.095001
2003-01-14,43.180000
2003-01-15,42.950001
2003-01-16,43.435001
2003-01-17,43.520000
2003-01-21,43.005001
2003-01-22,42.564999
2003-01-23,42.715000
2003-01-24,42.110001
2003-01-27,41.525002
2003-01-28,42.500000
2003-01-29,42.535000
2003-01-30,42.250000
2003-01-31,42.785000
2003-02-03,42.860001
2003-02-04,42.955002
2003-02-05,42.650002
2003-02-06,42.424999
2003-02-07,41.990002
2003-02-10,42.435001
2003-02-11,41.595001
2003-02-12,41.660000
2003-02-13,41.349998
2003-02-14,41.849998
2003-02-18,42.305000
2003-02-19,42.000000
2003-02-20,41.724998
2003-02-21,42.119999
2003-02-24,41.445000
2003-02-25,41.540001
2003-02-26,41.275002
2003-02-27,41.299999
2003-02-28,40.930000
2003-03-03,40.410000
2003-03-04,39.945000
2003-03-05,40.494999
2003-03-06,40.075001
2003-03-07,40.480000
2003-03-10,39.895000
2003-03-11,40.349998
2003-03-12,40.974998
2003-03-13,41.740002
2003-03-14,41.700001
2003-03-17,42.750000
2003-03-18,43.310001
2003-03-19,43.959999
2003-03-20,44.000000
2003-03-21,44.450001
2003-03-24,43.779999
2003-03-25,44.009998
2003-03-26,44.165001
2003-03-27,44.389999
2003-03-28,44.320000
2003-03-31,44.525002
2003-04-01,44.759998
2003-04-02,45.060001
2003-04-03,44.720001
2003-04-04,45.075001
2003-04-07,44.705002
2003-04-08,44.950001
2003-04-09,44.645000
2003-04-10,44.384998
2003-04-11,44.599998
2003-04-14,44.974998
2003-04-15,44.939999
2003-04-16,44.549999
2003-04-17,44.630001
2003-04-21,44.715000
2003-04-22,45.564999
2003-04-23,45.275002
2003-04-24,44.935001
2003-04-25,44.570000
2003-04-28,45.345001
2003-04-29,45.424999
2003-04-30,44.924999
2003-05-01,44.935001
2003-05-02,45.075001
2003-05-05,45.070000
2003-05-06,44.849998
2003-05-07,44.924999
2003-05-08,44.560001
2003-05-09,44.750000
2003-05-12,44.439999
2003-05-13,43.904999
2003-05-14,44.299999
2003-05-15,44.950001
2003-05-16,45.160000
2003-05-19,45.014999
2003-05-20,44.674999
2003-05-21,44.715000
2003-05-22,44.790001
2003-05-23,44.900002
2003-05-27,45.555000
2003-05-28,45.889999
2003-05-29,45.564999
2003-05-30,45.910000
2003-06-02,45.660000
2003-06-03,46.025002
2003-06-04,46.185001
2003-06-05,45.689999
2003-06-06,45.400002
2003-06-09,45.285000
2003-06-10,45.299999
2003-06-11,45.250000
2003-06-12,45.410000
2003-06-13,45.584999
2003-06-16,46.200001
2003-06-17,45.945000
2003-06-18,45.770000
2003-06-19,45.205002
2003-06-20,45.615002
2003-06-23,45.750000
2003-06-24,46.189999
2003-06-25,45.345001
2003-06-26,45.139999
2003-06-27,44.584999
2003-06-30,44.590000
2003-07-01,44.980000
2003-07-02,45.055000
2003-07-03,44.980000
2003-07-07,45.395000
2003-07-08,45.049999
2003-07-09,44.250000
2003-07-10,44.174999
2003-07-11,44.279999
2003-07-14,44.169998
2003-07-15,44.375000
2003-07-16,44.290001
2003-07-17,44.070000
2003-07-18,44.900002
2003-07-21,44.580002
2003-07-22,44.750000
2003-07-23,44.450001
2003-07-24,44.115002
2003-07-25,44.775002
2003-07-28,44.154999
2003-07-29,43.549999
2003-07-30,43.875000
2003-07-31,43.935001
2003-08-01,43.349998
2003-08-04,43.919998
2003-08-05,43.764999
2003-08-06,44.400002
2003-08-07,44.099998
2003-08-08,44.540001
2003-08-11,44.560001
2003-08-12,44.705002
2003-08-13,44.555000
2003-08-14,44.485001
2003-08-15,44.560001
2003-08-18,44.200001
2003-08-19,43.900002
2003-08-20,43.689999
2003-08-21,43.349998
2003-08-22,43.355000
2003-08-25,43.590000
2003-08-26,43.834999
2003-08-27,43.625000
2003-08-28,43.700001
2003-08-29,43.645000
2003-09-02,44.040001
2003-09-03,44.400002
2003-09-04,45.715000
2003-09-05,45.490002
2003-09-08,45.810001
2003-09-09,45.575001
2003-09-10,45.480000
2003-09-11,45.775002
2003-09-12,45.955002
2003-09-15,45.869999
2003-09-16,46.294998
2003-09-17,46.250000
2003-09-18,46.625000
2003-09-19,46.334999
2003-09-22,46.095001
2003-09-23,46.154999
2003-09-24,46.185001
2003-09-25,46.080002
2003-09-26,45.860001
2003-09-29,46.450001
2003-09-30,46.410000
2003-10-01,46.990002
2003-10-02,47.240002
2003-10-03,47.450001
2003-10-06,47.005001
2003-10-07,47.549999
2003-10-08,47.490002
2003-10-09,47.494999
2003-10-10,47.794998
2003-10-13,47.750000
2003-10-14,47.994999
2003-10-15,47.814999
2003-10-16,48.145000
2003-10-17,48.099998
2003-10-20,47.990002
2003-10-21,47.860001
2003-10-22,47.630001
2003-10-23,47.575001
2003-10-24,48.029999
2003-10-27,48.400002
2003-10-28,48.750000
2003-10-29,48.630001
2003-10-30,48.965000
2003-10-31,49.145000
2003-11-03,48.750000
2003-11-04,48.674999
2003-11-05,48.654999
2003-11-06,48.779999
2003-11-07,48.404999
2003-11-10,48.000000
2003-11-11,47.965000
2003-11-12,48.500000
2003-11-13,48.174999
2003-11-14,47.855000
2003-11-17,48.020000
2003-11-18,47.830002
2003-11-19,48.040001
2003-11-20,47.705002
2003-11-21,47.880001
2003-11-24,48.310001
2003-11-25,48.435001
2003-11-26,47.939999
2003-11-28,48.119999
2003-12-01,48.520000
2003-12-02,48.465000
2003-12-03,48.404999
2003-12-04,48.395000
2003-12-05,48.255001
2003-12-08,48.424999
2003-12-09,48.285000
2003-12-10,48.439999
2003-12-11,48.000000
2003-12-12,48.410000
2003-12-15,48.910000
2003-12-16,49.325001
2003-12-17,49.189999
2003-12-18,49.654999
2003-12-19,48.759998
2003-12-22,49.075001
2003-12-23,49.240002
2003-12-24,49.169998
2003-12-26,49.119999
2003-12-29,49.599998
2003-12-30,49.834999
2003-12-31,49.939999
2004-01-02,49.494999
2004-01-05,49.740002
2004-01-06,49.490002
2004-01-07,49.049999
2004-01-08,49.564999
2004-01-09,49.820000
2004-01-12,50.125000
2004-01-13,49.849998
2004-01-14,50.014999
2004-01-15,49.755001
2004-01-16,49.500000
2004-01-20,49.334999
2004-01-21,49.575001
2004-01-22,49.615002
2004-01-23,49.180000
2004-01-26,49.915001
2004-01-27,49.590000
2004-01-28,49.310001
2004-01-29,50.500000
2004-01-30,50.540001
2004-02-02,50.840000
2004-02-03,51.009998
2004-02-04,51.599998
2004-02-05,51.345001
2004-02-06,51.180000
2004-02-09,51.275002
2004-02-10,51.174999
2004-02-11,51.599998
2004-02-12,51.195000
2004-02-13,51.025002
2004-02-17,51.560001
2004-02-18,51.474998
2004-02-19,51.215000
2004-02-20,51.250000
2004-02-23,51.785000
2004-02-24,50.889999
2004-02-25,51.345001
2004-02-26,51.535000
2004-02-27,51.255001
2004-03-01,51.930000
2004-03-02,51.060001
2004-03-03,51.230000
2004-03-04,51.049999
2004-03-05,50.880001
2004-03-08,51.235001
2004-03-09,51.244999
2004-03-10,52.764999
2004-03-11,51.974998
2004-03-12,52.060001
2004-03-15,51.259998
2004-03-16,51.529999
2004-03-17,52.110001
2004-03-18,52.215000
2004-03-19,52.014999
2004-03-22,51.985001
2004-03-23,51.680000
2004-03-24,51.509998
2004-03-25,52.270000
2004-03-26,51.974998
2004-03-29,52.439999
2004-03-30,52.990002
2004-03-31,52.439999
2004-04-01,52.990002
2004-04-02,53.055000
2004-04-05,53.174999
2004-04-06,53.500000
2004-04-07,53.224998
2004-04-08,53.200001
2004-04-12,53.560001
2004-04-13,52.965000
2004-04-14,52.904999
2004-04-15,53.060001
2004-04-16,52.985001
2004-04-19,53.009998
2004-04-20,52.305000
2004-04-21,51.770000
2004-04-22,52.314999
2004-04-23,52.494999
2004-04-26,52.619999
2004-04-27,52.814999
2004-04-28,52.084999
2004-04-29,52.985001
2004-04-30,52.895000
2004-05-03,53.395000
2004-05-04,53.150002
2004-05-05,53.404999
2004-05-06,53.889999
2004-05-07,53.360001
2004-05-10,52.834999
2004-05-11,53.040001
2004-05-12,53.070000
2004-05-13,52.654999
2004-05-14,53.205002
2004-05-17,53.139999
2004-05-18,53.029999
2004-05-19,52.740002
2004-05-20,53.345001
2004-05-21,53.455002
2004-05-24,53.084999
2004-05-25,53.880001
2004-05-26,53.799999
2004-05-27,54.290001
2004-05-28,53.910000
2004-06-01,54.299999
2004-06-02,54.404999
2004-06-03,53.974998
2004-06-04,53.935001
2004-06-07,54.750000
2004-06-08,55.145000
2004-06-09,55.380001
2004-06-10,55.259998
2004-06-14,55.270000
2004-06-15,55.520000
2004-06-16,55.590000
2004-06-17,55.185001
2004-06-18,55.095001
2004-06-21,55.500000
2004-06-22,55.900002
2004-06-23,55.959999
2004-06-24,55.290001
2004-06-25,54.750000
2004-06-28,54.599998
2004-06-29,54.849998
2004-06-30,54.439999
2004-07-01,54.250000
2004-07-02,54.330002
2004-07-06,54.150002
2004-07-07,54.419998
2004-07-08,54.549999
2004-07-09,54.720001
2004-07-12,54.880001
2004-07-13,54.900002
2004-07-14,55.080002
2004-07-15,55.009998
2004-07-16,55.099998
2004-07-19,54.680000
2004-07-20,54.500000
2004-07-21,53.240002
2004-07-22,53.380001
2004-07-23,52.490002
2004-07-26,53.119999
2004-07-27,53.889999
2004-07-28,53.439999
2004-07-29,52.919998
2004-07-30,52.150002
2004-08-02,53.340000
2004-08-03,53.660000
2004-08-04,54.060001
2004-08-05,53.150002
2004-08-06,52.990002
2004-08-09,53.090000
2004-08-10,54.200001
2004-08-11,54.669998
2004-08-12,54.290001
2004-08-13,54.459999
2004-08-16,54.970001
2004-08-17,54.840000
2004-08-18,55.200001
2004-08-19,54.480000
2004-08-20,54.849998
2004-08-23,54.750000
2004-08-24,54.950001
2004-08-25,55.299999
2004-08-26,55.700001
2004-08-27,55.980000
2004-08-30,55.509998
2004-08-31,55.970001
2004-09-01,56.200001
2004-09-02,56.490002
2004-09-03,56.549999
2004-09-07,56.650002
2004-09-08,56.730000
2004-09-09,56.090000
2004-09-10,56.180000
2004-09-13,56.270000
2004-09-14,56.650002
2004-09-15,56.299999
2004-09-16,55.910000
2004-09-17,56.259998
2004-09-20,54.380001
2004-09-21,54.880001
2004-09-22,54.299999
2004-09-23,54.279999
2004-09-24,54.080002
2004-09-27,53.630001
2004-09-28,53.770000
2004-09-29,54.459999
2004-09-30,54.119999
2004-10-01,54.660000
2004-10-04,54.349998
2004-10-05,54.259998
2004-10-06,54.299999
2004-10-07,53.639999
2004-10-08,53.450001
2004-10-11,53.669998
2004-10-12,53.529999
2004-10-13,53.020000
2004-10-14,52.970001
2004-10-15,53.689999
2004-10-18,53.660000
2004-10-19,53.000000
2004-10-20,53.560001
2004-10-21,53.619999
2004-10-22,53.049999
2004-10-25,52.330002
2004-10-26,53.209999
2004-10-27,51.779999
2004-10-28,51.310001
2004-10-29,51.180000
2004-11-01,51.000000
2004-11-02,50.970001
2004-11-03,51.860001
2004-11-04,53.189999
2004-11-05,53.520000
2004-11-08,53.290001
2004-11-09,52.770000
2004-11-10,53.000000
2004-11-11,54.000000
2004-11-12,54.599998
2004-11-15,54.480000
2004-11-16,54.349998
2004-11-17,54.490002
2004-11-18,54.770000
2004-11-19,54.320000
2004-11-22,54.459999
2004-11-23,54.060001
2004-11-24,53.939999
2004-11-26,53.639999
2004-11-29,54.099998
2004-11-30,53.480000
2004-12-01,54.660000
2004-12-02,55.820000
2004-12-03,55.389999
2004-12-06,54.299999
2004-12-07,54.040001
2004-12-08,55.029999
2004-12-09,56.380001
2004-12-10,56.439999
2004-12-13,56.490002
2004-12-14,56.490002
2004-12-15,56.119999
2004-12-16,56.099998
2004-12-17,55.439999
2004-12-20,55.590000
2004-12-21,56.070000
2004-12-22,55.919998
2004-12-23,55.590000
2004-12-27,55.400002
2004-12-28,55.439999
2004-12-29,55.240002
2004-12-30,55.450001
2004-12-31,55.080002
2005-01-03,55.189999
2005-01-04,54.500000
2005-01-05,55.070000
2005-01-06,55.340000
2005-01-07,55.919998
2005-01-10,56.360001
2005-01-11,56.299999
2005-01-12,56.509998
2005-01-13,55.529999
2005-01-14,55.880001
2005-01-18,55.990002
2005-01-19,56.680000
2005-01-20,56.700001
2005-01-21,55.650002
2005-01-24,55.209999
2005-01-25,55.730000
2005-01-26,55.439999
2005-01-27,55.320000
2005-01-28,54.150002
2005-01-31,53.230000
2005-02-01,52.869999
2005-02-02,53.400002
2005-02-03,53.240002
2005-02-04,52.619999
2005-02-07,52.529999
2005-02-08,51.980000
2005-02-09,51.509998
2005-02-10,51.619999
2005-02-11,52.150002
2005-02-14,52.700001
2005-02-15,53.480000
2005-02-16,53.310001
2005-02-17,53.330002
2005-02-18,53.500000
2005-02-22,52.250000
2005-02-23,53.490002
2005-02-24,53.830002
2005-02-25,54.189999
2005-02-28,53.090000
2005-03-01,53.509998
2005-03-02,53.590000
2005-03-03,53.480000
2005-03-04,53.849998
2005-03-07,53.700001
2005-03-08,53.349998
2005-03-09,53.000000
2005-03-10,53.270000
2005-03-11,52.509998
2005-03-14,53.250000
2005-03-15,52.919998
2005-03-16,52.810001
2005-03-17,52.750000
2005-03-18,53.400002
2005-03-21,52.740002
2005-03-22,52.049999
2005-03-23,52.830002
2005-03-24,52.599998
2005-03-28,52.509998
2005-03-29,51.860001
2005-03-30,53.360001
2005-03-31,53.000000
2005-04-01,52.610001
2005-04-04,53.900002
2005-04-05,54.000000
2005-04-06,53.959999
2005-04-07,55.070000
2005-04-08,54.500000
2005-04-11,55.340000
2005-04-12,55.520000
2005-04-13,55.209999
2005-04-14,55.000000
2005-04-15,54.799999
2005-04-18,54.599998
2005-04-19,54.330002
2005-04-20,53.389999
2005-04-21,54.189999
2005-04-22,53.889999
2005-04-25,53.830002
2005-04-26,53.369999
2005-04-27,53.529999
2005-04-28,53.990002
2005-04-29,54.150002
2005-05-02,54.799999
2005-05-03,54.900002
2005-05-04,55.139999
2005-05-05,54.779999
2005-05-06,54.750000
2005-05-09,54.980000
2005-05-10,54.880001
2005-05-11,55.480000
2005-05-12,55.439999
2005-05-13,54.750000
2005-05-16,55.139999
2005-05-17,55.630001
2005-05-18,56.400002
2005-05-19,56.619999
2005-05-20,56.480000
2005-05-23,56.480000
2005-05-24,56.000000
2005-05-25,55.730000
2005-05-26,55.810001
2005-05-27,55.759998
2005-05-31,55.150002
2005-06-01,56.119999
2005-06-02,55.970001
2005-06-03,55.270000
2005-06-06,55.310001
2005-06-07,55.450001
2005-06-08,55.310001
2005-06-09,55.200001
2005-06-10,54.750000
2005-06-13,54.310001
2005-06-14,54.389999
2005-06-15,54.400002
2005-06-16,54.250000
2005-06-17,54.419998
2005-06-20,54.250000
2005-06-21,54.330002
2005-06-22,54.439999
2005-06-23,53.660000
2005-06-24,52.820000
2005-06-27,52.669998
2005-06-28,53.330002
2005-06-29,53.470001
2005-06-30,52.750000
2005-07-01,52.900002
2005-07-05,52.750000
2005-07-06,52.500000
2005-07-07,52.160000
2005-07-08,52.959999
2005-07-11,53.900002
2005-07-12,53.939999
2005-07-13,54.580002
2005-07-14,54.750000
2005-07-15,54.500000
2005-07-18,54.619999
2005-07-19,54.880001
2005-07-20,55.020000
2005-07-21,55.130001
2005-07-22,54.990002
2005-07-25,54.939999
2005-07-26,55.110001
2005-07-27,55.369999
2005-07-28,55.820000
2005-07-29,55.630001
2005-08-01,55.320000
2005-08-02,55.360001
2005-08-03,55.000000
2005-08-04,54.169998
2005-08-05,54.099998
2005-08-08,54.250000
2005-08-09,53.939999
2005-08-10,53.709999
2005-08-11,53.660000
2005-08-12,53.549999
2005-08-15,54.180000
2005-08-16,53.580002
2005-08-17,53.419998
2005-08-18,54.180000
2005-08-19,54.540001
2005-08-22,55.160000
2005-08-23,55.400002
2005-08-24,54.619999
2005-08-25,55.000000
2005-08-26,54.959999
2005-08-29,55.639999
2005-08-30,55.400002
2005-08-31,55.480000
2005-09-01,55.759998
2005-09-02,55.990002
2005-09-06,56.570000
2005-09-07,56.259998
2005-09-08,56.150002
2005-09-09,56.900002
2005-09-12,56.560001
2005-09-13,55.540001
2005-09-14,55.020000
2005-09-15,55.500000
2005-09-16,55.950001
2005-09-19,55.560001
2005-09-20,56.040001
2005-09-21,55.900002
2005-09-22,56.689999
2005-09-23,56.740002
2005-09-26,56.590000
2005-09-27,57.099998
2005-09-28,57.439999
2005-09-29,58.139999
2005-09-30,59.459999
2005-10-03,59.310001
2005-10-04,58.080002
2005-10-05,57.110001
2005-10-06,56.220001
2005-10-07,56.040001
2005-10-10,55.840000
2005-10-11,56.009998
2005-10-12,56.029999
2005-10-13,56.200001
2005-10-14,56.110001
2005-10-17,55.779999
2005-10-18,55.349998
2005-10-19,55.669998
2005-10-20,55.169998
2005-10-21,54.810001
2005-10-24,55.099998
2005-10-25,55.590000
2005-10-26,54.990002
2005-10-27,55.020000
2005-10-28,55.919998
2005-10-31,55.990002
2005-11-01,55.250000
2005-11-02,55.650002
2005-11-03,55.959999
2005-11-04,55.919998
2005-11-07,55.580002
2005-11-08,55.709999
2005-11-09,56.000000
2005-11-10,56.369999
2005-11-11,56.369999
2005-11-14,55.919998
2005-11-15,56.000000
2005-11-16,56.599998
2005-11-17,57.150002
2005-11-18,57.450001
2005-11-21,57.639999
2005-11-22,57.139999
2005-11-23,57.009998
2005-11-25,57.279999
2005-11-28,57.110001
2005-11-29,57.680000
2005-11-30,57.189999
2005-12-01,57.639999
2005-12-02,57.360001
2005-12-05,57.430000
2005-12-06,57.410000
2005-12-07,57.040001
2005-12-08,57.009998
2005-12-09,57.330002
2005-12-12,56.910000
2005-12-13,58.509998
2005-12-14,59.619999
2005-12-15,58.990002
2005-12-16,58.110001
2005-12-19,58.549999
2005-12-20,58.209999
2005-12-21,58.520000
2005-12-22,58.779999
2005-12-23,58.880001
2005-12-27,58.599998
2005-12-28,58.540001
2005-12-29,58.419998
2005-12-30,57.880001
2006-01-03,58.779999
2006-01-04,58.889999
2006-01-05,58.700001
2006-01-06,58.639999
2006-01-09,59.080002
2006-01-10,58.849998
2006-01-11,59.060001
2006-01-12,58.410000
2006-01-13,58.900002
2006-01-17,58.650002
2006-01-18,58.669998
2006-01-19,58.509998
2006-01-20,57.840000
2006-01-23,57.639999
2006-01-24,57.869999
2006-01-25,58.470001
2006-01-26,58.820000
2006-01-27,59.740002
2006-01-30,59.139999
2006-01-31,59.230000
2006-02-01,59.820000
2006-02-02,59.650002
2006-02-03,59.680000
2006-02-06,59.790001
2006-02-07,59.320000
2006-02-08,59.470001
2006-02-09,59.619999
2006-02-10,59.700001
2006-02-13,59.439999
2006-02-14,59.840000
2006-02-15,60.110001
2006-02-16,60.730000
2006-02-17,61.000000
2006-02-21,60.880001
2006-02-22,61.939999
2006-02-23,61.480000
2006-02-24,61.500000
2006-02-27,61.349998
2006-02-28,59.930000
2006-03-01,60.110001
2006-03-02,59.549999
2006-03-03,59.669998
2006-03-06,59.669998
2006-03-07,60.299999
2006-03-08,61.070000
2006-03-09,61.400002
2006-03-10,62.250000
2006-03-13,61.980000
2006-03-14,60.009998
2006-03-15,59.900002
2006-03-16,59.389999
2006-03-17,59.099998
2006-03-20,59.180000
2006-03-21,59.029999
2006-03-22,59.490002
2006-03-23,58.650002
2006-03-24,58.740002
2006-03-27,58.290001
2006-03-28,57.529999
2006-03-29,57.740002
2006-03-30,57.630001
2006-03-31,57.630001
2006-04-03,57.880001
2006-04-04,58.000000
2006-04-05,57.619999
2006-04-06,57.500000
2006-04-07,57.279999
2006-04-10,57.150002
2006-04-11,56.490002
2006-04-12,56.419998
2006-04-13,56.599998
2006-04-17,56.029999
2006-04-18,56.160000
2006-04-19,56.070000
2006-04-20,56.259998
2006-04-21,56.340000
2006-04-24,56.599998
2006-04-25,57.270000
2006-04-26,58.009998
2006-04-27,58.380001
2006-04-28,58.209999
2006-05-01,57.880001
2006-05-02,58.110001
2006-05-03,56.220001
2006-05-04,55.860001
2006-05-05,55.730000
2006-05-08,56.340000
2006-05-09,56.500000
2006-05-10,56.340000
2006-05-11,55.650002
2006-05-12,55.009998
2006-05-15,55.570000
2006-05-16,56.040001
2006-05-17,55.330002
2006-05-18,54.889999
2006-05-19,54.150002
2006-05-22,54.279999
2006-05-23,54.490002
2006-05-24,54.820000
2006-05-25,55.259998
2006-05-26,55.130001
2006-05-30,54.380001
2006-05-31,54.250000
2006-06-01,54.480000
2006-06-02,53.950001
2006-06-05,53.180000
2006-06-06,53.369999
2006-06-07,53.240002
2006-06-08,54.740002
2006-06-09,54.450001
2006-06-12,54.310001
2006-06-13,54.130001
2006-06-14,54.830002
2006-06-15,54.880001
2006-06-16,55.020000
2006-06-19,54.869999
2006-06-20,55.580002
2006-06-21,55.820000
2006-06-22,55.849998
2006-06-23,55.730000
2006-06-26,55.990002
2006-06-27,55.750000
2006-06-28,55.770000
2006-06-29,56.990002
2006-06-30,55.599998
2006-07-03,56.299999
2006-07-05,55.930000
2006-07-06,56.450001
2006-07-07,56.500000
2006-07-10,56.980000
2006-07-11,57.250000
2006-07-12,56.610001
2006-07-13,56.540001
2006-07-14,55.660000
2006-07-17,55.820000
2006-07-18,55.810001
2006-07-19,56.639999
2006-07-20,56.610001
2006-07-21,56.070000
2006-07-24,56.900002
2006-07-25,56.880001
2006-07-26,56.669998
2006-07-27,56.439999
2006-07-28,56.810001
2006-07-31,56.200001
2006-08-01,55.930000
2006-08-02,58.290001
2006-08-03,59.450001
2006-08-04,59.450001
2006-08-07,59.400002
2006-08-08,59.720001
2006-08-09,59.540001
2006-08-10,60.259998
2006-08-11,60.259998
2006-08-14,59.759998
2006-08-15,60.439999
2006-08-16,60.419998
2006-08-17,60.340000
2006-08-18,60.389999
2006-08-21,60.779999
2006-08-22,61.049999
2006-08-23,60.919998
2006-08-24,61.049999
2006-08-25,60.869999
2006-08-28,60.980000
2006-08-29,61.200001
2006-08-30,61.750000
2006-08-31,61.900002
2006-09-01,61.910000
2006-09-05,61.560001
2006-09-06,61.439999
2006-09-07,61.529999
2006-09-08,61.139999
2006-09-11,61.919998
2006-09-12,61.849998
2006-09-13,60.560001
2006-09-14,60.770000
2006-09-15,60.900002
2006-09-18,60.500000
2006-09-19,60.910000
2006-09-20,61.630001
2006-09-21,61.740002
2006-09-22,61.810001
2006-09-25,62.290001
2006-09-26,62.480000
2006-09-27,62.730000
2006-09-28,62.259998
2006-09-29,61.980000
2006-10-02,62.040001
2006-10-03,62.299999
2006-10-04,63.340000
2006-10-05,63.520000
2006-10-06,63.090000
2006-10-09,62.849998
2006-10-10,62.720001
2006-10-11,62.480000
2006-10-12,62.410000
2006-10-13,62.130001
2006-10-16,62.049999
2006-10-17,62.250000
2006-10-18,62.590000
2006-10-19,62.500000
2006-10-20,62.680000
2006-10-23,63.279999
2006-10-24,62.880001
2006-10-25,63.130001
2006-10-26,63.500000
2006-10-27,63.560001
2006-10-30,63.810001
2006-10-31,63.389999
2006-11-01,63.040001
2006-11-02,63.270000
2006-11-03,63.400002
2006-11-06,63.560001
2006-11-07,64.110001
2006-11-08,64.040001
2006-11-09,63.799999
2006-11-10,63.700001
2006-11-13,63.250000
2006-11-14,63.200001
2006-11-15,63.119999
2006-11-16,63.520000
2006-11-17,63.860001
2006-11-20,63.689999
2006-11-21,63.259998
2006-11-22,63.639999
2006-11-24,63.529999
2006-11-27,62.840000
2006-11-28,63.070000
2006-11-29,63.209999
2006-11-30,62.790001
2006-12-01,62.689999
2006-12-04,63.419998
2006-12-05,63.509998
2006-12-06,63.799999
2006-12-07,63.799999
2006-12-08,63.889999
2006-12-11,63.869999
2006-12-12,63.700001
2006-12-13,63.400002
2006-12-14,63.349998
2006-12-15,64.110001
2006-12-18,64.160004
2006-12-19,64.389999
2006-12-20,64.470001
2006-12-21,64.050003
2006-12-22,63.799999
2006-12-26,64.190002
2006-12-27,64.419998
2006-12-28,64.480003
2006-12-29,64.269997
2007-01-03,64.540001
2007-01-04,64.050003
2007-01-05,63.500000
2007-01-08,63.639999
2007-01-09,63.480000
2007-01-10,64.239998
2007-01-11,64.639999
2007-01-12,65.000000
2007-01-16,65.000000
2007-01-17,65.360001
2007-01-18,65.540001
2007-01-19,66.089996
2007-01-22,65.720001
2007-01-23,65.639999
2007-01-24,65.510002
2007-01-25,64.919998
2007-01-26,64.860001
2007-01-29,64.879997
2007-01-30,64.589996
2007-01-31,64.870003
2007-02-01,65.339996
2007-02-02,65.339996
2007-02-05,65.150002
2007-02-06,64.589996
2007-02-07,64.480003
2007-02-08,64.589996
2007-02-09,64.430000
2007-02-12,64.160004
2007-02-13,64.709999
2007-02-14,64.879997
2007-02-15,64.989998
2007-02-16,65.070000
2007-02-20,64.879997
2007-02-21,64.690002
2007-02-22,64.709999
2007-02-23,64.820000
2007-02-26,64.440002
2007-02-27,61.250000
2007-02-28,63.490002
2007-03-01,63.680000
2007-03-02,63.160000
2007-03-05,62.790001
2007-03-06,62.939999
2007-03-07,62.080002
2007-03-08,62.310001
2007-03-09,62.160000
2007-03-12,62.090000
2007-03-13,61.169998
2007-03-14,61.360001
2007-03-15,61.910000
2007-03-16,61.610001
2007-03-19,61.980000
2007-03-20,62.279999
2007-03-21,62.959999
2007-03-22,63.849998
2007-03-23,63.799999
2007-03-26,63.900002
2007-03-27,63.270000
2007-03-28,63.009998
2007-03-29,63.259998
2007-03-30,63.160000
2007-04-02,63.020000
2007-04-03,62.900002
2007-04-04,63.049999
2007-04-05,63.000000
2007-04-09,63.259998
2007-04-10,63.209999
2007-04-11,63.040001
2007-04-12,63.520000
2007-04-13,63.380001
2007-04-16,63.730000
2007-04-17,63.900002
2007-04-18,63.759998
2007-04-19,63.619999
2007-04-20,63.799999
2007-04-23,63.630001
2007-04-24,63.730000
2007-04-25,63.529999
2007-04-26,62.990002
2007-04-27,62.980000
2007-04-30,64.400002
2007-05-01,62.959999
2007-05-02,62.369999
2007-05-03,62.000000
2007-05-04,62.410000
2007-05-07,62.180000
2007-05-08,61.750000
2007-05-09,62.009998
2007-05-10,61.490002
2007-05-11,61.650002
2007-05-14,61.720001
2007-05-15,62.070000
2007-05-16,63.320000
2007-05-17,63.369999
2007-05-18,63.480000
2007-05-21,63.270000
2007-05-22,63.000000
2007-05-23,63.099998
2007-05-24,62.869999
2007-05-25,62.959999
2007-05-29,63.650002
2007-05-30,63.849998
2007-05-31,63.549999
2007-06-01,63.480000
2007-06-04,63.189999
2007-06-05,63.459999
2007-06-06,63.189999
2007-06-07,62.320000
2007-06-08,63.070000
2007-06-11,63.049999
2007-06-12,62.160000
2007-06-13,62.369999
2007-06-14,62.419998
2007-06-15,62.570000
2007-06-18,61.770000
2007-06-19,61.820000
2007-06-20,61.939999
2007-06-21,61.880001
2007-06-22,61.029999
2007-06-25,61.080002
2007-06-26,61.189999
2007-06-27,61.430000
2007-06-28,61.360001
2007-06-29,61.189999
2007-07-02,61.740002
2007-07-03,61.790001
2007-07-05,61.669998
2007-07-06,61.480000
2007-07-09,61.520000
2007-07-10,61.029999
2007-07-11,61.560001
2007-07-12,62.930000
2007-07-13,62.660000
2007-07-16,63.150002
2007-07-17,62.680000
2007-07-18,62.590000
2007-07-19,62.790001
2007-07-20,62.150002
2007-07-23,63.340000
2007-07-24,62.959999
2007-07-25,62.980000
2007-07-26,62.560001
2007-07-27,62.820000
2007-07-30,63.270000
2007-07-31,61.860001
2007-08-01,63.160000
2007-08-02,63.299999
2007-08-03,62.880001
2007-08-06,65.000000
2007-08-07,65.230003
2007-08-08,65.160004
2007-08-09,64.970001
2007-08-10,65.389999
2007-08-13,64.279999
2007-08-14,63.720001
2007-08-15,63.480000
2007-08-16,64.029999
2007-08-17,65.349998
2007-08-20,65.010002
2007-08-21,64.459999
2007-08-22,64.739998
2007-08-23,65.040001
2007-08-24,65.930000
2007-08-27,65.230003
2007-08-28,64.699997
2007-08-29,65.120003
2007-08-30,65.010002
2007-08-31,65.309998
2007-09-04,65.449997
2007-09-05,65.459999
2007-09-06,66.110001
2007-09-07,65.470001
2007-09-10,65.900002
2007-09-11,66.989998
2007-09-12,67.309998
2007-09-13,67.459999
2007-09-14,67.809998
2007-09-17,67.949997
2007-09-18,68.680000
2007-09-19,68.790001
2007-09-20,68.980003
2007-09-21,69.389999
2007-09-24,69.800003
2007-09-25,69.849998
2007-09-26,70.510002
2007-09-27,70.099998
2007-09-28,70.339996
2007-10-01,70.910004
2007-10-02,70.730003
2007-10-03,70.410004
2007-10-04,70.830002
2007-10-05,70.830002
2007-10-08,70.709999
2007-10-09,71.080002
2007-10-10,71.400002
2007-10-11,71.769997
2007-10-12,71.699997
2007-10-15,71.000000
2007-10-16,70.820000
2007-10-17,70.589996
2007-10-18,70.900002
2007-10-19,70.800003
2007-10-22,71.059998
2007-10-23,71.260002
2007-10-24,71.379997
2007-10-25,71.349998
2007-10-26,71.750000
2007-10-29,71.830002
2007-10-30,68.949997
2007-10-31,69.519997
2007-11-01,68.589996
2007-11-02,69.550003
2007-11-05,70.180000
2007-11-06,70.470001
2007-11-07,69.419998
2007-11-08,70.839996
2007-11-09,70.419998
2007-11-12,70.769997
2007-11-13,71.570000
2007-11-14,71.540001
2007-11-15,71.830002
2007-11-16,73.190002
2007-11-19,72.820000
2007-11-20,73.209999
2007-11-21,72.260002
2007-11-23,72.860001
2007-11-26,72.190002
2007-11-27,73.129997
2007-11-28,73.910004
2007-11-29,74.150002
2007-11-30,74.000000
2007-12-03,73.519997
2007-12-04,73.290001
2007-12-05,73.809998
2007-12-06,74.180000
2007-12-07,74.120003
2007-12-10,74.330002
2007-12-11,73.839996
2007-12-12,74.669998
2007-12-13,74.400002
2007-12-14,73.900002
2007-12-17,73.239998
2007-12-18,72.839996
2007-12-19,72.980003
2007-12-20,73.190002
2007-12-21,74.080002
2007-12-24,73.940002
2007-12-26,74.040001
2007-12-27,73.889999
2007-12-28,74.250000
2007-12-31,73.419998
2008-01-02,72.309998
2008-01-03,72.309998
2008-01-04,72.019997
2008-01-07,72.489998
2008-01-08,72.680000
2008-01-09,72.540001
2008-01-10,72.480003
2008-01-11,70.180000
2008-01-14,70.290001
2008-01-15,69.699997
2008-01-16,68.839996
2008-01-17,68.070000
2008-01-18,67.150002
2008-01-22,65.129997
2008-01-23,66.239998
2008-01-24,66.150002
2008-01-25,65.309998
2008-01-28,65.290001
2008-01-29,64.680000
2008-01-30,65.089996
2008-01-31,65.419998
2008-02-01,66.050003
2008-02-04,66.150002
2008-02-05,65.040001
2008-02-06,65.309998
2008-02-07,65.769997
2008-02-08,65.019997
2008-02-11,66.000000
2008-02-12,67.160004
2008-02-13,67.000000
2008-02-14,66.629997
2008-02-15,66.300003
2008-02-19,66.309998
2008-02-20,66.169998
2008-02-21,65.959999
2008-02-22,66.209999
2008-02-25,66.680000
2008-02-26,67.680000
2008-02-27,67.209999
2008-02-28,66.970001
2008-02-29,66.180000
2008-03-03,66.349998
2008-03-04,66.050003
2008-03-05,66.699997
2008-03-06,66.510002
2008-03-07,65.800003
2008-03-10,65.760002
2008-03-11,66.660004
2008-03-12,67.040001
2008-03-13,67.360001
2008-03-14,66.739998
2008-03-17,67.050003
2008-03-18,68.540001
2008-03-19,67.809998
2008-03-20,69.370003
2008-03-24,69.970001
2008-03-25,69.540001
2008-03-26,69.639999
2008-03-27,69.410004
2008-03-28,69.440002
2008-03-31,70.070000
2008-04-01,71.139999
2008-04-02,70.480003
2008-04-03,70.470001
2008-04-04,70.599998
2008-04-07,70.510002
2008-04-08,70.650002
2008-04-09,70.209999
2008-04-10,70.180000
2008-04-11,70.000000
2008-04-14,70.120003
2008-04-15,70.230003
2008-04-16,69.269997
2008-04-17,67.559998
2008-04-18,67.169998
2008-04-21,67.800003
2008-04-22,67.470001
2008-04-23,67.169998
2008-04-24,66.830002
2008-04-25,66.550003
2008-04-28,66.209999
2008-04-29,65.900002
2008-04-30,67.050003
2008-05-01,67.029999
2008-05-02,66.800003
2008-05-05,66.650002
2008-05-06,66.650002
2008-05-07,65.800003
2008-05-08,65.919998
2008-05-09,65.209999
2008-05-12,65.349998
2008-05-13,65.730003
2008-05-14,65.500000
2008-05-15,66.360001
2008-05-16,66.750000
2008-05-19,66.860001
2008-05-20,65.860001
2008-05-21,65.169998
2008-05-22,65.620003
2008-05-23,65.269997
2008-05-27,65.070000
2008-05-28,64.870003
2008-05-29,65.470001
2008-05-30,66.050003
2008-06-02,65.360001
2008-06-03,65.410004
2008-06-04,66.449997
2008-06-05,66.669998
2008-06-06,65.370003
2008-06-09,66.070000
2008-06-10,66.660004
2008-06-11,66.199997
2008-06-12,66.459999
2008-06-13,66.449997
2008-06-16,65.900002
2008-06-17,65.800003
2008-06-18,65.000000
2008-06-19,64.900002
2008-06-20,63.160000
2008-06-23,62.930000
2008-06-24,62.860001
2008-06-25,63.490002
2008-06-26,62.250000
2008-06-27,60.490002
2008-06-30,60.810001
2008-07-01,61.980000
2008-07-02,62.689999
2008-07-03,63.669998
2008-07-07,62.910000
2008-07-08,63.660000
2008-07-09,63.799999
2008-07-10,64.220001
2008-07-11,63.450001
2008-07-14,63.930000
2008-07-15,64.349998
2008-07-16,63.889999
2008-07-17,63.889999
2008-07-18,63.669998
2008-07-21,63.639999
2008-07-22,64.099998
2008-07-23,64.699997
2008-07-24,64.510002
2008-07-25,64.459999
2008-07-28,63.830002
2008-07-29,65.540001
2008-07-30,66.570000
2008-07-31,65.480003
2008-08-01,64.949997
2008-08-04,65.820000
2008-08-05,67.970001
2008-08-06,67.769997
2008-08-07,67.480003
2008-08-08,69.629997
2008-08-11,69.430000
2008-08-12,70.339996
2008-08-13,69.599998
2008-08-14,69.709999
2008-08-15,71.599998
2008-08-18,71.269997
2008-08-19,70.720001
2008-08-20,70.300003
2008-08-21,69.900002
2008-08-22,71.610001
2008-08-25,70.129997
2008-08-26,69.839996
2008-08-27,70.059998
2008-08-28,71.010002
2008-08-29,69.769997
2008-09-02,70.470001
2008-09-03,71.419998
2008-09-04,70.440002
2008-09-05,70.779999
2008-09-08,72.370003
2008-09-09,71.889999
2008-09-10,72.389999
2008-09-11,73.080002
2008-09-12,73.150002
2008-09-15,72.139999
2008-09-16,72.000000
2008-09-17,70.940002
2008-09-18,71.309998
2008-09-19,70.360001
2008-09-22,68.040001
2008-09-23,67.279999
2008-09-24,68.739998
2008-09-25,68.510002
2008-09-26,68.839996
2008-09-29,66.750000
2008-09-30,69.690002
2008-10-01,71.269997
2008-10-02,71.440002
2008-10-03,71.019997
2008-10-06,68.580002
2008-10-07,66.250000
2008-10-08,66.099998
2008-10-09,60.880001
2008-10-10,59.560001
2008-10-13,63.290001
2008-10-14,64.099998
2008-10-15,59.820000
2008-10-16,61.770000
2008-10-17,61.740002
2008-10-20,63.910000
2008-10-21,62.959999
2008-10-22,58.759998
2008-10-23,60.570000
2008-10-24,58.869999
2008-10-27,57.369999
2008-10-28,63.230000
2008-10-29,60.990002
2008-10-30,63.080002
2008-10-31,64.540001
2008-11-03,64.400002
2008-11-04,66.070000
2008-11-05,63.810001
2008-11-06,63.349998
2008-11-07,64.489998
2008-11-10,64.949997
2008-11-11,63.820000
2008-11-12,61.849998
2008-11-13,65.050003
2008-11-14,63.110001
2008-11-17,62.509998
2008-11-18,64.250000
2008-11-19,62.270000
2008-11-20,59.330002
2008-11-21,63.090000
2008-11-24,64.680000
2008-11-25,63.180000
2008-11-26,63.160000
2008-11-28,64.349998
2008-12-01,60.490002
2008-12-02,61.439999
2008-12-03,62.880001
2008-12-04,61.250000
2008-12-05,62.630001
2008-12-08,62.490002
2008-12-09,59.790001
2008-12-10,59.119999
2008-12-11,58.580002
2008-12-12,58.939999
2008-12-15,59.360001
2008-12-16,61.619999
2008-12-17,60.700001
2008-12-18,60.310001
2008-12-19,60.180000
2008-12-22,60.459999
2008-12-23,59.830002
2008-12-24,60.389999
2008-12-26,60.529999
2008-12-29,60.200001
2008-12-30,61.119999
2008-12-31,61.820000
2009-01-02,62.799999
2009-01-05,62.349998
2009-01-06,62.169998
2009-01-07,61.080002
2009-01-08,60.410000
2009-01-09,59.860001
2009-01-12,59.939999
2009-01-13,59.470001
2009-01-14,57.860001
2009-01-15,57.459999
2009-01-16,57.730000
2009-01-20,57.430000
2009-01-21,57.570000
2009-01-22,56.959999
2009-01-23,56.000000
2009-01-26,56.369999
2009-01-27,56.700001
2009-01-28,58.180000
2009-01-29,58.220001
2009-01-30,54.500000
2009-02-02,53.049999
2009-02-03,53.910000
2009-02-04,52.520000
2009-02-05,53.320000
2009-02-06,54.000000
2009-02-09,52.939999
2009-02-10,51.450001
2009-02-11,51.160000
2009-02-12,51.279999
2009-02-13,51.090000
2009-02-17,50.110001
2009-02-18,50.950001
2009-02-19,51.130001
2009-02-20,50.250000
2009-02-23,48.900002
2009-02-24,49.770000
2009-02-25,49.919998
2009-02-26,48.970001
2009-02-27,48.169998
2009-03-02,46.869999
2009-03-03,46.630001
2009-03-04,47.310001
2009-03-05,45.400002
2009-03-06,45.709999
2009-03-09,44.180000
2009-03-10,45.169998
2009-03-11,45.070000
2009-03-12,45.779999
2009-03-13,46.950001
2009-03-16,47.820000
2009-03-17,47.980000
2009-03-18,48.020000
2009-03-19,46.310001
2009-03-20,45.590000
2009-03-23,47.740002
2009-03-24,47.070000
2009-03-25,48.060001
2009-03-26,48.759998
2009-03-27,48.570000
2009-03-30,47.279999
2009-03-31,47.090000
2009-04-01,48.209999
2009-04-02,49.419998
2009-04-03,49.630001
2009-04-06,49.650002
2009-04-07,48.680000
2009-04-08,48.470001
2009-04-09,49.189999
2009-04-13,48.040001
2009-04-14,47.250000
2009-04-15,48.750000
2009-04-16,50.430000
2009-04-17,51.660000
2009-04-20,50.730000
2009-04-21,51.369999
2009-04-22,49.599998
2009-04-23,49.320000
2009-04-24,49.509998
2009-04-27,49.970001
2009-04-28,49.689999
2009-04-29,50.419998
2009-04-30,49.439999
2009-05-01,49.500000
2009-05-04,50.990002
2009-05-05,49.790001
2009-05-06,50.840000
2009-05-07,51.340000
2009-05-08,51.570000
2009-05-11,50.369999
2009-05-12,50.939999
2009-05-13,50.959999
2009-05-14,50.799999
2009-05-15,50.669998
2009-05-18,52.520000
2009-05-19,52.950001
2009-05-20,54.020000
2009-05-21,53.020000
2009-05-22,53.029999
2009-05-26,53.779999
2009-05-27,51.779999
2009-05-28,52.590000
2009-05-29,51.939999
2009-06-01,53.360001
2009-06-02,53.709999
2009-06-03,53.810001
2009-06-04,53.349998
2009-06-05,53.180000
2009-06-08,53.139999
2009-06-09,52.410000
2009-06-10,52.080002
2009-06-11,52.009998
2009-06-12,52.549999
2009-06-15,51.330002
2009-06-16,50.099998
2009-06-17,50.009998
2009-06-18,51.169998
2009-06-19,50.639999
2009-06-22,50.560001
2009-06-23,50.549999
2009-06-24,50.549999
2009-06-25,51.680000
2009-06-26,51.750000
2009-06-29,52.230000
2009-06-30,51.099998
2009-07-01,52.000000
2009-07-02,51.110001
2009-07-06,52.169998
2009-07-07,51.910000
2009-07-08,52.639999
2009-07-09,52.410000
2009-07-10,52.220001
2009-07-13,52.980000
2009-07-14,53.540001
2009-07-15,54.650002
2009-07-16,55.209999
2009-07-17,55.919998
2009-07-20,55.560001
2009-07-21,55.490002
2009-07-22,54.869999
2009-07-23,55.160000
2009-07-24,55.840000
2009-07-27,55.779999
2009-07-28,55.709999
2009-07-29,56.119999
2009-07-30,56.230000
2009-07-31,55.509998
2009-08-03,55.610001
2009-08-04,55.459999
2009-08-05,53.910000
2009-08-06,51.459999
2009-08-07,52.029999
2009-08-10,52.169998
2009-08-11,51.930000
2009-08-12,52.080002
2009-08-13,52.299999
2009-08-14,52.369999
2009-08-17,52.209999
2009-08-18,52.450001
2009-08-19,52.799999
2009-08-20,53.020000
2009-08-21,53.580002
2009-08-24,53.340000
2009-08-25,53.400002
2009-08-26,53.360001
2009-08-27,53.060001
2009-08-28,53.189999
2009-08-31,54.110001
2009-09-01,53.020000
2009-09-02,52.799999
2009-09-03,52.869999
2009-09-04,52.860001
2009-09-08,54.200001
2009-09-09,53.759998
2009-09-10,56.040001
2009-09-11,55.639999
2009-09-14,55.299999
2009-09-15,55.029999
2009-09-16,55.310001
2009-09-17,55.529999
2009-09-18,57.320000
2009-09-21,57.099998
2009-09-22,57.240002
2009-09-23,57.250000
2009-09-24,57.840000
2009-09-25,58.009998
2009-09-28,58.160000
2009-09-29,57.910000
2009-09-30,57.919998
2009-10-01,56.619999
2009-10-02,56.750000
2009-10-05,56.680000
2009-10-06,57.029999
2009-10-07,56.950001
2009-10-08,57.650002
2009-10-09,57.560001
2009-10-12,57.500000
2009-10-13,57.259998
2009-10-14,57.310001
2009-10-15,57.240002
2009-10-16,57.439999
2009-10-19,57.790001
2009-10-20,58.130001
2009-10-21,57.490002
2009-10-22,58.130001
2009-10-23,57.639999
2009-10-26,56.900002
2009-10-27,57.180000
2009-10-28,57.230000
2009-10-29,59.540001
2009-10-30,58.000000
2009-11-02,58.950001
2009-11-03,58.580002
2009-11-04,59.029999
2009-11-05,60.470001
2009-11-06,61.040001
2009-11-09,61.849998
2009-11-10,61.860001
2009-11-11,62.230000
2009-11-12,61.299999
2009-11-13,61.610001
2009-11-16,62.270000
2009-11-17,62.310001
2009-11-18,62.410000
2009-11-19,62.150002
2009-11-20,61.799999
2009-11-23,62.730000
2009-11-24,62.799999
2009-11-25,62.869999
2009-11-27,62.480000
2009-11-30,62.349998
2009-12-01,62.910000
2009-12-02,63.189999
2009-12-03,62.560001
2009-12-04,62.599998
2009-12-07,62.470001
2009-12-08,61.869999
2009-12-09,62.240002
2009-12-10,62.240002
2009-12-11,62.340000
2009-12-14,63.009998
2009-12-15,62.119999
2009-12-16,62.160000
2009-12-17,61.590000
2009-12-18,61.549999
2009-12-21,61.299999
2009-12-22,61.299999
2009-12-23,61.310001
2009-12-24,61.279999
2009-12-28,61.250000
2009-12-29,61.580002
2009-12-30,61.369999
2009-12-31,60.630001
2010-01-04,61.119999
2010-01-05,61.139999
2010-01-06,60.849998
2010-01-07,60.520000
2010-01-08,60.439999
2010-01-11,60.200001
2010-01-12,60.889999
2010-01-13,61.520000
2010-01-14,61.580002
2010-01-15,60.820000
2010-01-19,61.720001
2010-01-20,60.450001
2010-01-21,59.840000
2010-01-22,60.310001
2010-01-25,60.630001
2010-01-26,60.689999
2010-01-27,60.810001
2010-01-28,61.680000
2010-01-29,61.549999
2010-02-01,61.990002
2010-02-02,62.900002
2010-02-03,62.650002
2010-02-04,61.400002
2010-02-05,61.299999
2010-02-08,61.009998
2010-02-09,61.759998
2010-02-10,61.669998
2010-02-11,61.959999
2010-02-12,61.759998
2010-02-16,62.830002
2010-02-17,62.849998
2010-02-18,63.389999
2010-02-19,63.450001
2010-02-22,63.419998
2010-02-23,63.209999
2010-02-24,63.889999
2010-02-25,63.700001
2010-02-26,63.279999
2010-03-01,63.509998
2010-03-02,63.709999
2010-03-03,63.549999
2010-03-04,63.669998
2010-03-05,63.689999
2010-03-08,63.189999
2010-03-09,63.299999
2010-03-10,63.009998
2010-03-11,63.169998
2010-03-12,63.320000
2010-03-15,63.700001
2010-03-16,63.529999
2010-03-17,64.010002
2010-03-18,63.730000
2010-03-19,63.840000
2010-03-22,63.880001
2010-03-23,64.529999
2010-03-24,63.610001
2010-03-25,63.619999
2010-03-26,63.689999
2010-03-29,63.730000
2010-03-30,63.660000
2010-03-31,63.270000
2010-04-01,63.360001
2010-04-05,63.759998
2010-04-06,63.110001
2010-04-07,62.500000
2010-04-08,62.560001
2010-04-09,62.730000
2010-04-12,62.700001
2010-04-13,63.000000
2010-04-14,63.189999
2010-04-15,63.000000
2010-04-16,62.849998
2010-04-19,63.220001
2010-04-20,63.189999
2010-04-21,63.630001
2010-04-22,63.590000
2010-04-23,63.540001
2010-04-26,63.939999
2010-04-27,63.110001
2010-04-28,63.169998
2010-04-29,62.200001
2010-04-30,62.160000
2010-05-03,62.680000
2010-05-04,61.709999
2010-05-05,62.160000
2010-05-06,60.750000
2010-05-07,60.310001
2010-05-10,62.419998
2010-05-11,62.369999
2010-05-12,63.020000
2010-05-13,62.750000
2010-05-14,62.540001
2010-05-17,63.380001
2010-05-18,63.209999
2010-05-19,63.220001
2010-05-20,61.610001
2010-05-21,61.849998
2010-05-24,61.400002
2010-05-25,61.049999
2010-05-26,60.439999
2010-05-27,60.950001
2010-05-28,61.090000
2010-06-01,61.160000
2010-06-02,61.740002
2010-06-03,61.799999
2010-06-04,60.799999
2010-06-07,60.619999
2010-06-08,62.139999
2010-06-09,61.470001
2010-06-10,61.910000
2010-06-11,61.009998
2010-06-14,61.250000
2010-06-15,61.910000
2010-06-16,61.189999
2010-06-17,61.759998
2010-06-18,61.299999
2010-06-21,61.099998
2010-06-22,60.720001
2010-06-23,61.380001
2010-06-24,60.869999
2010-06-25,59.790001
2010-06-28,60.619999
2010-06-29,60.320000
2010-06-30,59.980000
2010-07-01,59.540001
2010-07-02,59.380001
2010-07-06,59.340000
2010-07-07,60.820000
2010-07-08,61.950001
2010-07-09,61.750000
2010-07-12,62.090000
2010-07-13,62.389999
2010-07-14,62.660000
2010-07-15,62.730000
2010-07-16,61.990002
2010-07-19,61.860001
2010-07-20,62.070000
2010-07-21,61.110001
2010-07-22,61.369999
2010-07-23,61.910000
2010-07-26,62.520000
2010-07-27,63.080002
2010-07-28,62.700001
2010-07-29,61.669998
2010-07-30,61.160000
2010-08-02,62.060001
2010-08-03,59.939999
2010-08-04,59.549999
2010-08-05,59.860001
2010-08-06,60.020000
2010-08-09,60.380001
2010-08-10,60.779999
2010-08-11,60.270000
2010-08-12,59.990002
2010-08-13,59.820000
2010-08-16,59.770000
2010-08-17,60.290001
2010-08-18,60.750000
2010-08-19,60.189999
2010-08-20,59.980000
2010-08-23,60.029999
2010-08-24,59.660000
2010-08-25,59.669998
2010-08-26,59.540001
2010-08-27,59.799999
2010-08-30,59.369999
2010-08-31,59.669998
2010-09-01,59.799999
2010-09-02,60.070000
2010-09-03,60.290001
2010-09-07,60.139999
2010-09-08,60.369999
2010-09-09,60.290001
2010-09-10,60.400002
2010-09-13,60.480000
2010-09-14,60.639999
2010-09-15,61.110001
2010-09-16,61.110001
2010-09-17,60.970001
2010-09-20,61.430000
2010-09-21,61.520000
2010-09-22,61.790001
2010-09-23,61.220001
2010-09-24,61.639999
2010-09-27,61.040001
2010-09-28,60.619999
2010-09-29,60.250000
2010-09-30,59.970001
2010-10-01,60.160000
2010-10-04,59.959999
2010-10-05,60.820000
2010-10-06,60.869999
2010-10-07,60.799999
2010-10-08,61.860001
2010-10-11,62.139999
2010-10-12,62.020000
2010-10-13,62.630001
2010-10-14,62.799999
2010-10-15,62.759998
2010-10-18,63.349998
2010-10-19,63.180000
2010-10-20,63.369999
2010-10-21,63.509998
2010-10-22,63.400002
2010-10-25,63.540001
2010-10-26,62.860001
2010-10-27,63.080002
2010-10-28,63.189999
2010-10-29,63.570000
2010-11-01,63.619999
2010-11-02,64.019997
2010-11-03,64.309998
2010-11-04,65.000000
2010-11-05,65.000000
2010-11-08,64.750000
2010-11-09,64.809998
2010-11-10,64.570000
2010-11-11,64.360001
2010-11-12,64.330002
2010-11-15,64.290001
2010-11-16,63.450001
2010-11-17,63.270000
2010-11-18,64.019997
2010-11-19,64.050003
2010-11-22,63.560001
2010-11-23,62.610001
2010-11-24,62.599998
2010-11-26,62.130001
2010-11-29,62.130001
2010-11-30,61.070000
2010-12-01,62.150002
2010-12-02,62.360001
2010-12-03,62.330002
2010-12-06,62.060001
2010-12-07,62.150002
2010-12-08,62.630001
2010-12-09,62.869999
2010-12-10,63.200001
2010-12-13,63.189999
2010-12-14,63.549999
2010-12-15,63.639999
2010-12-16,64.500000
2010-12-17,64.809998
2010-12-20,64.970001
2010-12-21,64.870003
2010-12-22,64.949997
2010-12-23,65.239998
2010-12-27,64.669998
2010-12-28,64.760002
2010-12-29,64.400002
2010-12-30,64.279999
2010-12-31,64.330002
2011-01-03,64.769997
2011-01-04,64.949997
2011-01-05,64.800003
2011-01-06,64.690002
2011-01-07,64.500000
2011-01-10,64.360001
2011-01-11,64.040001
2011-01-12,64.970001
2011-01-13,65.480003
2011-01-14,65.529999
2011-01-18,65.500000
2011-01-19,65.349998
2011-01-20,65.800003
2011-01-21,65.910004
2011-01-24,66.580002
2011-01-25,66.699997
2011-01-26,66.110001
2011-01-27,64.180000
2011-01-28,64.199997
2011-01-31,63.130001
2011-02-01,62.919998
2011-02-02,62.790001
2011-02-03,62.900002
2011-02-04,63.610001
2011-02-07,64.550003
2011-02-08,64.639999
2011-02-09,64.389999
2011-02-10,64.580002
2011-02-11,64.730003
2011-02-14,64.540001
2011-02-15,63.919998
2011-02-16,63.759998
2011-02-17,64.000000
2011-02-18,64.300003
2011-02-22,64.070000
2011-02-23,64.150002
2011-02-24,63.049999
2011-02-25,62.840000
2011-02-28,63.049999
2011-03-01,62.740002
2011-03-02,62.410000
2011-03-03,62.549999
2011-03-04,62.029999
2011-03-07,61.709999
2011-03-08,62.049999
2011-03-09,62.000000
2011-03-10,61.490002
2011-03-11,61.490002
2011-03-14,61.349998
2011-03-15,60.660000
2011-03-16,59.730000
2011-03-17,60.430000
2011-03-18,60.599998
2011-03-21,61.299999
2011-03-22,60.930000
2011-03-23,60.910000
2011-03-24,61.139999
2011-03-25,60.880001
2011-03-28,60.660000
2011-03-29,61.279999
2011-03-30,61.970001
2011-03-31,61.599998
2011-04-01,62.080002
2011-04-04,62.259998
2011-04-05,61.669998
2011-04-06,61.759998
2011-04-07,62.130001
2011-04-08,61.900002
2011-04-11,62.189999
2011-04-12,62.889999
2011-04-13,62.990002
2011-04-14,63.299999
2011-04-15,64.180000
2011-04-18,64.000000
2011-04-19,63.860001
2011-04-20,63.720001
2011-04-21,63.270000
2011-04-25,63.369999
2011-04-26,63.830002
2011-04-27,64.019997
2011-04-28,64.500000
2011-04-29,64.900002
2011-05-02,65.180000
2011-05-03,65.709999
2011-05-04,66.470001
2011-05-05,65.879997
2011-05-06,65.269997
2011-05-09,65.139999
2011-05-10,65.730003
2011-05-11,65.919998
2011-05-12,66.839996
2011-05-13,66.860001
2011-05-16,66.940002
2011-05-17,67.419998
2011-05-18,67.379997
2011-05-19,67.459999
2011-05-20,67.360001
2011-05-23,67.050003
2011-05-24,67.010002
2011-05-25,66.379997
2011-05-26,66.190002
2011-05-27,66.199997
2011-05-31,67.000000
2011-06-01,66.400002
2011-06-02,66.010002
2011-06-03,65.430000
2011-06-06,65.500000
2011-06-07,65.059998
2011-06-08,64.849998
2011-06-09,65.010002
2011-06-10,64.699997
2011-06-13,64.769997
2011-06-14,64.760002
2011-06-15,63.759998
2011-06-16,64.260002
2011-06-17,64.690002
2011-06-20,65.089996
2011-06-21,64.220001
2011-06-22,64.059998
2011-06-23,63.459999
2011-06-24,62.590000
2011-06-27,62.820000
2011-06-28,62.720001
2011-06-29,62.549999
2011-06-30,63.570000
2011-07-01,64.269997
2011-07-05,64.260002
2011-07-06,64.699997
2011-07-07,64.949997
2011-07-08,64.930000
2011-07-11,64.720001
2011-07-12,64.529999
2011-07-13,64.639999
2011-07-14,64.599998
2011-07-15,64.830002
2011-07-18,64.550003
2011-07-19,64.610001
2011-07-20,64.199997
2011-07-21,64.489998
2011-07-22,64.250000
2011-07-25,63.310001
2011-07-26,63.090000
2011-07-27,62.200001
2011-07-28,61.919998
2011-07-29,61.490002
2011-08-01,61.430000
2011-08-02,60.869999
2011-08-03,60.730000
2011-08-04,59.580002
2011-08-05,60.590000
2011-08-08,59.290001
2011-08-09,60.220001
2011-08-10,58.509998
2011-08-11,60.450001
2011-08-12,61.139999
2011-08-15,61.880001
2011-08-16,61.619999
2011-08-17,61.669998
2011-08-18,60.860001
2011-08-19,60.959999
2011-08-22,61.709999
2011-08-23,63.020000
2011-08-24,63.310001
2011-08-25,62.529999
2011-08-26,62.570000
2011-08-29,63.090000
2011-08-30,63.500000
2011-08-31,63.680000
2011-09-01,63.259998
2011-09-02,62.549999
2011-09-06,62.380001
2011-09-07,62.720001
2011-09-08,62.910000
2011-09-09,61.840000
2011-09-12,61.830002
2011-09-13,61.939999
2011-09-14,62.340000
2011-09-15,62.779999
2011-09-16,64.330002
2011-09-19,63.810001
2011-09-20,64.080002
2011-09-21,63.020000
2011-09-22,61.169998
2011-09-23,61.250000
2011-09-26,62.540001
2011-09-27,63.259998
2011-09-28,62.730000
2011-09-29,63.700001
2011-09-30,63.180000
2011-10-03,62.840000
2011-10-04,63.369999
2011-10-05,63.340000
2011-10-06,63.610001
2011-10-07,63.910000
2011-10-10,64.800003
2011-10-11,64.570000
2011-10-12,64.889999
2011-10-13,64.650002
2011-10-14,64.889999
2011-10-17,64.260002
2011-10-18,64.919998
2011-10-19,64.750000
2011-10-20,65.089996
2011-10-21,66.260002
2011-10-24,65.370003
2011-10-25,64.510002
2011-10-26,64.949997
2011-10-27,65.260002
2011-10-28,64.730003
2011-10-31,63.990002
2011-11-01,62.709999
2011-11-02,62.860001
2011-11-03,63.209999
2011-11-04,63.029999
2011-11-07,63.459999
2011-11-08,64.209999
2011-11-09,62.720001
2011-11-10,63.240002
2011-11-11,63.889999
2011-11-14,63.049999
2011-11-15,63.560001
2011-11-16,63.279999
2011-11-17,62.939999
2011-11-18,63.240002
2011-11-21,61.660000
2011-11-22,61.689999
2011-11-23,61.060001
2011-11-25,61.000000
2011-11-28,62.240002
2011-11-29,62.529999
2011-11-30,64.570000
2011-12-01,64.080002
2011-12-02,64.660004
2011-12-05,64.839996
2011-12-06,64.839996
2011-12-07,65.230003
2011-12-08,64.470001
2011-12-09,64.970001
2011-12-12,64.309998
2011-12-13,64.730003
2011-12-14,64.449997
2011-12-15,64.989998
2011-12-16,65.139999
2011-12-19,64.949997
2011-12-20,65.790001
2011-12-21,66.000000
2011-12-22,66.190002
2011-12-23,66.669998
2011-12-27,66.790001
2011-12-28,66.540001
2011-12-29,66.970001
2011-12-30,66.709999
2012-01-03,66.830002
2012-01-04,66.800003
2012-01-05,66.519997
2012-01-06,66.360001
2012-01-09,66.639999
2012-01-10,66.330002
2012-01-11,65.680000
2012-01-12,65.809998
2012-01-13,65.809998
2012-01-17,66.260002
2012-01-18,66.029999
2012-01-19,66.080002
2012-01-20,66.230003
2012-01-23,65.000000
2012-01-24,64.500000
2012-01-25,64.980003
2012-01-26,64.800003
2012-01-27,64.300003
2012-01-30,63.209999
2012-01-31,63.040001
2012-02-01,63.209999
2012-02-02,63.320000
2012-02-03,62.770000
2012-02-06,63.509998
2012-02-07,63.700001
2012-02-08,63.639999
2012-02-09,64.040001
2012-02-10,63.880001
2012-02-13,64.230003
2012-02-14,64.480003
2012-02-15,64.550003
2012-02-16,65.199997
2012-02-17,64.910004
2012-02-21,64.419998
2012-02-22,64.440002
2012-02-23,66.419998
2012-02-24,66.709999
2012-02-27,66.699997
2012-02-28,67.389999
2012-02-29,67.620003
2012-03-01,66.660004
2012-03-02,66.669998
2012-03-05,66.949997
2012-03-06,66.839996
2012-03-07,66.580002
2012-03-08,66.900002
2012-03-09,66.930000
2012-03-12,67.709999
2012-03-13,67.900002
2012-03-14,67.849998
2012-03-15,67.680000
2012-03-16,67.250000
2012-03-19,67.209999
2012-03-20,67.209999
2012-03-21,67.199997
2012-03-22,67.519997
2012-03-23,67.430000
2012-03-26,67.459999
2012-03-27,67.150002
2012-03-28,67.190002
2012-03-29,67.010002
2012-03-30,67.209999
2012-04-02,67.559998
2012-04-03,67.089996
2012-04-04,67.260002
2012-04-05,67.309998
2012-04-09,66.809998
2012-04-10,66.349998
2012-04-11,66.440002
2012-04-12,66.089996
2012-04-13,65.809998
2012-04-16,66.779999
2012-04-17,67.019997
2012-04-18,66.750000
2012-04-19,66.570000
2012-04-20,67.510002
2012-04-23,66.650002
2012-04-24,67.000000
2012-04-25,66.889999
2012-04-26,66.870003
2012-04-27,64.440002
2012-04-30,63.639999
2012-05-01,63.570000
2012-05-02,63.980000
2012-05-03,64.510002
2012-05-04,64.279999
2012-05-07,64.250000
2012-05-08,64.160004
2012-05-09,63.669998
2012-05-10,64.139999
2012-05-11,63.680000
2012-05-14,63.580002
2012-05-15,63.720001
2012-05-16,64.290001
2012-05-17,63.959999
2012-05-18,63.520000
2012-05-21,63.389999
2012-05-22,63.150002
2012-05-23,62.389999
2012-05-24,62.570000
2012-05-25,62.490002
2012-05-29,62.950001
2012-05-30,62.320000
2012-05-31,62.290001
2012-06-01,61.549999
2012-06-04,61.400002
2012-06-05,61.169998
2012-06-06,61.799999
2012-06-07,62.759998
2012-06-08,62.750000
2012-06-11,62.540001
2012-06-12,62.759998
2012-06-13,62.570000
2012-06-14,63.180000
2012-06-15,62.880001
2012-06-18,62.290001
2012-06-19,62.209999
2012-06-20,60.389999
2012-06-21,59.750000
2012-06-22,59.830002
2012-06-25,59.310001
2012-06-26,59.270000
2012-06-27,59.980000
2012-06-28,60.290001
2012-06-29,61.250000
2012-07-02,61.189999
2012-07-03,61.360001
2012-07-05,61.349998
2012-07-06,61.279999
2012-07-09,61.549999
2012-07-10,61.730000
2012-07-11,61.400002
2012-07-12,63.700001
2012-07-13,65.089996
2012-07-16,64.809998
2012-07-17,65.349998
2012-07-18,64.820000
2012-07-19,64.919998
2012-07-20,64.730003
2012-07-23,64.389999
2012-07-24,64.019997
2012-07-25,64.019997
2012-07-26,64.559998
2012-07-27,65.089996
2012-07-30,65.099998
2012-07-31,64.540001
2012-08-01,64.010002
2012-08-02,63.509998
2012-08-03,65.500000
2012-08-06,65.809998
2012-08-07,66.220001
2012-08-08,66.720001
2012-08-09,66.730003
2012-08-10,66.769997
2012-08-13,66.480003
2012-08-14,66.730003
2012-08-15,66.639999
2012-08-16,67.000000
2012-08-17,67.000000
2012-08-20,66.750000
2012-08-21,66.769997
2012-08-22,66.849998
2012-08-23,66.680000
2012-08-24,67.019997
2012-08-27,67.110001
2012-08-28,66.989998
2012-08-29,66.870003
2012-08-30,66.879997
2012-08-31,67.190002
2012-09-04,67.400002
2012-09-05,67.290001
2012-09-06,68.239998
2012-09-07,68.519997
2012-09-10,68.510002
2012-09-11,68.260002
2012-09-12,68.099998
2012-09-13,68.910004
2012-09-14,69.160004
2012-09-17,69.250000
2012-09-18,69.220001
2012-09-19,69.260002
2012-09-20,69.559998
2012-09-21,69.419998
2012-09-24,69.760002
2012-09-25,69.589996
2012-09-26,69.300003
2012-09-27,69.300003
2012-09-28,69.360001
2012-10-01,69.449997
2012-10-02,68.790001
2012-10-03,69.169998
2012-10-04,69.379997
2012-10-05,69.629997
2012-10-08,69.099998
2012-10-09,68.699997
2012-10-10,68.139999
2012-10-11,68.000000
2012-10-12,67.940002
2012-10-15,68.709999
2012-10-16,69.000000
2012-10-17,69.470001
2012-10-18,69.470001
2012-10-19,68.570000
2012-10-22,68.500000
2012-10-23,67.440002
2012-10-24,68.080002
2012-10-25,70.070000
2012-10-26,69.440002
2012-10-31,69.239998
2012-11-01,69.250000
2012-11-02,69.190002
2012-11-05,68.669998
2012-11-06,68.930000
2012-11-07,68.059998
2012-11-08,66.910004
2012-11-09,67.010002
2012-11-12,67.080002
2012-11-13,66.849998
2012-11-14,66.529999
2012-11-15,66.320000
2012-11-16,66.820000
2012-11-19,67.919998
2012-11-20,68.300003
2012-11-21,68.470001
2012-11-23,69.589996
2012-11-26,69.480003
2012-11-27,68.989998
2012-11-28,69.440002
2012-11-29,69.500000
2012-11-30,69.830002
2012-12-03,69.580002
2012-12-04,69.309998
2012-12-05,69.410004
2012-12-06,69.949997
2012-12-07,70.290001
2012-12-10,70.220001
2012-12-11,70.660004
2012-12-12,70.760002
2012-12-13,70.129997
2012-12-14,69.930000
2012-12-17,69.930000
2012-12-18,69.970001
2012-12-19,69.339996
2012-12-20,69.820000
2012-12-21,68.720001
2012-12-24,68.519997
2012-12-26,68.000000
2012-12-27,67.970001
2012-12-28,67.150002
2012-12-31,67.889999
2013-01-02,69.389999
2013-01-03,68.949997
2013-01-04,69.089996
2013-01-07,68.620003
2013-01-08,68.510002
2013-01-09,68.879997
2013-01-10,69.269997
2013-01-11,69.220001
2013-01-14,69.629997
2013-01-15,69.879997
2013-01-16,69.339996
2013-01-17,69.669998
2013-01-18,69.940002
2013-01-22,69.949997
2013-01-23,70.690002
2013-01-24,70.419998
2013-01-25,73.250000
2013-01-28,73.769997
2013-01-29,75.000000
2013-01-30,75.080002
2013-01-31,75.160004
2013-02-01,75.919998
2013-02-04,75.250000
2013-02-05,75.699997
2013-02-06,76.150002
2013-02-07,76.150002
2013-02-08,75.750000
2013-02-11,75.809998
2013-02-12,75.980003
2013-02-13,76.559998
2013-02-14,76.779999
2013-02-15,76.540001
2013-02-19,77.379997
2013-02-20,77.080002
2013-02-21,77.040001
2013-02-22,76.989998
2013-02-25,75.919998
2013-02-26,76.080002
2013-02-27,76.750000
2013-02-28,76.180000
2013-03-01,76.489998
2013-03-04,76.680000
2013-03-05,77.050003
2013-03-06,77.199997
2013-03-07,76.900002
2013-03-08,77.180000
2013-03-11,77.349998
2013-03-12,77.169998
2013-03-13,76.800003
2013-03-14,77.389999
2013-03-15,76.339996
2013-03-18,76.160004
2013-03-19,77.110001
2013-03-20,77.580002
2013-03-21,77.209999
2013-03-22,77.269997
2013-03-25,76.680000
2013-03-26,77.400002
2013-03-27,77.059998
2013-03-28,77.059998
2013-04-01,77.699997
2013-04-02,78.959999
2013-04-03,78.120003
2013-04-04,78.540001
2013-04-05,78.230003
2013-04-08,78.790001
2013-04-09,78.260002
2013-04-10,79.239998
2013-04-11,79.669998
2013-04-12,80.080002
2013-04-15,79.650002
2013-04-16,80.099998
2013-04-17,79.059998
2013-04-18,79.870003
2013-04-19,81.430000
2013-04-22,81.400002
2013-04-23,82.540001
2013-04-24,77.120003
2013-04-25,76.580002
2013-04-26,77.099998
2013-04-29,77.680000
2013-04-30,76.769997
2013-05-01,76.989998
2013-05-02,77.760002
2013-05-03,78.190002
2013-05-06,77.750000
2013-05-07,77.940002
2013-05-08,78.440002
2013-05-09,78.209999
2013-05-10,78.760002
2013-05-13,78.589996
2013-05-14,79.470001
2013-05-15,80.680000
2013-05-16,80.199997
2013-05-17,80.019997
2013-05-20,79.089996
2013-05-21,78.800003
2013-05-22,78.820000
2013-05-23,78.699997
2013-05-24,81.879997
2013-05-28,80.860001
2013-05-29,78.900002
2013-05-30,79.089996
2013-05-31,76.760002
2013-06-03,77.660004
2013-06-04,77.370003
2013-06-05,76.660004
2013-06-06,76.820000
2013-06-07,77.750000
2013-06-10,78.070000
2013-06-11,78.120003
2013-06-12,77.599998
2013-06-13,78.430000
2013-06-14,78.029999
2013-06-17,78.959999
2013-06-18,79.040001
2013-06-19,77.610001
2013-06-20,75.250000
2013-06-21,77.430000
2013-06-24,76.580002
2013-06-25,76.690002
2013-06-26,77.400002
2013-06-27,77.669998
2013-06-28,76.989998
2013-07-01,78.019997
2013-07-02,78.440002
2013-07-03,78.570000
2013-07-05,78.339996
2013-07-08,78.760002
2013-07-09,79.570000
2013-07-10,79.800003
2013-07-11,80.769997
2013-07-12,81.550003
2013-07-15,81.510002
2013-07-16,80.970001
2013-07-17,80.089996
2013-07-18,80.300003
2013-07-19,81.370003
2013-07-22,81.220001
2013-07-23,80.949997
2013-07-24,80.269997
2013-07-25,80.410004
2013-07-26,80.389999
2013-07-29,80.089996
2013-07-30,80.440002
2013-07-31,80.300003
2013-08-01,81.639999
2013-08-02,81.290001
2013-08-05,81.400002
2013-08-06,81.739998
2013-08-07,81.959999
2013-08-08,82.169998
2013-08-09,81.639999
2013-08-12,81.620003
2013-08-13,81.660004
2013-08-14,81.250000
2013-08-15,80.480003
2013-08-16,79.900002
2013-08-19,79.589996
2013-08-20,79.529999
2013-08-21,79.379997
2013-08-22,79.769997
2013-08-23,80.010002
2013-08-26,78.540001
2013-08-27,77.970001
2013-08-28,76.849998
2013-08-29,77.309998
2013-08-30,77.889999
2013-09-03,77.750000
2013-09-04,77.489998
2013-09-05,77.139999
2013-09-06,77.150002
2013-09-09,78.160004
2013-09-10,77.949997
2013-09-11,78.269997
2013-09-12,78.260002
2013-09-13,79.050003
2013-09-16,80.160004
2013-09-17,79.830002
2013-09-18,80.300003
2013-09-19,80.120003
2013-09-20,79.389999
2013-09-23,79.279999
2013-09-24,78.620003
2013-09-25,77.720001
2013-09-26,78.050003
2013-09-27,77.209999
2013-09-30,75.589996
2013-10-01,76.160004
2013-10-02,75.930000
2013-10-03,75.839996
2013-10-04,76.019997
2013-10-07,75.650002
2013-10-08,76.330002
2013-10-09,76.949997
2013-10-10,77.889999
2013-10-11,78.480003
2013-10-14,78.739998
2013-10-15,77.599998
2013-10-16,78.339996
2013-10-17,79.419998
2013-10-18,79.410004
2013-10-21,78.970001
2013-10-22,80.379997
2013-10-23,80.910004
2013-10-24,80.610001
2013-10-25,80.000000
2013-10-28,81.300003
2013-10-29,82.459999
2013-10-30,81.519997
2013-10-31,80.750000
2013-11-01,81.150002
2013-11-04,81.330002
2013-11-05,81.430000
2013-11-06,82.809998
2013-11-07,82.320000
2013-11-08,82.510002
2013-11-11,82.260002
2013-11-12,82.800003
2013-11-13,83.500000
2013-11-14,84.320000
2013-11-15,84.839996
2013-11-18,84.570000
2013-11-19,84.339996
2013-11-20,84.690002
2013-11-21,84.669998
2013-11-22,84.949997
2013-11-25,85.410004
2013-11-26,84.639999
2013-11-27,84.279999
2013-11-29,84.220001
2013-12-02,83.339996
2013-12-03,83.830002
2013-12-04,83.349998
2013-12-05,82.690002
2013-12-06,84.519997
2013-12-09,84.779999
2013-12-10,83.650002
2013-12-11,84.019997
2013-12-12,82.300003
2013-12-13,82.370003
2013-12-16,81.690002
2013-12-17,80.910004
2013-12-18,82.379997
2013-12-19,81.900002
2013-12-20,81.839996
2013-12-23,81.309998
2013-12-24,81.309998
2013-12-26,81.760002
2013-12-27,82.010002
2013-12-30,82.000000
2013-12-31,81.410004
2014-01-02,80.540001
2014-01-03,80.449997
2014-01-06,80.639999
2014-01-07,81.419998
2014-01-08,80.239998
2014-01-09,80.419998
2014-01-10,80.300003
2014-01-13,80.010002
2014-01-14,80.870003
2014-01-15,80.790001
2014-01-16,80.559998
2014-01-17,79.879997
2014-01-21,80.180000
2014-01-22,79.230003
2014-01-23,78.239998
2014-01-24,79.180000
2014-01-27,78.470001
2014-01-28,79.110001
2014-01-29,77.639999
2014-01-30,76.870003
2014-01-31,76.620003
2014-02-03,75.699997
2014-02-04,76.089996
2014-02-05,76.449997
2014-02-06,76.900002
2014-02-07,77.309998
2014-02-10,78.029999
2014-02-11,78.839996
2014-02-12,77.489998
2014-02-13,77.800003
2014-02-14,79.400002
2014-02-18,77.970001
2014-02-19,78.139999
2014-02-20,77.919998
2014-02-21,77.970001
2014-02-24,77.860001
2014-02-25,78.120003
2014-02-26,77.860001
2014-02-27,78.190002
2014-02-28,78.660004
2014-03-03,77.480003
2014-03-04,78.449997
2014-03-05,77.820000
2014-03-06,78.059998
2014-03-07,78.379997
2014-03-10,78.529999
2014-03-11,78.949997
2014-03-12,79.239998
2014-03-13,79.190002
2014-03-14,78.980003
2014-03-17,79.839996
2014-03-18,79.769997
2014-03-19,78.779999
2014-03-20,78.320000
2014-03-21,77.879997
2014-03-24,79.300003
2014-03-25,79.809998
2014-03-26,79.500000
2014-03-27,79.650002
2014-03-28,79.760002
2014-03-31,80.599998
2014-04-01,80.339996
2014-04-02,80.129997
2014-04-03,80.099998
2014-04-04,79.769997
2014-04-07,80.489998
2014-04-08,81.349998
2014-04-09,81.489998
2014-04-10,81.089996
2014-04-11,80.760002
2014-04-14,80.809998
2014-04-15,80.839996
2014-04-16,81.650002
2014-04-17,81.760002
2014-04-21,81.559998
2014-04-22,81.250000
2014-04-23,80.360001
2014-04-24,81.150002
2014-04-25,81.410004
2014-04-28,82.940002
2014-04-29,82.440002
2014-04-30,82.550003
2014-05-01,82.339996
2014-05-02,81.919998
2014-05-05,81.699997
2014-05-06,81.129997
2014-05-07,82.089996
2014-05-08,82.160004
2014-05-09,82.389999
2014-05-12,81.730003
2014-05-13,81.610001
2014-05-14,81.169998
2014-05-15,80.529999
2014-05-16,80.330002
2014-05-19,79.930000
2014-05-20,80.230003
2014-05-21,80.489998
2014-05-22,80.650002
2014-05-23,80.519997
2014-05-27,80.080002
2014-05-28,80.099998
2014-05-29,80.400002
2014-05-30,80.790001
2014-06-02,80.360001
2014-06-03,79.930000
2014-06-04,79.860001
2014-06-05,80.110001
2014-06-06,80.029999
2014-06-09,80.089996
2014-06-10,80.150002
2014-06-11,80.059998
2014-06-12,79.760002
2014-06-13,79.639999
2014-06-16,79.690002
2014-06-17,79.580002
2014-06-18,79.790001
2014-06-19,80.239998
2014-06-20,79.930000
2014-06-23,79.519997
2014-06-24,79.010002
2014-06-25,79.320000
2014-06-26,78.620003
2014-06-27,79.019997
2014-06-30,78.589996
2014-07-01,79.279999
2014-07-02,79.559998
2014-07-03,79.980003
2014-07-07,80.190002
2014-07-08,80.559998
2014-07-09,81.669998
2014-07-10,81.610001
2014-07-11,81.160004
2014-07-14,81.320000
2014-07-15,81.260002
2014-07-16,80.940002
2014-07-17,80.400002
2014-07-18,80.550003
2014-07-21,80.279999
2014-07-22,80.099998
2014-07-23,79.989998
2014-07-24,80.260002
2014-07-25,79.559998
2014-07-28,79.260002
2014-07-29,78.650002
2014-07-30,78.160004
2014-07-31,77.320000
2014-08-01,79.650002
2014-08-04,79.220001
2014-08-05,79.410004
2014-08-06,81.089996
2014-08-07,80.139999
2014-08-08,80.949997
2014-08-11,81.480003
2014-08-12,81.419998
2014-08-13,81.480003
2014-08-14,81.949997
2014-08-15,81.779999
2014-08-18,82.440002
2014-08-19,82.690002
2014-08-20,82.809998
2014-08-21,83.279999
2014-08-22,83.389999
2014-08-25,83.540001
2014-08-26,83.379997
2014-08-27,83.309998
2014-08-28,83.029999
2014-08-29,83.110001
2014-09-02,82.980003
2014-09-03,82.900002
2014-09-04,83.699997
2014-09-05,83.769997
2014-09-08,83.320000
2014-09-09,82.989998
2014-09-10,83.639999
2014-09-11,83.489998
2014-09-12,83.260002
2014-09-15,83.870003
2014-09-16,84.080002
2014-09-17,84.160004
2014-09-18,84.190002
2014-09-19,84.470001
2014-09-22,84.809998
2014-09-23,84.440002
2014-09-24,85.239998
2014-09-25,84.330002
2014-09-26,84.580002
2014-09-29,84.440002
2014-09-30,83.739998
2014-10-01,83.139999
2014-10-02,83.050003
2014-10-03,83.790001
2014-10-06,83.570000
2014-10-07,83.160004
2014-10-08,84.180000
2014-10-09,83.660004
2014-10-10,84.690002
2014-10-13,83.370003
2014-10-14,83.550003
2014-10-15,82.949997
2014-10-16,82.239998
2014-10-17,83.269997
2014-10-20,84.180000
2014-10-21,84.610001
2014-10-22,84.230003
2014-10-23,83.230003
2014-10-24,85.160004
2014-10-27,85.949997
2014-10-28,86.470001
2014-10-29,86.540001
2014-10-30,86.940002
2014-10-31,87.269997
2014-11-03,87.379997
2014-11-04,88.639999
2014-11-05,89.000000
2014-11-06,88.900002
2014-11-07,89.129997
2014-11-10,89.449997
2014-11-11,89.669998
2014-11-12,89.480003
2014-11-13,88.599998
2014-11-14,88.110001
2014-11-17,87.839996
2014-11-18,87.949997
2014-11-19,88.730003
2014-11-20,88.470001
2014-11-21,88.599998
2014-11-24,88.110001
2014-11-25,88.800003
2014-11-26,88.879997
2014-11-28,90.430000
2014-12-01,90.080002
2014-12-02,91.070000
2014-12-03,90.000000
2014-12-04,90.580002
2014-12-05,90.379997
2014-12-08,90.760002
2014-12-09,90.709999
2014-12-10,90.000000
2014-12-11,90.410004
2014-12-12,89.550003
2014-12-15,89.199997
2014-12-16,89.360001
2014-12-17,90.699997
2014-12-18,92.000000
2014-12-19,92.050003
2014-12-22,92.599998
2014-12-23,93.290001
2014-12-24,93.139999
2014-12-26,93.459999
2014-12-29,92.639999
2014-12-30,92.400002
2014-12-31,91.089996
2015-01-02,90.440002
2015-01-05,90.010002
2015-01-06,89.599998
2015-01-07,90.070000
2015-01-08,91.099998
2015-01-09,90.250000
2015-01-12,89.919998
2015-01-13,90.300003
2015-01-14,89.989998
2015-01-15,89.860001
2015-01-16,91.250000
2015-01-20,91.190002
2015-01-21,90.730003
2015-01-22,91.620003
2015-01-23,90.080002
2015-01-26,89.580002
2015-01-27,86.489998
2015-01-28,85.150002
2015-01-29,85.669998
2015-01-30,84.290001
2015-02-02,85.120003
2015-02-03,85.949997
2015-02-04,85.790001
2015-02-05,86.699997
2015-02-06,85.610001
2015-02-09,85.050003
2015-02-10,85.389999
2015-02-11,85.639999
2015-02-12,86.029999
2015-02-13,85.900002
2015-02-17,85.489998
2015-02-18,86.260002
2015-02-19,85.209999
2015-02-20,84.870003
2015-02-23,85.389999
2015-02-24,85.500000
2015-02-25,85.459999
2015-02-26,85.169998
2015-02-27,85.129997
2015-03-02,85.410004
2015-03-03,85.160004
2015-03-04,84.349998
2015-03-05,84.629997
2015-03-06,82.660004
2015-03-09,83.089996
2015-03-10,81.540001
2015-03-11,81.389999
2015-03-12,82.089996
2015-03-13,81.830002
2015-03-16,83.559998
2015-03-17,82.849998
2015-03-18,83.750000
2015-03-19,83.379997
2015-03-20,84.739998
2015-03-23,84.860001
2015-03-24,83.919998
2015-03-25,83.010002
2015-03-26,82.150002
2015-03-27,82.309998
2015-03-30,82.720001
2015-03-31,81.940002
2015-04-01,82.320000
2015-04-02,82.430000
2015-04-06,83.040001
2015-04-07,82.389999
2015-04-08,82.769997
2015-04-09,82.889999
2015-04-10,83.349998
2015-04-13,83.430000
2015-04-14,83.599998
2015-04-15,83.510002
2015-04-16,83.500000
2015-04-17,82.529999
2015-04-20,82.870003
2015-04-21,83.080002
2015-04-22,83.089996
2015-04-23,80.949997
2015-04-24,81.000000
2015-04-27,80.599998
2015-04-28,80.419998
2015-04-29,79.849998
2015-04-30,79.510002
2015-05-01,80.290001
2015-05-04,80.349998
2015-05-05,80.070000
2015-05-06,80.400002
2015-05-07,80.199997
2015-05-08,80.959999
2015-05-11,80.269997
2015-05-12,79.949997
2015-05-13,79.699997
2015-05-14,80.570000
2015-05-15,81.050003
2015-05-18,80.739998
2015-05-19,80.830002
2015-05-20,80.480003
2015-05-21,80.410004
2015-05-22,79.949997
2015-05-26,79.139999
2015-05-27,79.389999
2015-05-28,79.330002
2015-05-29,78.389999
2015-06-01,78.849998
2015-06-02,78.540001
2015-06-03,78.559998
2015-06-04,78.150002
2015-06-05,77.430000
2015-06-08,77.709999
2015-06-09,78.900002
2015-06-10,79.540001
2015-06-11,79.410004
2015-06-12,78.870003
2015-06-15,78.120003
2015-06-16,79.099998
2015-06-17,80.080002
2015-06-18,80.820000
2015-06-19,80.540001
2015-06-22,80.449997
2015-06-23,79.790001
2015-06-24,79.510002
2015-06-25,79.389999
2015-06-26,79.339996
2015-06-29,78.320000
2015-06-30,78.239998
2015-07-01,79.720001
2015-07-02,79.930000
2015-07-06,80.050003
2015-07-07,81.720001
2015-07-08,80.989998
2015-07-09,80.660004
2015-07-10,80.949997
2015-07-13,81.910004
2015-07-14,82.040001
2015-07-15,82.150002
2015-07-16,82.300003
2015-07-17,82.239998
2015-07-20,82.190002
2015-07-21,81.629997
2015-07-22,80.830002
2015-07-23,80.699997
2015-07-24,80.290001
2015-07-27,79.970001
2015-07-28,80.230003
2015-07-29,80.620003
2015-07-30,77.389999
2015-07-31,76.699997
2015-08-03,76.400002
2015-08-04,75.910004
2015-08-05,75.769997
2015-08-06,75.739998
2015-08-07,75.480003
2015-08-10,76.379997
2015-08-11,76.220001
2015-08-12,76.389999
2015-08-13,75.779999
2015-08-14,75.620003
2015-08-17,75.529999
2015-08-18,75.129997
2015-08-19,74.120003
2015-08-20,73.910004
2015-08-21,71.839996
2015-08-24,69.139999
2015-08-25,68.419998
2015-08-26,70.900002
2015-08-27,71.480003
2015-08-28,71.209999
2015-08-31,70.669998
2015-09-01,68.900002
2015-09-02,69.809998
2015-09-03,69.930000
2015-09-04,68.760002
2015-09-08,69.980003
2015-09-09,68.480003
2015-09-10,68.320000
2015-09-11,68.419998
2015-09-14,68.059998
2015-09-15,69.449997
2015-09-16,70.099998
2015-09-17,70.239998
2015-09-18,69.940002
2015-09-21,70.650002
2015-09-22,70.190002
2015-09-23,70.260002
2015-09-24,71.360001
2015-09-25,72.669998
2015-09-28,71.769997
2015-09-29,72.279999
2015-09-30,71.940002
2015-10-01,71.949997
2015-10-02,72.419998
2015-10-05,73.220001
2015-10-06,73.400002
2015-10-07,73.720001
2015-10-08,74.400002
2015-10-09,74.480003
2015-10-12,74.330002
2015-10-13,74.110001
2015-10-14,74.209999
2015-10-15,74.269997
2015-10-16,74.900002
2015-10-19,75.160004
2015-10-20,74.430000
2015-10-21,73.589996
2015-10-22,74.849998
2015-10-23,77.029999
2015-10-26,77.489998
2015-10-27,77.290001
2015-10-28,76.510002
2015-10-29,77.019997
2015-10-30,76.379997
2015-11-02,76.599998
2015-11-03,77.050003
2015-11-04,77.059998
2015-11-05,76.389999
2015-11-06,75.570000
2015-11-09,75.400002
2015-11-10,75.769997
2015-11-11,75.959999
2015-11-12,74.660004
2015-11-13,73.959999
2015-11-16,75.300003
2015-11-17,75.070000
2015-11-18,75.900002
2015-11-19,76.220001
2015-11-20,75.820000
2015-11-23,75.970001
2015-11-24,76.449997
2015-11-25,75.900002
2015-11-27,75.699997
2015-11-30,74.839996
2015-12-01,75.940002
2015-12-02,75.790001
2015-12-03,75.739998
2015-12-04,77.830002
2015-12-07,78.370003
2015-12-08,77.750000
2015-12-09,77.699997
2015-12-10,77.790001
2015-12-11,77.779999
2015-12-14,78.290001
2015-12-15,79.680000
2015-12-16,80.989998
2015-12-17,80.290001
2015-12-18,78.129997
2015-12-21,78.949997
2015-12-22,79.599998
2015-12-23,79.919998
2015-12-24,79.790001
2015-12-28,79.919998
2015-12-29,80.360001
2015-12-30,80.070000
2015-12-31,79.410004
2016-01-04,78.370003
2016-01-05,78.620003
2016-01-06,77.860001
2016-01-07,77.180000
2016-01-08,75.970001
2016-01-11,76.669998
2016-01-12,76.510002
2016-01-13,75.849998
2016-01-14,76.150002
2016-01-15,74.980003
2016-01-19,76.730003
2016-01-20,75.830002
2016-01-21,76.720001
2016-01-22,77.360001
2016-01-25,76.849998
2016-01-26,78.809998
2016-01-27,78.800003
2016-01-28,79.820000
2016-01-29,81.690002
2016-02-01,81.120003
2016-02-02,80.220001
2016-02-03,81.099998
2016-02-04,80.699997
2016-02-05,81.199997
2016-02-08,82.620003
2016-02-09,82.639999
2016-02-10,81.620003
2016-02-11,79.900002
2016-02-12,80.989998
2016-02-16,81.470001
2016-02-17,82.449997
2016-02-18,81.980003
2016-02-19,81.790001
2016-02-22,82.129997
2016-02-23,81.809998
2016-02-24,81.559998
2016-02-25,82.339996
2016-02-26,81.099998
2016-02-29,80.290001
2016-03-01,81.230003
2016-03-02,82.550003
2016-03-03,82.839996
2016-03-04,83.489998
2016-03-07,83.099998
2016-03-08,83.059998
2016-03-09,82.959999
2016-03-10,82.279999
2016-03-11,81.750000
2016-03-14,81.169998
2016-03-15,81.309998
2016-03-16,81.339996
2016-03-17,82.750000
2016-03-18,83.150002
2016-03-21,83.320000
2016-03-22,82.739998
2016-03-23,82.820000
2016-03-24,82.889999
2016-03-28,82.620003
2016-03-29,82.800003
2016-03-30,82.680000
2016-03-31,82.309998
2016-04-01,83.529999
2016-04-04,83.209999
2016-04-05,83.160004
2016-04-06,83.809998
2016-04-07,83.239998
2016-04-08,83.199997
2016-04-11,82.730003
2016-04-12,82.830002
2016-04-13,82.459999
2016-04-14,82.010002
2016-04-15,82.300003
2016-04-18,82.830002
2016-04-19,83.279999
2016-04-20,81.550003
2016-04-21,80.800003
2016-04-22,80.949997
2016-04-25,81.410004
2016-04-26,79.550003
2016-04-27,79.889999
2016-04-28,79.760002
2016-04-29,80.120003
2016-05-02,80.970001
2016-05-03,81.099998
2016-05-04,81.599998
2016-05-05,81.300003
2016-05-06,82.129997
2016-05-09,82.120003
2016-05-10,82.480003
2016-05-11,82.150002
2016-05-12,82.410004
2016-05-13,81.230003
2016-05-16,81.629997
2016-05-17,80.620003
2016-05-18,79.849998
2016-05-19,80.190002
2016-05-20,80.019997
2016-05-23,80.199997
2016-05-24,80.970001
2016-05-25,81.480003
2016-05-26,81.220001
2016-05-27,81.430000
2016-05-31,81.040001
2016-06-01,81.790001
2016-06-02,81.949997
2016-06-03,82.470001
2016-06-06,82.769997
2016-06-07,82.320000
2016-06-08,82.650002
2016-06-09,83.169998
2016-06-10,83.199997
2016-06-13,82.570000
2016-06-14,83.349998
2016-06-15,82.949997
2016-06-16,83.410004
2016-06-17,83.129997
2016-06-20,83.040001
2016-06-21,83.410004
2016-06-22,83.570000
2016-06-23,84.209999
2016-06-24,82.260002
2016-06-27,81.230003
2016-06-28,82.459999
2016-06-29,83.910004
2016-06-30,84.669998
2016-07-01,84.779999
2016-07-05,85.440002
2016-07-06,85.029999
2016-07-07,84.830002
2016-07-08,85.769997
2016-07-11,85.750000
2016-07-12,85.750000
2016-07-13,85.889999
2016-07-14,85.870003
2016-07-15,86.010002
2016-07-18,85.930000
2016-07-19,86.169998
2016-07-20,85.320000
2016-07-21,85.260002
2016-07-22,85.720001
2016-07-25,85.800003
2016-07-26,85.269997
2016-07-27,84.459999
2016-07-28,84.809998
2016-07-29,85.589996
2016-08-01,86.410004
2016-08-02,86.760002
2016-08-03,85.970001
2016-08-04,86.050003
2016-08-05,85.779999
2016-08-08,85.760002
2016-08-09,85.989998
2016-08-10,86.309998
2016-08-11,86.730003
2016-08-12,87.040001
2016-08-15,87.019997
2016-08-16,86.580002
2016-08-17,86.959999
2016-08-18,87.440002
2016-08-19,87.309998
2016-08-22,86.849998
2016-08-23,87.400002
2016-08-24,87.309998
2016-08-25,87.900002
2016-08-26,87.580002
2016-08-29,88.300003
2016-08-30,87.540001
2016-08-31,87.309998
2016-09-01,88.309998
2016-09-02,88.199997
2016-09-06,88.639999
2016-09-07,87.949997
2016-09-08,87.779999
2016-09-09,86.239998
2016-09-12,88.250000
2016-09-13,87.050003
2016-09-14,87.010002
2016-09-15,88.059998
2016-09-16,88.050003
2016-09-19,88.370003
2016-09-20,88.580002
2016-09-21,87.800003
2016-09-22,88.989998
2016-09-23,87.760002
2016-09-26,87.849998
2016-09-27,88.360001
2016-09-28,89.459999
2016-09-29,88.230003
2016-09-30,89.750000
2016-10-03,88.660004
2016-10-04,88.349998
2016-10-05,88.849998
2016-10-06,89.220001
2016-10-07,90.000000
2016-10-10,89.059998
2016-10-11,88.540001
2016-10-12,88.570000
2016-10-13,88.239998
2016-10-14,88.430000
2016-10-17,87.830002
2016-10-18,87.449997
2016-10-19,85.540001
2016-10-20,84.930000
2016-10-21,84.330002
2016-10-24,84.099998
2016-10-25,86.970001
2016-10-26,87.400002
2016-10-27,86.580002
2016-10-28,86.839996
2016-10-31,86.800003
2016-11-01,86.849998
2016-11-02,86.739998
2016-11-03,86.599998
2016-11-04,85.080002
2016-11-07,86.559998
2016-11-08,87.459999
2016-11-09,85.930000
2016-11-10,82.959999
2016-11-11,83.580002
2016-11-14,83.000000
2016-11-15,83.620003
2016-11-16,83.190002
2016-11-17,83.070000
2016-11-18,82.000000
2016-11-21,82.639999
2016-11-22,82.760002
2016-11-23,82.680000
2016-11-25,83.459999
2016-11-28,83.070000
2016-11-29,82.889999
2016-11-30,82.459999
2016-12-01,81.860001
2016-12-02,82.400002
2016-12-05,82.989998
2016-12-06,82.910004
2016-12-07,84.180000
2016-12-08,83.500000
2016-12-09,84.370003
2016-12-12,85.129997
2016-12-13,85.180000
2016-12-14,84.370003
2016-12-15,84.680000
2016-12-16,84.680000
2016-12-19,84.709999
2016-12-20,84.570000
2016-12-21,84.279999
2016-12-22,84.470001
2016-12-23,84.959999
2016-12-27,84.599998
2016-12-28,84.070000
2016-12-29,84.349998
2016-12-30,84.080002
2017-01-03,84.199997
2017-01-04,84.500000
2017-01-05,85.059998
2017-01-06,85.029999
2017-01-09,84.400002
2017-01-10,83.489998
2017-01-11,83.750000
2017-01-12,83.839996
2017-01-13,84.010002
2017-01-17,85.209999
2017-01-18,84.930000
2017-01-19,84.699997
2017-01-20,87.449997
2017-01-23,86.959999
2017-01-24,87.860001
2017-01-25,87.160004
2017-01-26,86.599998
2017-01-27,86.720001
2017-01-30,86.750000
2017-01-31,87.599998
2017-02-01,87.330002
2017-02-02,87.760002
2017-02-03,87.410004
2017-02-06,87.400002
2017-02-07,88.010002
2017-02-08,88.330002
2017-02-09,88.669998
2017-02-10,87.970001
2017-02-13,88.309998
2017-02-14,87.860001
2017-02-15,91.120003
2017-02-16,90.790001
2017-02-17,91.089996
2017-02-21,91.669998
2017-02-22,91.440002
2017-02-23,91.129997
2017-02-24,91.050003
2017-02-27,90.889999
2017-02-28,91.070000
2017-03-01,91.660004
2017-03-02,90.910004
2017-03-03,90.500000
2017-03-06,90.370003
2017-03-07,90.290001
2017-03-08,90.139999
2017-03-09,90.339996
2017-03-10,91.070000
2017-03-13,91.309998
2017-03-14,91.000000
2017-03-15,91.400002
2017-03-16,91.440002
2017-03-17,91.000000
2017-03-20,91.220001
2017-03-21,91.190002
2017-03-22,90.989998
2017-03-23,90.769997
2017-03-24,90.570000
2017-03-27,90.489998
2017-03-28,90.760002
2017-03-29,90.599998
2017-03-30,90.199997
2017-03-31,89.849998
2017-04-03,89.680000
2017-04-04,89.910004
2017-04-05,89.970001
2017-04-06,89.400002
2017-04-07,89.230003
2017-04-10,89.489998
2017-04-11,89.800003
2017-04-12,90.309998
2017-04-13,90.029999
2017-04-17,90.389999
2017-04-18,90.800003
2017-04-19,89.599998
2017-04-20,89.330002
2017-04-21,88.620003
2017-04-24,89.550003
2017-04-25,90.000000
2017-04-26,87.739998
2017-04-27,87.690002
2017-04-28,87.330002
2017-05-01,87.089996
2017-05-02,86.220001
2017-05-03,86.430000
2017-05-04,86.449997
2017-05-05,86.500000
2017-05-08,86.550003
2017-05-09,86.400002
2017-05-10,86.489998
2017-05-11,86.169998
2017-05-12,86.190002
2017-05-15,86.330002
2017-05-16,86.239998
2017-05-17,86.260002
2017-05-18,85.870003
2017-05-19,86.239998
2017-05-22,86.209999
2017-05-23,86.080002
2017-05-24,86.500000
2017-05-25,86.860001
2017-05-26,87.250000
2017-05-30,87.400002
2017-05-31,88.089996
2017-06-01,88.129997
2017-06-02,88.589996
2017-06-05,88.739998
2017-06-06,88.800003
2017-06-07,88.769997
2017-06-08,87.849998
2017-06-09,88.160004
2017-06-12,88.239998
2017-06-13,88.059998
2017-06-14,88.440002
2017-06-15,89.379997
2017-06-16,89.660004
2017-06-19,89.860001
2017-06-20,89.629997
2017-06-21,89.400002
2017-06-22,89.029999
2017-06-23,89.419998
2017-06-26,89.360001
2017-06-27,88.610001
2017-06-28,88.370003
2017-06-29,86.989998
2017-06-30,87.150002
2017-07-03,87.739998
2017-07-05,87.669998
2017-07-06,87.370003
2017-07-07,87.650002
2017-07-10,87.089996
2017-07-11,86.769997
2017-07-12,86.959999
2017-07-13,86.699997
2017-07-14,87.099998
2017-07-17,87.550003
2017-07-18,88.639999
2017-07-19,88.349998
2017-07-20,88.599998
2017-07-21,88.610001
2017-07-24,88.180000
2017-07-25,89.139999
2017-07-26,89.300003
2017-07-27,90.680000
2017-07-28,90.209999
2017-07-31,90.820000
2017-08-01,91.099998
2017-08-02,91.040001
2017-08-03,90.860001
2017-08-04,90.669998
2017-08-07,91.440002
2017-08-08,91.580002
2017-08-09,91.919998
2017-08-10,91.739998
2017-08-11,91.339996
2017-08-14,91.650002
2017-08-15,92.199997
2017-08-16,92.440002
2017-08-17,92.070000
2017-08-18,92.470001
2017-08-21,92.860001
2017-08-22,92.790001
2017-08-23,92.440002
2017-08-24,92.269997
2017-08-25,92.510002
2017-08-28,92.470001
2017-08-29,92.320000
2017-08-30,91.870003
2017-08-31,92.269997
2017-09-01,92.529999
2017-09-05,92.720001
2017-09-06,92.720001
2017-09-07,92.970001
2017-09-08,92.839996
2017-09-11,93.989998
2017-09-12,93.510002
2017-09-13,93.550003
2017-09-14,93.550003
2017-09-15,93.269997
2017-09-18,93.150002
2017-09-19,94.169998
2017-09-20,94.400002
2017-09-21,92.639999
2017-09-22,92.239998
2017-09-25,92.720001
2017-09-26,92.650002
2017-09-27,90.870003
2017-09-28,90.889999
2017-09-29,90.980003
2017-10-02,91.769997
2017-10-03,92.120003
2017-10-04,92.419998
2017-10-05,92.029999
2017-10-06,92.330002
2017-10-09,92.120003
2017-10-10,91.620003
2017-10-11,91.459999
2017-10-12,92.150002
2017-10-13,93.040001
2017-10-16,93.139999
2017-10-17,92.800003
2017-10-18,92.769997
2017-10-19,91.589996
2017-10-20,88.250000
2017-10-23,87.300003
2017-10-24,86.980003
2017-10-25,86.860001
2017-10-26,87.500000
2017-10-27,87.040001
2017-10-30,86.269997
2017-10-31,86.339996
2017-11-01,86.889999
2017-11-02,86.510002
2017-11-03,86.580002
2017-11-06,86.050003
2017-11-07,86.980003
2017-11-08,87.580002
2017-11-09,87.779999
2017-11-10,88.160004
2017-11-13,89.000000
2017-11-14,88.870003
2017-11-15,88.230003
2017-11-16,89.250000
2017-11-17,88.430000
2017-11-20,88.269997
2017-11-21,88.720001
2017-11-22,88.330002
2017-11-24,88.449997
2017-11-27,88.959999
2017-11-28,89.400002
2017-11-29,89.379997
2017-11-30,89.989998
2017-12-01,90.360001
2017-12-04,91.410004
2017-12-05,91.400002
2017-12-06,91.250000
2017-12-07,90.099998
2017-12-08,90.370003
2017-12-11,90.230003
2017-12-12,89.849998
2017-12-13,90.879997
2017-12-14,91.000000
2017-12-15,91.889999
2017-12-18,91.879997
2017-12-19,91.680000
2017-12-20,91.529999
2017-12-21,91.669998
2017-12-22,92.129997
2017-12-26,92.480003
2017-12-27,92.099998
2017-12-28,92.070000
2017-12-29,91.879997
2018-01-02,90.650002
2018-01-03,90.540001
2018-01-04,91.180000
2018-01-05,91.239998
2018-01-08,91.720001
2018-01-09,91.050003
2018-01-10,90.470001
2018-01-11,90.150002
2018-01-12,89.610001
2018-01-16,90.220001
2018-01-17,91.199997
2018-01-18,90.180000
2018-01-19,91.070000
2018-01-22,91.889999
2018-01-23,89.050003
2018-01-24,88.309998
2018-01-25,88.339996
2018-01-26,87.730003
2018-01-29,86.860001
2018-01-30,86.949997
2018-01-31,86.339996
2018-02-01,85.849998
2018-02-02,84.250000
2018-02-05,81.059998
2018-02-06,82.379997
2018-02-07,81.839996
2018-02-08,80.220001
2018-02-09,79.919998
2018-02-12,81.330002
2018-02-13,81.500000
2018-02-14,80.680000
2018-02-15,82.410004
2018-02-16,82.599998
2018-02-20,81.339996
2018-02-21,80.239998
2018-02-22,80.839996
2018-02-23,81.050003
2018-02-26,81.629997
2018-02-27,80.540001
2018-02-28,78.519997
2018-03-01,78.699997
2018-03-02,79.500000
2018-03-05,80.290001
2018-03-06,80.019997
2018-03-07,79.160004
2018-03-08,79.970001
2018-03-09,80.290001
2018-03-12,79.860001
2018-03-13,79.720001
2018-03-14,79.000000
2018-03-15,78.669998
2018-03-16,78.970001
2018-03-19,78.660004
2018-03-20,78.309998
2018-03-21,77.040001
2018-03-22,76.410004
2018-03-23,75.910004
2018-03-26,76.410004
2018-03-27,77.790001
2018-03-28,78.839996
2018-03-29,79.279999
2018-04-02,77.400002
2018-04-03,78.459999
2018-04-04,79.050003
2018-04-05,78.800003
2018-04-06,78.430000
2018-04-09,78.160004
2018-04-10,78.370003
2018-04-11,78.269997
2018-04-12,77.790001
2018-04-13,78.370003
2018-04-16,78.610001
2018-04-17,78.430000
2018-04-18,78.199997
2018-04-19,74.949997
2018-04-20,73.800003
2018-04-23,73.000000
2018-04-24,72.500000
2018-04-25,72.300003
2018-04-26,72.750000
2018-04-27,72.809998
2018-04-30,72.339996
2018-05-01,71.959999
2018-05-02,70.940002
2018-05-03,71.360001
2018-05-04,72.430000
2018-05-07,71.980003
2018-05-08,71.440002
2018-05-09,72.370003
2018-05-10,73.150002
2018-05-11,73.370003
2018-05-14,73.279999
2018-05-15,72.949997
2018-05-16,73.529999
2018-05-17,73.959999
2018-05-18,73.449997
2018-05-21,74.059998
2018-05-22,74.029999
2018-05-23,74.180000
2018-05-24,73.769997
2018-05-25,74.309998
2018-05-29,74.050003
2018-05-30,74.889999
2018-05-31,73.169998
2018-06-01,73.449997
2018-06-04,74.180000
2018-06-05,73.970001
2018-06-06,74.349998
2018-06-07,75.760002
2018-06-08,77.180000
2018-06-11,77.529999
2018-06-12,77.239998
2018-06-13,76.470001
2018-06-14,75.989998
2018-06-15,77.379997
2018-06-18,75.839996
2018-06-19,76.330002
2018-06-20,75.849998
2018-06-21,76.440002
2018-06-22,77.430000
2018-06-25,77.790001
2018-06-26,78.000000
2018-06-27,77.690002
2018-06-28,78.050003
2018-06-29,78.059998
2018-07-02,78.129997
2018-07-03,77.900002
2018-07-05,79.209999
2018-07-06,79.309998
2018-07-09,77.860001
2018-07-10,79.820000
2018-07-11,79.160004
2018-07-12,78.889999
2018-07-13,79.309998
2018-07-16,79.529999
2018-07-17,80.029999
2018-07-18,79.720001
2018-07-19,78.730003
2018-07-20,78.680000
2018-07-23,78.510002
2018-07-24,78.989998
2018-07-25,79.470001
2018-07-26,80.089996
2018-07-27,80.580002
2018-07-30,80.199997
2018-07-31,80.879997
2018-08-01,80.650002
2018-08-02,82.000000
2018-08-03,82.330002
2018-08-06,82.519997
2018-08-07,82.639999
2018-08-08,82.349998
2018-08-09,81.400002
2018-08-10,81.430000
2018-08-13,81.519997
2018-08-14,81.309998
2018-08-15,82.300003
2018-08-16,83.690002
2018-08-17,83.690002
2018-08-20,83.639999
2018-08-21,83.900002
2018-08-22,83.389999
2018-08-23,83.239998
2018-08-24,83.360001
2018-08-27,83.440002
2018-08-28,83.480003
2018-08-29,83.489998
2018-08-30,83.410004
2018-08-31,82.949997
2018-09-04,82.699997
2018-09-05,83.290001
2018-09-06,82.650002
2018-09-07,81.910004
2018-09-10,82.379997
2018-09-11,82.010002
2018-09-12,83.110001
2018-09-13,83.449997
2018-09-14,83.610001
2018-09-17,84.250000
2018-09-18,84.000000
2018-09-19,84.000000
2018-09-20,85.360001
2018-09-21,85.820000
2018-09-24,84.269997
2018-09-25,83.120003
2018-09-26,83.260002
2018-09-27,82.860001
2018-09-28,83.230003
2018-10-01,83.669998
2018-10-02,84.360001
2018-10-03,83.029999
2018-10-04,81.919998
2018-10-05,82.150002
2018-10-08,82.400002
2018-10-09,82.199997
2018-10-10,81.440002
2018-10-11,78.870003
2018-10-12,79.059998
2018-10-15,80.129997
2018-10-16,81.010002
2018-10-17,81.860001
2018-10-18,80.239998
2018-10-19,87.300003
2018-10-22,86.599998
2018-10-23,87.160004
2018-10-24,89.459999
2018-10-25,89.000000
2018-10-26,87.860001
2018-10-29,88.239998
2018-10-30,89.190002
2018-10-31,88.680000
2018-11-01,89.589996
2018-11-02,89.809998
2018-11-05,91.199997
2018-11-06,91.510002
2018-11-07,91.290001
2018-11-08,91.360001
2018-11-09,92.410004
2018-11-12,92.699997
2018-11-13,93.470001
2018-11-14,93.489998
2018-11-15,93.830002
2018-11-16,93.820000
2018-11-19,93.290001
2018-11-20,92.099998
2018-11-21,91.410004
2018-11-23,91.540001
2018-11-26,91.940002
2018-11-27,92.720001
2018-11-28,93.010002
2018-11-29,92.820000
2018-11-30,94.510002
2018-12-03,93.320000
2018-12-04,93.309998
2018-12-06,93.550003
2018-12-07,92.449997
2018-12-10,93.029999
2018-12-11,93.910004
2018-12-12,94.029999
2018-12-13,96.489998
2018-12-14,96.639999
2018-12-17,92.769997
2018-12-18,92.489998
2018-12-19,91.760002
2018-12-20,90.980003
2018-12-21,90.970001
2018-12-24,87.360001
2018-12-26,90.089996
2018-12-27,92.019997
2018-12-28,91.180000
2018-12-31,91.919998
2019-01-02,91.279999
2019-01-03,90.639999
2019-01-04,92.489998
2019-01-07,92.120003
2019-01-08,92.459999
2019-01-09,90.949997
2019-01-10,91.169998
2019-01-11,91.769997
2019-01-14,91.150002
2019-01-15,92.010002
2019-01-16,91.370003
2019-01-17,90.639999
2019-01-18,91.419998
2019-01-22,90.440002
2019-01-23,94.839996
2019-01-24,94.300003
2019-01-25,93.599998
2019-01-28,93.519997
2019-01-29,93.540001
2019-01-30,94.519997
2019-01-31,96.470001
2019-02-01,97.470001
2019-02-04,98.029999
2019-02-05,97.440002
2019-02-06,97.919998
2019-02-07,97.139999
2019-02-08,97.709999
2019-02-11,98.269997
2019-02-12,99.260002
2019-02-13,99.239998
2019-02-14,98.459999
2019-02-15,98.480003
2019-02-19,99.989998
2019-02-20,99.279999
2019-02-21,99.779999
2019-02-22,100.250000
2019-02-25,99.570000
2019-02-26,99.830002
2019-02-27,98.910004
2019-02-28,98.550003
2019-03-01,98.440002
2019-03-04,98.870003
2019-03-05,99.089996
2019-03-06,98.930000
2019-03-07,98.550003
2019-03-08,98.410004
2019-03-11,99.580002
2019-03-12,100.050003
2019-03-13,101.180000
2019-03-14,101.320000
2019-03-15,102.440002
2019-03-18,101.510002
2019-03-19,101.900002
2019-03-20,101.720001
2019-03-21,102.489998
2019-03-22,101.660004
2019-03-25,101.959999
2019-03-26,103.019997
2019-03-27,102.900002
2019-03-28,103.550003
2019-03-29,104.050003
2019-04-01,103.639999
2019-04-02,103.750000
2019-04-03,103.690002
2019-04-04,103.430000
2019-04-05,103.650002
2019-04-08,104.970001
2019-04-09,104.660004
2019-04-10,104.650002
2019-04-11,104.750000
2019-04-12,105.059998
2019-04-15,105.730003
2019-04-16,106.419998
2019-04-17,105.849998
2019-04-18,106.050003
2019-04-22,106.010002
2019-04-23,103.160004
2019-04-24,103.690002
2019-04-25,103.279999
2019-04-26,105.860001
2019-04-29,104.779999
2019-04-30,106.480003
2019-05-01,104.930000
2019-05-02,105.559998
2019-05-03,106.080002
2019-05-06,105.680000
2019-05-07,104.699997
2019-05-08,105.070000
2019-05-09,104.239998
2019-05-10,106.010002
2019-05-13,106.110001
2019-05-14,105.599998
2019-05-15,106.699997
2019-05-16,108.110001
2019-05-17,107.449997
2019-05-20,107.330002
2019-05-21,106.370003
2019-05-22,106.720001
2019-05-23,106.760002
2019-05-24,106.690002
2019-05-28,104.459999
2019-05-29,104.190002
2019-05-30,105.330002
2019-05-31,102.910004
2019-06-03,103.800003
2019-06-04,104.680000
2019-06-05,106.730003
2019-06-06,107.379997
2019-06-07,108.769997
2019-06-10,108.720001
2019-06-11,109.379997
2019-06-12,109.680000
2019-06-13,110.910004
2019-06-14,111.199997
2019-06-17,110.989998
2019-06-18,109.599998
2019-06-19,110.419998
2019-06-20,111.739998
2019-06-21,111.199997
2019-06-24,112.330002
2019-06-25,111.720001
2019-06-26,109.730003
2019-06-27,109.779999
2019-06-28,109.650002
2019-07-01,110.489998
2019-07-02,111.480003
2019-07-03,114.080002
2019-07-05,113.150002
2019-07-08,114.050003
2019-07-09,112.910004
2019-07-10,113.750000
2019-07-11,114.379997
2019-07-12,114.989998
2019-07-15,115.480003
2019-07-16,115.889999
2019-07-17,115.940002
2019-07-18,115.440002
2019-07-19,115.010002
2019-07-22,115.300003
2019-07-23,113.849998
2019-07-24,112.599998
2019-07-25,112.769997
2019-07-26,114.730003
2019-07-29,116.000000
2019-07-30,120.410004
2019-07-31,118.040001
2019-08-01,116.730003
2019-08-02,116.440002
2019-08-05,113.080002
2019-08-06,114.279999
2019-08-07,115.519997
2019-08-08,117.440002
2019-08-09,116.779999
2019-08-12,116.029999
2019-08-13,117.250000
2019-08-14,115.790001
2019-08-15,117.389999
2019-08-16,119.180000
2019-08-19,120.239998
2019-08-20,118.900002
2019-08-21,119.199997
2019-08-22,119.419998
2019-08-23,117.320000
2019-08-26,119.320000
2019-08-27,120.550003
2019-08-28,121.400002
2019-08-29,121.180000
2019-08-30,120.230003
2019-09-03,121.360001
2019-09-04,123.209999
2019-09-05,122.760002
2019-09-06,122.870003
2019-09-09,122.169998
2019-09-10,119.879997
2019-09-11,121.269997
2019-09-12,122.769997
2019-09-13,122.120003
2019-09-16,119.750000
2019-09-17,121.160004
2019-09-18,121.410004
2019-09-19,121.900002
2019-09-20,122.239998
2019-09-23,123.220001
2019-09-24,123.610001
2019-09-25,123.019997
2019-09-26,124.309998
2019-09-27,124.570000
2019-09-30,124.379997
2019-10-01,123.849998
2019-10-02,121.080002
2019-10-03,121.739998
2019-10-04,124.000000
2019-10-07,122.839996
2019-10-08,120.930000
2019-10-09,121.980003
2019-10-10,121.940002
2019-10-11,121.089996
2019-10-14,120.050003
2019-10-15,117.199997
2019-10-16,117.529999
2019-10-17,116.629997
2019-10-18,117.470001
2019-10-21,119.080002
2019-10-22,122.180000
2019-10-23,123.000000
2019-10-24,124.790001
2019-10-25,123.250000
2019-10-28,123.480003
2019-10-29,123.599998
2019-10-30,124.940002
2019-10-31,124.510002
2019-11-01,123.870003
2019-11-04,119.070000
2019-11-05,118.900002
2019-11-06,120.320000
2019-11-07,119.620003
2019-11-08,119.699997
2019-11-11,119.330002
2019-11-12,119.269997
2019-11-13,120.650002
2019-11-14,120.500000
2019-11-15,120.540001
2019-11-18,121.889999
2019-11-19,121.419998
2019-11-20,122.290001
2019-11-21,120.339996
2019-11-22,120.290001
2019-11-25,120.510002
2019-11-26,122.260002
2019-11-27,121.760002
2019-11-29,122.059998
2019-12-02,122.720001
2019-12-03,122.949997
2019-12-04,124.529999
2019-12-05,124.620003
2019-12-06,124.190002
2019-12-09,124.870003
2019-12-10,124.269997
2019-12-11,124.660004
2019-12-12,124.570000
2019-12-13,125.470001
2019-12-16,125.559998
2019-12-17,125.309998
2019-12-18,124.010002
2019-12-19,124.919998
2019-12-20,125.360001
2019-12-23,124.900002
2019-12-24,125.220001
2019-12-26,125.220001
2019-12-27,126.089996
2019-12-30,124.470001
2019-12-31,124.900002
2020-01-02,123.410004
2020-01-03,122.580002
2020-01-06,122.750000
2020-01-07,121.989998
2020-01-08,122.510002
2020-01-09,123.849998
2020-01-10,123.970001
2020-01-13,124.879997
2020-01-14,124.690002
2020-01-15,125.959999
2020-01-16,126.070000
2020-01-17,126.410004
2020-01-21,126.089996
2020-01-22,126.309998
2020-01-23,124.989998
2020-01-24,125.139999
2020-01-27,125.690002
2020-01-28,126.029999
2020-01-29,125.059998
2020-01-30,125.949997
2020-01-31,124.620003
2020-02-03,125.110001
2020-02-04,125.660004
2020-02-05,126.809998
2020-02-06,127.139999
2020-02-07,126.080002
2020-02-10,126.169998
2020-02-11,124.160004
2020-02-12,123.449997
2020-02-13,124.959999
2020-02-14,126.139999
2020-02-18,124.870003
2020-02-19,125.440002
2020-02-20,126.580002
2020-02-21,126.699997
2020-02-24,123.300003
2020-02-25,121.430000
2020-02-26,120.160004
2020-02-27,113.500000
2020-02-28,113.230003
2020-03-02,119.559998
2020-03-03,118.169998
2020-03-04,124.500000
2020-03-05,121.629997
2020-03-06,121.660004
2020-03-09,116.059998
2020-03-10,120.550003
2020-03-11,111.589996
2020-03-12,101.839996
2020-03-13,114.070000
2020-03-16,108.500000
2020-03-17,118.239998
2020-03-18,117.449997
2020-03-19,110.830002
2020-03-20,102.430000
2020-03-23,97.699997
2020-03-24,103.269997
2020-03-25,100.919998
2020-03-26,107.379997
2020-03-27,110.169998
2020-03-30,115.000000
2020-03-31,110.000000
2020-04-01,109.330002
2020-04-02,114.400002
2020-04-03,115.080002
2020-04-06,117.809998
2020-04-07,112.769997
2020-04-08,115.099998
2020-04-09,114.660004
2020-04-13,115.949997
2020-04-14,120.959999
2020-04-15,121.220001
2020-04-16,121.500000
2020-04-17,124.690002
2020-04-20,120.599998
2020-04-21,119.680000
2020-04-22,119.400002
2020-04-23,119.400002
2020-04-24,118.779999
2020-04-27,117.449997
2020-04-28,116.889999
2020-04-29,117.080002
2020-04-30,117.870003
2020-05-01,116.820000
2020-05-04,115.769997
2020-05-05,116.010002
2020-05-06,113.099998
2020-05-07,112.169998
2020-05-08,115.949997
2020-05-11,115.309998
2020-05-12,114.550003
2020-05-13,113.919998
2020-05-14,113.809998
2020-05-15,114.610001
2020-05-18,116.209999
2020-05-19,112.440002
2020-05-20,113.279999
2020-05-21,111.620003
2020-05-22,112.599998
2020-05-26,112.029999
2020-05-27,113.889999
2020-05-28,116.059998
2020-05-29,115.919998
2020-06-01,117.250000
2020-06-02,118.059998
2020-06-03,118.529999
2020-06-04,116.050003
2020-06-05,118.330002
2020-06-08,119.050003
2020-06-09,118.339996
2020-06-10,119.230003
2020-06-11,116.260002
2020-06-12,115.620003
2020-06-15,116.690002
2020-06-16,118.129997
2020-06-17,117.930000
2020-06-18,119.279999
2020-06-19,118.919998
2020-06-22,117.750000
2020-06-23,117.730003
2020-06-24,116.419998
2020-06-25,117.889999
2020-06-26,115.230003
2020-06-29,117.660004
2020-06-30,119.570000
2020-07-01,119.980003
2020-07-02,120.879997
2020-07-06,121.629997
2020-07-07,122.220001
2020-07-08,122.889999
2020-07-09,122.480003
2020-07-10,123.889999
2020-07-13,124.050003
2020-07-14,125.089996
2020-07-15,124.500000
2020-07-16,124.760002
2020-07-17,125.629997
2020-07-20,125.239998
2020-07-21,125.070000
2020-07-22,126.139999
2020-07-23,126.160004
2020-07-24,125.959999
2020-07-27,126.320000
2020-07-28,127.879997
2020-07-29,128.309998
2020-07-30,131.419998
2020-07-31,131.119995
2020-08-03,131.289993
2020-08-04,133.789993
2020-08-05,133.440002
2020-08-06,132.710007
2020-08-07,133.550003
2020-08-10,134.100006
2020-08-11,133.229996
2020-08-12,135.460007
2020-08-13,135.779999
2020-08-14,135.100006
2020-08-17,135.500000
2020-08-18,136.509995
2020-08-19,135.770004
2020-08-20,136.850006
2020-08-21,137.440002
2020-08-24,138.509995
2020-08-25,139.059998
2020-08-26,138.389999
2020-08-27,138.210007
2020-08-28,138.770004
2020-08-31,138.330002
2020-09-01,138.179993
2020-09-02,140.509995
2020-09-03,138.259995
2020-09-04,137.960007
2020-09-08,135.940002
2020-09-09,138.149994
2020-09-10,136.699997
2020-09-11,138.139999
2020-09-14,138.630005
2020-09-15,138.630005
2020-09-16,137.699997
2020-09-17,137.520004
2020-09-18,137.369995
2020-09-21,136.710007
2020-09-22,137.960007
2020-09-23,136.309998
2020-09-24,136.919998
2020-09-25,137.619995
2020-09-28,138.009995
2020-09-29,137.259995
2020-09-30,138.990005
2020-10-01,139.240005
2020-10-02,138.119995
2020-10-05,139.389999
2020-10-06,139.610001
2020-10-07,140.699997
2020-10-08,141.649994
2020-10-09,142.919998
2020-10-12,144.490005
2020-10-13,144.210007
2020-10-14,144.039993
2020-10-15,143.830002
2020-10-16,144.389999
2020-10-19,141.910004
2020-10-20,142.479996
2020-10-21,143.250000
2020-10-22,141.449997
2020-10-23,142.380005
2020-10-26,141.300003
2020-10-27,142.360001
2020-10-28,137.660004
2020-10-29,137.570007
2020-10-30,137.100006
2020-11-02,138.500000
2020-11-03,141.220001
2020-11-04,140.639999
2020-11-05,142.380005
2020-11-06,143.229996
2020-11-09,137.990005
2020-11-10,140.259995
2020-11-11,142.070007
2020-11-12,142.149994
2020-11-13,144.279999
2020-11-16,142.429993
2020-11-17,141.880005
2020-11-18,139.699997
2020-11-19,139.529999
2020-11-20,139.300003
2020-11-23,138.759995
2020-11-24,138.309998
2020-11-25,138.679993
2020-11-27,138.610001
2020-11-30,138.869995
2020-12-01,139.369995
2020-12-02,138.360001
2020-12-03,137.339996
2020-12-04,137.470001
2020-12-07,137.679993
2020-12-08,138.050003
2020-12-09,136.410004
2020-12-10,135.509995
2020-12-11,136.509995
2020-12-14,135.850006
2020-12-15,136.649994
2020-12-16,137.270004
2020-12-17,138.250000
2020-12-18,139.039993
2020-12-21,137.520004
2020-12-22,136.550003
2020-12-23,136.339996
2020-12-24,137.720001
2020-12-28,138.679993
2020-12-29,138.419998
2020-12-30,137.770004
2020-12-31,139.139999
2021-01-04,137.820007
2021-01-05,138.699997
2021-01-06,140.160004
2021-01-07,138.850006
2021-01-08,138.789993
2021-01-11,137.850006
2021-01-12,137.050003
2021-01-13,137.259995
2021-01-14,135.800003
2021-01-15,134.779999
2021-01-19,133.600006
2021-01-20,131.929993
2021-01-21,131.009995
2021-01-22,130.000000
2021-01-25,132.240005
2021-01-26,133.089996
2021-01-27,128.380005
2021-01-28,130.360001
2021-01-29,128.210007
2021-02-01,128.970001
2021-02-02,128.789993
2021-02-03,128.949997
2021-02-04,129.029999
2021-02-05,129.570007
2021-02-08,129.169998
2021-02-09,128.669998
2021-02-10,128.220001
2021-02-11,128.330002
2021-02-12,127.620003
2021-02-16,127.919998
2021-02-17,128.460007
2021-02-18,129.529999
2021-02-19,127.120003
2021-02-22,126.580002
2021-02-23,127.519997
2021-02-24,127.660004
2021-02-25,126.580002
2021-02-26,123.529999
2021-03-01,124.290001
2021-03-02,123.900002
2021-03-03,123.160004
2021-03-04,122.150002
2021-03-05,125.980003
2021-03-08,127.309998
2021-03-09,126.180000
2021-03-10,127.339996
2021-03-11,126.910004
2021-03-12,128.139999
2021-03-15,128.559998
2021-03-16,128.940002
2021-03-17,128.419998
2021-03-18,128.699997
2021-03-19,128.009995
2021-03-22,130.179993
2021-03-23,132.600006
2021-03-24,132.559998
2021-03-25,133.479996
2021-03-26,135.449997
2021-03-29,137.570007
2021-03-30,135.449997
2021-03-31,135.429993
2021-04-01,134.279999
2021-04-05,136.449997
2021-04-06,136.500000
2021-04-07,136.740005
2021-04-08,137.259995
2021-04-09,136.369995
2021-04-12,136.919998
2021-04-13,135.110001
2021-04-14,135.600006
2021-04-15,137.240005
2021-04-16,137.250000
2021-04-19,136.610001
2021-04-20,137.750000
2021-04-21,136.850006
2021-04-22,134.630005
2021-04-23,133.940002
2021-04-26,131.259995
2021-04-27,131.179993
2021-04-28,131.399994
2021-04-29,132.509995
2021-04-30,133.419998
2021-05-03,135.000000
2021-05-04,134.539993
2021-05-05,133.460007
2021-05-06,135.139999
2021-05-07,135.149994
2021-05-10,137.669998
2021-05-11,136.990005
2021-05-12,135.539993
2021-05-13,137.720001
2021-05-14,138.009995
2021-05-17,137.729996
2021-05-18,136.320007
2021-05-19,136.600006
2021-05-20,138.000000
2021-05-21,138.000000
2021-05-24,137.960007
2021-05-25,138.429993
2021-05-26,138.119995
2021-05-27,134.979996
2021-05-28,134.850006
2021-06-01,132.880005
2021-06-02,133.460007
2021-06-03,135.850006
2021-06-04,135.949997
2021-06-07,136.419998
2021-06-08,134.839996
2021-06-09,134.789993
2021-06-10,135.789993
2021-06-11,134.860001
2021-06-14,134.910004
2021-06-15,134.649994
2021-06-16,132.779999
2021-06-17,133.990005
2021-06-18,132.029999
2021-06-21,133.070007
2021-06-22,133.119995
2021-06-23,132.929993
2021-06-24,133.020004
2021-06-25,134.919998
2021-06-28,135.320007
2021-06-29,134.399994
2021-06-30,134.929993
2021-07-01,135.240005
2021-07-02,135.899994
2021-07-06,135.979996
2021-07-07,137.000000
2021-07-08,136.979996
2021-07-09,137.029999
2021-07-12,137.139999
2021-07-13,136.970001
2021-07-14,137.979996
2021-07-15,139.160004
2021-07-16,140.509995
2021-07-19,140.440002
2021-07-20,139.690002
2021-07-21,139.199997
2021-07-22,137.800003
2021-07-23,139.789993
2021-07-26,140.279999
2021-07-27,140.850006
2021-07-28,138.759995
2021-07-29,139.479996
2021-07-30,142.229996
2021-08-02,141.880005
2021-08-03,143.949997
2021-08-04,142.429993
2021-08-05,142.500000
2021-08-06,141.410004
2021-08-09,142.179993
2021-08-10,142.270004
2021-08-11,142.619995
2021-08-12,142.949997
2021-08-13,143.639999
2021-08-16,144.639999
2021-08-17,144.880005
2021-08-18,143.300003
2021-08-19,144.990005
2021-08-20,145.089996
2021-08-23,144.350006
2021-08-24,143.179993
2021-08-25,142.669998
2021-08-26,142.419998
2021-08-27,142.309998
2021-08-30,142.929993
2021-08-31,142.389999
2021-09-01,143.839996
2021-09-02,143.949997
2021-09-03,144.050003
2021-09-07,143.509995
2021-09-08,144.600006
2021-09-09,143.990005
2021-09-10,144.130005
2021-09-13,145.679993
2021-09-14,145.429993
2021-09-15,145.119995
2021-09-16,144.110001
2021-09-17,144.339996
2021-09-20,142.889999
2021-09-21,143.110001
2021-09-22,143.600006
2021-09-23,144.190002
2021-09-24,143.550003
2021-09-27,141.660004
2021-09-28,140.589996
2021-09-29,142.020004
2021-09-30,139.800003
2021-10-01,139.580002
2021-10-04,138.789993
2021-10-05,139.330002
2021-10-06,141.190002
2021-10-07,142.320007
2021-10-08,141.729996
2021-10-11,142.320007
2021-10-12,142.110001
2021-10-13,142.440002
2021-10-14,144.050003
2021-10-15,144.419998
2021-10-18,142.339996
2021-10-19,140.660004
2021-10-20,141.210007
2021-10-21,139.330002
2021-10-22,140.830002
2021-10-25,140.850006
2021-10-26,142.850006
2021-10-27,141.830002
2021-10-28,142.679993
2021-10-29,142.990005
2021-11-01,142.639999
2021-11-02,144.059998
2021-11-03,145.050003
2021-11-04,145.320007
2021-11-05,146.039993
2021-11-08,144.949997
2021-11-09,145.389999
2021-11-10,146.820007
2021-11-11,146.399994
2021-11-12,146.559998
2021-11-15,147.399994
2021-11-16,147.190002
2021-11-17,147.100006
2021-11-18,147.119995
2021-11-19,146.820007
2021-11-22,147.800003
2021-11-23,149.440002
2021-11-24,148.660004
2021-11-26,147.470001
2021-11-29,149.020004
2021-11-30,144.580002
2021-12-01,146.399994
2021-12-02,147.259995
2021-12-03,149.880005
2021-12-06,152.149994
2021-12-07,151.750000
2021-12-08,152.429993
2021-12-09,153.320007
2021-12-10,155.460007
2021-12-13,157.669998
2021-12-14,158.250000
2021-12-15,158.860001
2021-12-16,161.110001
2021-12-17,157.460007
2021-12-20,157.860001
2021-12-21,157.759995
2021-12-22,159.320007
2021-12-23,160.100006
2021-12-27,161.970001
2021-12-28,162.839996
2021-12-29,164.190002
2021-12-30,162.770004
2021-12-31,163.580002
2022-01-03,162.899994
2022-01-04,163.470001
2022-01-05,164.210007
2022-01-06,162.830002
2022-01-07,162.740005
2022-01-10,160.520004
2022-01-11,158.660004
2022-01-12,159.009995
2022-01-13,158.289993
2022-01-14,159.809998
2022-01-18,156.729996
2022-01-19,162.000000
2022-01-20,162.000000
2022-01-21,162.619995
2022-01-24,161.300003
2022-01-25,159.539993
2022-01-26,158.149994
2022-01-27,159.130005
2022-01-28,160.500000
2022-01-31,160.449997
2022-02-01,159.740005
2022-02-02,162.600006
2022-02-03,164.139999
2022-02-04,161.529999
2022-02-07,160.320007
2022-02-08,159.960007
2022-02-09,159.600006
2022-02-10,157.169998
2022-02-11,156.289993
2022-02-14,156.740005
2022-02-15,156.820007
2022-02-16,158.009995
2022-02-17,159.820007
2022-02-18,159.899994
2022-02-22,157.929993
2022-02-23,155.960007
2022-02-24,151.759995
2022-02-25,158.240005
2022-02-28,155.889999
2022-03-01,153.309998
2022-03-02,153.789993
2022-03-03,154.360001
2022-03-04,155.139999
2022-03-07,152.839996
2022-03-08,146.789993
2022-03-09,148.770004
2022-03-10,144.940002
2022-03-11,143.220001
2022-03-14,145.050003
2022-03-15,150.270004
2022-03-16,149.759995
2022-03-17,150.229996
2022-03-18,150.149994
2022-03-21,150.720001
2022-03-22,151.880005
2022-03-23,150.820007
2022-03-24,151.080002
2022-03-25,152.830002
2022-03-28,153.880005
2022-03-29,155.460007
2022-03-30,154.389999
2022-03-31,152.800003
2022-04-01,155.089996
2022-04-04,154.080002
2022-04-05,154.619995
2022-04-06,156.830002
2022-04-07,158.860001
2022-04-08,160.100006
2022-04-11,159.490005
2022-04-12,159.009995
2022-04-13,159.460007
2022-04-14,158.570007
2022-04-18,157.059998
2022-04-19,159.410004
2022-04-20,163.649994
2022-04-21,162.610001
2022-04-22,161.250000
2022-04-25,162.550003
2022-04-26,159.789993
2022-04-27,159.360001
2022-04-28,163.410004
2022-04-29,160.550003
2022-05-02,158.380005
2022-05-03,156.210007
2022-05-04,157.360001
2022-05-05,154.460007
2022-05-06,156.000000
2022-05-09,155.610001
2022-05-10,154.789993
2022-05-11,152.610001
2022-05-12,151.990005
2022-05-13,153.619995
2022-05-16,155.119995
2022-05-17,154.679993
2022-05-18,145.039993
2022-05-19,141.699997
2022-05-20,141.789993
2022-05-23,145.050003
2022-05-24,147.630005
2022-05-25,145.210007
2022-05-26,146.479996
2022-05-27,148.720001
2022-05-31,147.880005
2022-06-01,145.639999
2022-06-02,147.210007
2022-06-03,145.889999
2022-06-06,145.320007
2022-06-07,146.940002
2022-06-08,145.110001
2022-06-09,142.490005
2022-06-10,141.949997
2022-06-13,138.149994
2022-06-14,133.839996
2022-06-15,132.509995
2022-06-16,133.320007
2022-06-17,132.360001
2022-06-21,136.369995
2022-06-22,138.500000
2022-06-23,142.300003
2022-06-24,144.350006
2022-06-27,143.250000
2022-06-28,140.919998
2022-06-29,142.199997
2022-06-30,143.789993
2022-07-01,146.110001
2022-07-05,144.699997
2022-07-06,146.050003
2022-07-07,146.000000
2022-07-08,145.020004
2022-07-11,146.039993
2022-07-12,144.750000
2022-07-13,145.699997
2022-07-14,145.270004
2022-07-15,145.070007
2022-07-18,143.309998
2022-07-19,144.039993
2022-07-20,141.550003
2022-07-21,140.770004
2022-07-22,143.020004
2022-07-25,143.990005
2022-07-26,144.270004
2022-07-27,145.639999
2022-07-28,148.059998
2022-07-29,138.910004
2022-08-01,142.899994
2022-08-02,141.949997
2022-08-03,144.880005
2022-08-04,144.649994
2022-08-05,144.720001
2022-08-08,145.270004
2022-08-09,144.929993
2022-08-10,146.300003
2022-08-11,145.259995
2022-08-12,146.669998
2022-08-15,148.559998
2022-08-16,149.929993
2022-08-17,149.240005
2022-08-18,149.770004
2022-08-19,149.729996
2022-08-22,149.330002
2022-08-23,146.449997
2022-08-24,145.820007
2022-08-25,145.699997
2022-08-26,142.289993
2022-08-29,141.690002
2022-08-30,140.179993
2022-08-31,137.940002
2022-09-01,139.639999
2022-09-02,137.160004
2022-09-06,135.630005
2022-09-07,137.679993
2022-09-08,137.860001
2022-09-09,139.960007
2022-09-12,141.100006
2022-09-13,138.179993
2022-09-14,138.509995
2022-09-15,137.440002
2022-09-16,138.279999
2022-09-19,137.990005
2022-09-20,137.500000
2022-09-21,135.729996
2022-09-22,136.210007
2022-09-23,135.580002
2022-09-26,135.710007
2022-09-27,131.979996
2022-09-28,131.979996
2022-09-29,128.699997
2022-09-30,126.250000
2022-10-03,128.509995
2022-10-04,130.100006
2022-10-05,129.199997
2022-10-06,126.480003
2022-10-07,124.269997
2022-10-10,123.760002
2022-10-11,124.230003
2022-10-12,124.430000
2022-10-13,126.309998
2022-10-14,125.080002
2022-10-17,127.339996
2022-10-18,128.369995
2022-10-19,129.559998
2022-10-20,126.989998
2022-10-21,128.580002
2022-10-24,129.369995
2022-10-25,130.860001
2022-10-26,131.779999
2022-10-27,131.880005
2022-10-28,135.220001
2022-10-31,134.669998
2022-11-01,134.880005
2022-11-02,132.940002
2022-11-03,132.029999
2022-11-04,134.440002
2022-11-07,136.500000
2022-11-08,136.809998
2022-11-09,136.479996
2022-11-10,141.179993
2022-11-11,140.970001
2022-11-14,140.979996
2022-11-15,140.490005
2022-11-16,141.740005
2022-11-17,140.869995
2022-11-18,142.570007
2022-11-21,144.380005
2022-11-22,145.619995
2022-11-23,146.449997
2022-11-25,146.720001
2022-11-28,146.600006
2022-11-29,145.479996
2022-11-30,149.160004
2022-12-01,149.250000
2022-12-02,150.610001
2022-12-05,149.089996
2022-12-06,149.279999
2022-12-07,150.240005
2022-12-08,151.320007
2022-12-09,150.919998
2022-12-12,152.470001
2022-12-13,152.240005
2022-12-14,152.839996
2022-12-15,151.110001
2022-12-16,150.440002
2022-12-19,150.399994
2022-12-20,150.460007
2022-12-21,151.839996
2022-12-22,152.190002
2022-12-23,152.619995
2022-12-27,153.949997
2022-12-28,151.960007
2022-12-29,152.589996
2022-12-30,151.559998
2023-01-03,151.570007
2023-01-04,152.229996
2023-01-05,150.339996
2023-01-06,153.919998
2023-01-09,152.039993
2023-01-10,151.889999
2023-01-11,150.660004
2023-01-12,149.809998
2023-01-13,150.880005
2023-01-17,150.440002
2023-01-18,146.410004
2023-01-19,142.419998
2023-01-20,142.970001
2023-01-23,141.050003
2023-01-24,141.820007
2023-01-25,141.720001
2023-01-26,141.149994
2023-01-27,140.570007
2023-01-30,141.009995
2023-01-31,142.380005
2023-02-01,143.190002
2023-02-02,142.169998
2023-02-03,142.610001
2023-02-06,141.399994
2023-02-07,140.020004
2023-02-08,138.570007
2023-02-09,137.050003
2023-02-10,138.259995
2023-02-13,140.070007
2023-02-14,139.279999
2023-02-15,138.960007
2023-02-16,137.139999
2023-02-17,140.009995
2023-02-21,139.910004
2023-02-22,140.500000
2023-02-23,140.050003
2023-02-24,139.259995
2023-02-27,139.139999
2023-02-28,137.559998
2023-03-01,137.660004
2023-03-02,139.929993
2023-03-03,140.949997
2023-03-06,140.350006
2023-03-07,137.559998
2023-03-08,137.580002
2023-03-09,136.570007
2023-03-10,137.190002
2023-03-13,138.139999
2023-03-14,139.850006
2023-03-15,141.830002
2023-03-16,142.889999
2023-03-17,142.929993
2023-03-20,145.130005
2023-03-21,144.080002
2023-03-22,143.990005
2023-03-23,143.789993
2023-03-24,146.720001
2023-03-27,145.949997
2023-03-28,146.360001
2023-03-29,146.809998
2023-03-30,147.449997
2023-03-31,148.690002
2023-04-03,149.509995
2023-04-04,150.229996
2023-04-05,151.259995
2023-04-06,152.220001
2023-04-10,150.960007
2023-04-11,150.660004
2023-04-12,151.070007
2023-04-13,151.770004
2023-04-14,151.000000
2023-04-17,151.050003
2023-04-18,151.210007
2023-04-19,151.240005
2023-04-20,150.850006
2023-04-21,156.070007
2023-04-24,156.350006
2023-04-25,156.389999
2023-04-26,154.580002
2023-04-27,156.470001
2023-04-28,156.380005
2023-05-01,156.570007
2023-05-02,156.429993
2023-05-03,156.229996
2023-05-04,155.509995
2023-05-05,156.029999
2023-05-08,155.300003
2023-05-09,153.710007
2023-05-10,154.029999
2023-05-11,154.389999
2023-05-12,155.960007
2023-05-15,156.009995
2023-05-16,155.740005
2023-05-17,155.080002
2023-05-18,152.529999
2023-05-19,153.169998
2023-05-22,149.160004
2023-05-23,147.550003
2023-05-24,146.330002
2023-05-25,145.389999
2023-05-26,145.399994
2023-05-30,143.179993
2023-05-31,142.500000
2023-06-01,143.960007
2023-06-02,146.520004
2023-06-05,145.940002
2023-06-06,144.490005
2023-06-07,144.800003
2023-06-08,146.440002
2023-06-09,146.559998
2023-06-12,145.410004
2023-06-13,145.059998
2023-06-14,146.419998
2023-06-15,148.449997
2023-06-16,149.539993
2023-06-20,148.160004
2023-06-21,149.440002
2023-06-22,149.949997
2023-06-23,148.460007
2023-06-26,148.610001
2023-06-27,150.020004
2023-06-28,149.990005
2023-06-29,149.380005
2023-06-30,151.740005
2023-07-03,152.500000
2023-07-05,152.240005
2023-07-06,151.990005
2023-07-07,148.800003
2023-07-10,148.860001
2023-07-11,148.080002
2023-07-12,148.850006
2023-07-13,148.949997
2023-07-14,150.050003
2023-07-17,148.990005
2023-07-18,149.270004
2023-07-19,150.289993
2023-07-20,150.559998
2023-07-21,152.929993
2023-07-24,153.419998
2023-07-25,153.779999
2023-07-26,153.940002
2023-07-27,152.110001
2023-07-28,156.410004
2023-07-31,156.300003
2023-08-01,156.250000
2023-08-02,156.589996
2023-08-03,157.000000
2023-08-04,155.279999
2023-08-07,156.919998
2023-08-08,157.089996
2023-08-09,156.889999
2023-08-10,156.110001
2023-08-11,157.020004
2023-08-14,155.789993
2023-08-15,154.789993
2023-08-16,153.210007
2023-08-17,152.110001
2023-08-18,152.539993
2023-08-21,151.770004
2023-08-22,151.830002
2023-08-23,153.250000
2023-08-24,152.539993
2023-08-25,153.539993
2023-08-28,153.779999
2023-08-29,153.869995
2023-08-30,154.039993
2023-08-31,154.339996
2023-09-01,154.509995
2023-09-05,152.440002
2023-09-06,152.139999
2023-09-07,153.589996
2023-09-08,152.929993
2023-09-11,154.750000
2023-09-12,152.029999
2023-09-13,153.089996
2023-09-14,154.770004
2023-09-15,153.470001
2023-09-18,154.050003
2023-09-19,153.600006
2023-09-20,153.470001
2023-09-21,152.139999
2023-09-22,151.580002
2023-09-25,150.660004
2023-09-26,149.320007
2023-09-27,147.339996
2023-09-28,146.339996
2023-09-29,145.860001
2023-10-02,145.190002
2023-10-03,145.490005
2023-10-04,145.970001
2023-10-05,143.800003
2023-10-06,144.089996
2023-10-09,143.360001
2023-10-10,144.779999
2023-10-11,143.000000
2023-10-12,143.320007
2023-10-13,144.690002
2023-10-16,146.070007
2023-10-17,146.259995
2023-10-18,150.029999
2023-10-19,148.250000
2023-10-20,148.050003
2023-10-23,148.149994
2023-10-24,149.899994
2023-10-25,150.600006
2023-10-26,149.800003
2023-10-27,147.160004
2023-10-30,149.259995
2023-10-31,150.029999
2023-11-01,149.610001
2023-11-02,151.440002
2023-11-03,150.070007
2023-11-06,150.940002
2023-11-07,150.589996
2023-11-08,150.009995
2023-11-09,150.350006
2023-11-10,151.410004
2023-11-13,152.460007
2023-11-14,152.119995
2023-11-15,151.419998
2023-11-16,152.830002
2023-11-17,151.070007
2023-11-20,150.270004
2023-11-21,149.610001
2023-11-22,151.020004
2023-11-24,151.380005
2023-11-27,151.240005
2023-11-28,152.289993
2023-11-29,151.130005
2023-11-30,153.520004
2023-12-01,152.660004
2023-12-04,152.059998
2023-12-05,146.759995
2023-12-06,146.649994
2023-12-07,146.500000
2023-12-08,145.149994
2023-12-11,145.820007
2023-12-12,145.940002
2023-12-13,148.580002
2023-12-14,144.660004
2023-12-15,143.960007
2023-12-18,146.169998
2023-12-19,146.169998
2023-12-20,143.910004
2023-12-21,144.259995
2023-12-22,145.279999
2023-12-26,145.940002
2023-12-27,146.059998
2023-12-28,145.729996
2023-12-29,146.539993
2024-01-02,148.740005
2024-01-03,147.839996
2024-01-04,148.649994
2024-01-05,147.419998
2024-01-08,148.690002
2024-01-09,149.300003
2024-01-10,149.940002
2024-01-11,150.509995
2024-01-12,150.600006
2024-01-16,149.789993
2024-01-17,149.940002
2024-01-18,148.139999
2024-01-19,147.570007
2024-01-22,147.860001
2024-01-23,153.979996
2024-01-24,152.119995
2024-01-25,155.619995
2024-01-26,156.139999
2024-01-29,156.160004
2024-01-30,157.490005
2024-01-31,157.139999
2024-02-01,159.179993
2024-02-02,158.089996
2024-02-05,158.210007
2024-02-06,158.960007
2024-02-07,159.119995
2024-02-08,158.639999
2024-02-09,157.419998
2024-02-12,157.110001
2024-02-13,156.270004
2024-02-14,155.630005
2024-02-15,157.009995
2024-02-16,157.509995
2024-02-20,158.509995
2024-02-21,160.399994
2024-02-22,160.559998
2024-02-23,161.029999
2024-02-26,160.220001
2024-02-27,159.300003
2024-02-28,160.050003
2024-02-29,158.940002
2024-03-01,158.850006
2024-03-04,159.559998
2024-03-05,159.320007
2024-03-06,159.570007
2024-03-07,160.619995
2024-03-08,160.350006
2024-03-11,161.550003
2024-03-12,161.929993
2024-03-13,162.300003
2024-03-14,161.500000
2024-03-15,161.380005
2024-03-18,161.210007
2024-03-19,161.830002
2024-03-20,161.990005
2024-03-21,161.860001
2024-03-22,161.660004
2024-03-25,160.190002
2024-03-26,160.550003
2024-03-27,162.610001
2024-03-28,162.250000
2024-04-01,160.580002
2024-04-02,160.570007
2024-04-03,156.149994
2024-04-04,155.449997
2024-04-05,156.100006
2024-04-08,156.039993
2024-04-09,156.660004
2024-04-10,157.240005
2024-04-11,155.839996
2024-04-12,155.330002
2024-04-15,155.449997
2024-04-16,155.949997
2024-04-17,156.960007
2024-04-18,157.289993
2024-04-19,158.139999
2024-04-22,160.539993
2024-04-23,161.500000
2024-04-24,162.600006
2024-04-25,162.550003
2024-04-26,161.289993
2024-04-29,161.660004
2024-04-30,163.199997
2024-05-01,163.399994
2024-05-02,163.839996
2024-05-03,164.460007
2024-05-06,164.440002
2024-05-07,165.759995
2024-05-08,165.070007
2024-05-09,166.039993
2024-05-10,166.850006
2024-05-13,165.869995
2024-05-14,165.759995
2024-05-15,166.509995
2024-05-16,167.860001
2024-05-17,167.639999
2024-05-20,167.309998
2024-05-21,168.350006
2024-05-22,167.809998
2024-05-23,165.490005
2024-05-24,165.330002
2024-05-28,163.110001
2024-05-29,161.649994
2024-05-30,162.580002
2024-05-31,164.539993
2024-06-03,164.649994
2024-06-04,167.009995
2024-06-05,166.050003
2024-06-06,168.470001
2024-06-07,167.059998
2024-06-10,167.350006
2024-06-11,167.479996
2024-06-12,165.179993
2024-06-13,166.410004
2024-06-14,166.789993
2024-06-17,167.500000
2024-06-18,168.559998
2024-06-20,167.669998
2024-06-21,168.259995
2024-06-24,168.449997
2024-06-25,166.850006
2024-06-26,167.449997
2024-06-27,166.619995
2024-06-28,164.919998
2024-07-01,162.720001
2024-07-02,163.899994
2024-07-03,163.830002
2024-07-05,165.210007
2024-07-08,166.520004
2024-07-09,165.660004
2024-07-10,166.800003
2024-07-11,165.539993
2024-07-12,166.610001
2024-07-15,164.580002
2024-07-16,166.949997
2024-07-17,169.440002
2024-07-18,168.440002
2024-07-19,167.960007
2024-07-22,168.250000
2024-07-23,166.619995
2024-07-24,168.000000
2024-07-25,166.899994
2024-07-26,169.110001
2024-07-29,169.929993
2024-07-30,161.699997
2024-07-31,160.759995
2024-08-01,165.690002
2024-08-02,170.080002
2024-08-05,168.059998
2024-08-06,168.089996
2024-08-07,170.020004
2024-08-08,170.869995
2024-08-09,170.539993
2024-08-12,166.809998
2024-08-13,167.289993
2024-08-14,168.800003
2024-08-15,167.919998
2024-08-16,167.889999
2024-08-19,168.419998
2024-08-20,170.410004
2024-08-21,170.160004
2024-08-22,170.149994
2024-08-23,169.169998
2024-08-26,170.350006
2024-08-27,169.250000
2024-08-28,169.059998
2024-08-29,170.029999
2024-08-30,171.539993
2024-09-03,174.520004
2024-09-04,175.899994
2024-09-05,175.470001
2024-09-06,175.589996
2024-09-09,176.059998
2024-09-10,177.789993
2024-09-11,173.919998
2024-09-12,173.470001
2024-09-13,174.080002
2024-09-16,177.240005
2024-09-17,175.880005
2024-09-18,173.919998
2024-09-19,171.539993
2024-09-20,174.220001
2024-09-23,173.770004
2024-09-24,173.240005
2024-09-25,172.259995
2024-09-26,173.210007
2024-09-27,173.550003
2024-09-30,173.199997
2024-10-01,173.039993
2024-10-02,171.919998
2024-10-03,170.119995
2024-10-04,168.880005
2024-10-07,167.119995
2024-10-08,168.160004
2024-10-09,169.270004
2024-10-10,168.949997
2024-10-11,171.089996
2024-10-14,172.509995
2024-10-15,173.570007
2024-10-16,172.380005
2024-10-17,172.279999
2024-10-18,171.279999
2024-10-21,169.539993
2024-10-22,169.699997
2024-10-23,169.580002
2024-10-24,169.619995
2024-10-25,168.220001
2024-10-28,169.300003
2024-10-29,167.169998
2024-10-30,166.160004
2024-10-31,165.179993
2024-11-01,165.100006
2024-11-04,165.080002
2024-11-05,165.759995
2024-11-06,161.050003
2024-11-07,163.410004
2024-11-08,167.710007
2024-11-11,166.029999
2024-11-12,165.839996
2024-11-13,166.580002
2024-11-14,167.080002
2024-11-15,169.539993
2024-11-18,170.750000
2024-11-19,170.759995
2024-11-20,170.889999
2024-11-21,172.750000
2024-11-22,176.279999
2024-11-25,177.389999
2024-11-26,179.309998
2024-11-27,179.360001
2024-11-29,179.259995
2024-12-02,179.699997
2024-12-03,175.419998
2024-12-04,175.110001
2024-12-05,176.029999
2024-12-06,173.820007
2024-12-09,170.789993
2024-12-10,172.279999
2024-12-11,170.630005
2024-12-12,170.850006
2024-12-13,171.059998
2024-12-16,171.139999
2024-12-17,170.330002
2024-12-18,169.080002
2024-12-19,169.190002
2024-12-20,168.059998
2024-12-23,168.110001
2024-12-24,168.940002
2024-12-26,170.160004
2024-12-27,169.529999
2024-12-30,167.089996
2024-12-31,167.649994
2025-01-02,165.979996
2025-01-03,165.130005
2025-01-06,160.600006
2025-01-07,161.300003
2025-01-08,162.100006
2025-01-10,158.559998
2025-01-13,158.839996
2025-01-14,159.740005
2025-01-15,159.649994
2025-01-16,160.500000
2025-01-17,161.130005
2025-01-21,161.720001
2025-01-22,164.740005
2025-01-23,166.149994
2025-01-24,164.119995
2025-01-27,169.660004
2025-01-28,166.190002
2025-01-29,166.229996
2025-01-30,167.410004
2025-01-31,165.990005
2025-02-03,168.759995
2025-02-04,168.130005
2025-02-05,169.009995
2025-02-06,168.880005
2025-02-07,167.970001
2025-02-10,167.529999
2025-02-11,169.429993
2025-02-12,169.580002
2025-02-13,171.020004
2025-02-14,162.889999
2025-02-18,165.429993
2025-02-19,166.490005
2025-02-20,167.210007
2025-02-21,170.229996
2025-02-24,170.539993
2025-02-25,172.649994
2025-02-26,171.300003
2025-02-27,171.970001
2025-02-28,173.839996
2025-03-03,175.589996
2025-03-04,173.179993
2025-03-05,174.610001
2025-03-06,174.660004
2025-03-07,175.949997
2025-03-10,176.259995
2025-03-11,173.119995
2025-03-12,168.369995
2025-03-13,168.589996
2025-03-14,167.970001
2025-03-17,169.759995
2025-03-18,167.710007
2025-03-19,168.570007
2025-03-20,167.550003
2025-03-21,166.690002
2025-03-24,165.649994
2025-03-25,162.850006
2025-03-26,166.580002
2025-03-27,168.710007
2025-03-28,168.029999
2025-03-31,170.419998
2025-04-01,170.559998
2025-04-02,169.500000
2025-04-03,172.389999
2025-04-04,163.750000
2025-04-07,160.229996
2025-04-08,158.389999
2025-04-09,162.320007
2025-04-10,163.559998
2025-04-11,166.910004
2025-04-14,169.130005
2025-04-15,168.470001
2025-04-16,166.389999
2025-04-17,170.630005
2025-04-21,165.750000
2025-04-22,167.880005
2025-04-23,165.729996
2025-04-24,159.529999
2025-04-25,161.020004
2025-04-28,161.850006
2025-04-29,162.259995
2025-04-30,162.570007
2025-05-01,159.979996
2025-05-02,160.520004
2025-05-05,158.830002
2025-05-06,159.250000
2025-05-07,159.289993
2025-05-08,158.649994
2025-05-09,157.660004
2025-05-12,160.899994
2025-05-13,158.729996
2025-05-14,158.020004
2025-05-15,162.410004
2025-05-16,163.279999
2025-05-19,164.770004
2025-05-20,165.639999
2025-05-21,165.429993
2025-05-22,165.029999
2025-05-23,165.860001
2025-05-27,167.759995
2025-05-28,167.360001
2025-05-29,168.559998
2025-05-30,169.889999
2025-06-02,167.779999
2025-06-03,166.850006
2025-06-04,165.949997
2025-06-05,162.800003
2025-06-06,164.020004
2025-06-09,162.559998
2025-06-10,162.839996
2025-06-11,162.110001
2025-06-12,163.179993
2025-06-13,160.279999
2025-06-16,160.880005
2025-06-17,158.520004
2025-06-18,158.020004
2025-06-20,159.080002
2025-06-23,161.029999
2025-06-24,160.360001
2025-06-25,158.970001
2025-06-26,158.630005
2025-06-27,159.860001
2025-06-30,159.320007
2025-07-01,161.220001
2025-07-02,161.199997
2025-07-03,160.830002
2025-07-07,160.500000
2025-07-08,157.889999
2025-07-09,157.520004
2025-07-10,158.490005
2025-07-11,157.050003
2025-07-14,153.759995
2025-07-15,152.679993
2025-07-16,153.729996
2025-07-17,155.619995
2025-07-18,155.100006
2025-07-21,155.029999
2025-07-22,158.320007
2025-07-23,158.279999
2025-07-24,158.809998
2025-07-25,158.300003
2025-07-28,157.110001
2025-07-29,156.610001
2025-07-30,152.880005
2025-07-31,150.470001
2025-08-01,150.649994
2025-08-04,150.759995
2025-08-05,150.509995
2025-08-06,152.860001
2025-08-07,153.490005
2025-08-08,153.509995
2025-08-11,154.979996
2025-08-12,155.089996
2025-08-13,155.410004
2025-08-14,153.740005
2025-08-15,154.360001
2025-08-18,155.720001
2025-08-19,158.399994
2025-08-20,159.509995
2025-08-21,158.729996
2025-08-22,158.669998
2025-08-25,156.149994
2025-08-26,155.970001
2025-08-27,156.960007
2025-08-28,155.649994
2025-08-29,157.039993
2025-09-02,157.990005
2025-09-03,158.169998
2025-09-04,159.190002
2025-09-05,160.020004
2025-09-08,159.009995
2025-09-09,159.460007
2025-09-10,157.350006
2025-09-11,158.630005
2025-09-12,157.899994
2025-09-15,156.830002
2025-09-16,158.050003
2025-09-17,160.330002
2025-09-18,157.320007
2025-09-19,156.039993
2025-09-22,153.070007
2025-09-23,152.500000
2025-09-24,152.419998
2025-09-25,152.149994
2025-09-26,152.500000
2025-09-29,153.529999
2025-09-30,153.649994
2025-10-01,153.179993
2025-10-02,152.050003
2025-10-03,152.270004
2025-10-06,150.410004
2025-10-07,152.539993
2025-10-08,150.690002
2025-10-09,150.580002
2025-10-10,149.690002
2025-10-13,147.490005
2025-10-14,149.160004
2025-10-15,147.419998
2025-10-16,149.600006
2025-10-17,151.399994
2025-10-20,151.960007
2025-10-21,151.619995
2025-10-22,152.199997
2025-10-23,152.210007
2025-10-24,152.490005
2025-10-27,151.740005
2025-10-28,151.369995
2025-10-29,148.770004
2025-10-30,149.580002
2025-10-31,150.369995
2025-11-03,148.020004
2025-11-04,147.169998
2025-11-05,145.789993
2025-11-06,146.130005
2025-11-07,146.979996
2025-11-10,145.500000
2025-11-11,148.539993
2025-11-12,148.009995
2025-11-13,147.960007
2025-11-14,147.669998
2025-11-17,145.820007
2025-11-18,146.990005
2025-11-19,146.990005
2025-11-20,148.190002
2025-11-21,150.919998
2025-11-24,146.979996
2025-11-25,148.490005
2025-11-26,148.250000
2025-11-28,148.160004
2025-12-01,147.440002
2025-12-02,145.860001
2025-12-03,146.710007
2025-12-04,145.360001
2025-12-05,143.449997
2025-12-08,138.339996
2025-12-09,139.630005
2025-12-10,139.820007
2025-12-11,140.759995
2025-12-12,142.839996
2025-12-15,145.130005
2025-12-16,145.210007
2025-12-17,147.809998
2025-12-18,145.520004
2025-12-19,144.460007
2025-12-22,142.690002
2025-12-23,143.179993
2025-12-24,144.490005
2025-12-26,144.740005
2025-12-29,144.570007
2025-12-30,144.050003
2025-12-31,143.309998
2026-01-02,141.789993
2026-01-05,140.369995
2026-01-06,139.910004
2026-01-07,138.039993
2026-01-08,141.529999
2026-01-09,141.869995
2026-01-12,143.460007
2026-01-13,144.240005
2026-01-14,146.350006
2026-01-15,144.630005
2026-01-16,144.529999
2026-01-20,147.000000
2026-01-21,146.059998
2026-01-22,149.929993
2026-01-23,150.149994
2026-01-26,149.490005
2026-01-27,148.339996
2026-01-28,147.339996
2026-01-29,149.899994
2026-01-30,151.770004
2026-02-02,153.190002
2026-02-03,155.320007
2026-02-04,156.869995
2026-02-05,158.610001
2026-02-06,159.169998
2026-02-09,157.330002
2026-02-10,159.080002
2026-02-11,160.000000
2026-02-12,161.210007
2026-02-13,160.070007
2026-02-17,159.550003
2026-02-18,156.860001
2026-02-19,158.559998
2026-02-20,160.779999
2026-02-23,165.169998
2026-02-24,165.279999
2026-02-25,163.389999
2026-02-26,163.750000
2026-02-27,167.199997
2026-03-02,163.509995
2026-03-03,159.720001
2026-03-04,158.300003
2026-03-05,153.990005
2026-03-06,153.630005
2026-03-09,155.220001
2026-03-10,156.009995
2026-03-11,153.320007
2026-03-12,150.500000
2026-03-13,150.649994
2026-03-16,152.119995
2026-03-17,151.479996
2026-03-18,146.710007
2026-03-19,144.839996
2026-03-20,144.279999
2026-03-23,143.990005
2026-03-24,143.160004
2026-03-25,143.919998
2026-03-26,142.419998
2026-03-27,142.710007
2026-03-30,144.720001
2026-03-31,144.440002
2026-04-01,144.089996
2026-04-02,143.119995
2026-04-06,142.770004
2026-04-07,141.300003
2026-04-08,144.899994
2026-04-09,146.660004
2026-04-10,145.160004
2026-04-13,143.580002
2026-04-14,144.380005
2026-04-15,143.380005
2026-04-16,143.110001
2026-04-17,146.929993
2026-04-20,144.490005
2026-04-21,142.320007
2026-04-22,142.850006
2026-04-23,145.710007
2026-04-24,148.179993
2026-04-27,148.399994
2026-04-28,149.169998
2026-04-29,146.460007
2026-04-30,147.089996
2026-05-01,147.259995
2026-05-04,143.419998
2026-05-05,144.899994
2026-05-06,147.899994
2026-05-07,146.059998
2026-05-08,146.419998
2026-05-11,143.360001
2026-05-12,143.910004
2026-05-13,142.240005
2026-05-14,142.710007
2026-05-15,141.570007
2026-05-18,142.389999
2026-05-19,141.300003
2026-05-20,142.440002
2026-05-21,143.399994
2026-05-22,144.440002
2026-05-26,142.960007
2026-05-27,147.490005
2026-05-28,145.910004
2026-05-29,143.559998
2026-06-01,140.279999
2026-06-02,140.820007
2026-06-03,140.190002
2026-06-04,140.779999
2026-06-05,146.539993
2026-06-08,145.100006
2026-06-09,148.669998
2026-06-10,149.050003
2026-06-11,148.339996
2026-06-12,149.610001
2026-06-15,150.460007
2026-06-16,152.490005
2026-06-17,150.559998
2026-06-18,150.380005
2026-06-22,147.679993
2026-06-23,150.860001
2026-06-24,152.039993
2026-06-25,148.500000
2026-06-26,149.020004
2026-06-29,148.449997
2026-06-30,146.639999
2026-07-01,147.429993
2026-07-02,151.410004
2026-07-06,149.309998
2026-07-07,152.750000
2026-07-08,148.399994
2026-07-09,146.850006
2026-07-10,147.039993
2026-07-13,148.369995
2026-07-14,146.080002
2026-07-15,148.050003
2026-07-16,151.500000
2026-07-17,149.979996
2026-07-20,149.130005
2026-07-21,148.100006
2026-07-22,149.130005
2026-07-23,146.970001
